rater_id,face_id,rating,makeup,skeletal_group,ethnicity,rater_gender,rater_age_group,makeup_frequency,makeup_interest
R0001,F025,4,0,high,Latina,male,40‐49,a few times per year,very interested
R0001,F042,5,0,high,White,male,40‐49,a few times per year,very interested
R0001,F045,4,1,high,White,male,40‐49,a few times per year,very interested
R0001,F059,4,1,low,Latina,male,40‐49,a few times per year,very interested
R0001,F062,5,1,high,Black,male,40‐49,a few times per year,very interested
R0001,F090,2,1,low,Asian American,male,40‐49,a few times per year,very interested
R0001,F095,2,0,low,Asian American,male,40‐49,a few times per year,very interested
R0001,F115,2,0,low,Black,male,40‐49,a few times per year,very interested
R0002,F014,3,0,low,White,female,30‐39,5+ days per week,somewhat interested
R0002,F022,3,0,high,Black,female,30‐39,5+ days per week,somewhat interested
R0002,F048,4,1,low,Black,female,30‐39,5+ days per week,somewhat interested
R0002,F072,4,0,low,Latina,female,30‐39,5+ days per week,somewhat interested
R0002,F073,3,1,low,White,female,30‐39,5+ days per week,somewhat interested
R0002,F083,4,1,high,Asian American,female,30‐39,5+ days per week,somewhat interested
R0002,F087,3,0,high,Asian American,female,30‐39,5+ days per week,somewhat interested
R0002,F089,4,1,high,Latina,female,30‐39,5+ days per week,somewhat interested
R0003,F008,4,0,high,White,male,30‐39,never,somewhat interested
R0003,F011,3,0,low,Latina,male,30‐39,never,somewhat interested
R0003,F037,2,0,high,Black,male,30‐39,never,somewhat interested
R0003,F057,3,0,low,Asian American,male,30‐39,never,somewhat interested
R0003,F067,4,1,high,Asian American,male,30‐39,never,somewhat interested
R0003,F100,2,1,high,Black,male,30‐39,never,somewhat interested
R0003,F103,5,1,low,Latina,male,30‐39,never,somewhat interested
R0003,F107,4,1,low,White,male,30‐39,never,somewhat interested
R0004,F017,3,0,high,Latina,female,30‐39,a few times per year,not very interested
R0004,F049,2,1,high,Black,female,30‐39,a few times per year,not very interested
R0004,F054,2,0,low,Black,female,30‐39,a few times per year,not very interested
R0004,F071,5,0,high,White,female,30‐39,a few times per year,not very interested
R0004,F078,4,1,low,Latina,female,30‐39,a few times per year,not very interested
R0004,F080,6,1,high,White,female,30‐39,a few times per year,not very interested
R0004,F116,4,1,low,Asian American,female,30‐39,a few times per year,not very interested
R0004,F116,4,0,low,Asian American,female,30‐39,a few times per year,not very interested
R0005,F023,2,0,high,Black,female,40‐49,never,somewhat interested
R0005,F053,3,0,low,Latina,female,40‐49,never,somewhat interested
R0005,F060,1,0,low,Asian American,female,40‐49,never,somewhat interested
R0005,F071,4,0,high,White,female,40‐49,never,somewhat interested
R0005,F078,3,1,low,Latina,female,40‐49,never,somewhat interested
R0005,F082,2,1,high,Black,female,40‐49,never,somewhat interested
R0005,F087,3,1,high,Asian American,female,40‐49,never,somewhat interested
R0005,F093,4,1,low,White,female,40‐49,never,somewhat interested
R0006,F019,4,1,low,White,female,40‐49,5+ days per week,very interested
R0006,F021,3,0,low,Latina,female,40‐49,5+ days per week,very interested
R0006,F022,2,0,high,Black,female,40‐49,5+ days per week,very interested
R0006,F034,2,1,high,Asian American,female,40‐49,5+ days per week,very interested
R0006,F068,4,0,high,White,female,40‐49,5+ days per week,very interested
R0006,F098,5,1,high,Black,female,40‐49,5+ days per week,very interested
R0006,F104,3,1,low,Latina,female,40‐49,5+ days per week,very interested
R0006,F116,2,0,low,Asian American,female,40‐49,5+ days per week,very interested
R0007,F010,3,0,low,Asian American,female,20‐29,never,not at all interested
R0007,F021,2,1,low,Latina,female,20‐29,never,not at all interested
R0007,F027,2,1,high,Asian American,female,20‐29,never,not at all interested
R0007,F041,4,0,high,White,female,20‐29,never,not at all interested
R0007,F078,5,0,low,Latina,female,20‐29,never,not at all interested
R0007,F086,4,1,high,Black,female,20‐29,never,not at all interested
R0007,F100,3,0,high,Black,female,20‐29,never,not at all interested
R0007,F112,3,1,low,White,female,20‐29,never,not at all interested
R0008,F001,3,1,high,Asian American,female,40‐49,2-4 days per week,neutral
R0008,F039,4,1,low,White,female,40‐49,2-4 days per week,neutral
R0008,F061,1,0,low,Latina,female,40‐49,2-4 days per week,neutral
R0008,F075,3,1,high,Latina,female,40‐49,2-4 days per week,neutral
R0008,F083,1,0,high,Asian American,female,40‐49,2-4 days per week,neutral
R0008,F088,1,1,low,Black,female,40‐49,2-4 days per week,neutral
R0008,F093,3,0,low,White,female,40‐49,2-4 days per week,neutral
R0008,F100,2,0,high,Black,female,40‐49,2-4 days per week,neutral
R0009,F022,2,1,high,Black,female,40‐49,5+ days per week,somewhat interested
R0009,F045,4,0,high,White,female,40‐49,5+ days per week,somewhat interested
R0009,F056,2,0,high,Latina,female,40‐49,5+ days per week,somewhat interested
R0009,F061,3,1,low,Latina,female,40‐49,5+ days per week,somewhat interested
R0009,F065,5,1,high,White,female,40‐49,5+ days per week,somewhat interested
R0009,F095,2,1,low,Asian American,female,40‐49,5+ days per week,somewhat interested
R0009,F102,2,0,low,Black,female,40‐49,5+ days per week,somewhat interested
R0009,F105,2,0,low,Asian American,female,40‐49,5+ days per week,somewhat interested
R0010,F013,3,0,low,Black,male,30‐39,never,somewhat interested
R0010,F018,3,1,low,Asian American,male,30‐39,never,somewhat interested
R0010,F018,2,0,low,Asian American,male,30‐39,never,somewhat interested
R0010,F036,4,0,high,White,male,30‐39,never,somewhat interested
R0010,F041,3,1,high,White,male,30‐39,never,somewhat interested
R0010,F061,4,1,low,Latina,male,30‐39,never,somewhat interested
R0010,F077,2,1,high,Black,male,30‐39,never,somewhat interested
R0010,F092,4,0,high,Latina,male,30‐39,never,somewhat interested
R0011,F003,4,0,low,White,male,40‐49,never,not at all interested
R0011,F030,4,1,high,Latina,male,40‐49,never,not at all interested
R0011,F043,4,1,low,Black,male,40‐49,never,not at all interested
R0011,F051,3,0,high,Asian American,male,40‐49,never,not at all interested
R0011,F065,4,1,high,White,male,40‐49,never,not at all interested
R0011,F075,5,0,high,Latina,male,40‐49,never,not at all interested
R0011,F097,1,1,low,Asian American,male,40‐49,never,not at all interested
R0011,F106,4,0,low,Black,male,40‐49,never,not at all interested
R0012,F001,3,1,high,Asian American,male,40‐49,never,neutral
R0012,F016,3,0,high,White,male,40‐49,never,neutral
R0012,F033,4,1,high,Black,male,40‐49,never,neutral
R0012,F055,3,1,low,Latina,male,40‐49,never,neutral
R0012,F059,4,0,low,Latina,male,40‐49,never,neutral
R0012,F062,3,0,high,Black,male,40‐49,never,neutral
R0012,F096,3,1,low,White,male,40‐49,never,neutral
R0012,F105,2,0,low,Asian American,male,40‐49,never,neutral
R0013,F012,1,1,high,Latina,male,30‐39,never,somewhat interested
R0013,F046,3,0,low,Black,male,30‐39,never,somewhat interested
R0013,F057,2,1,low,Asian American,male,30‐39,never,somewhat interested
R0013,F067,1,0,high,Asian American,male,30‐39,never,somewhat interested
R0013,F074,2,0,high,Latina,male,30‐39,never,somewhat interested
R0013,F081,3,1,high,White,male,30‐39,never,somewhat interested
R0013,F106,2,1,low,Black,male,30‐39,never,somewhat interested
R0013,F107,4,0,low,White,male,30‐39,never,somewhat interested
R0014,F004,2,0,low,White,female,30‐39,5+ days per week,very interested
R0014,F010,2,1,low,Asian American,female,30‐39,5+ days per week,very interested
R0014,F024,3,0,low,Black,female,30‐39,5+ days per week,very interested
R0014,F034,2,0,high,Asian American,female,30‐39,5+ days per week,very interested
R0014,F040,4,1,low,Black,female,30‐39,5+ days per week,very interested
R0014,F056,4,0,high,Latina,female,30‐39,5+ days per week,very interested
R0014,F089,3,1,high,Latina,female,30‐39,5+ days per week,very interested
R0014,F111,4,1,high,White,female,30‐39,5+ days per week,very interested
R0015,F010,2,0,low,Asian American,male,40‐49,never,neutral
R0015,F023,3,1,high,Black,male,40‐49,never,neutral
R0015,F050,3,0,low,Black,male,40‐49,never,neutral
R0015,F074,3,0,high,Latina,male,40‐49,never,neutral
R0015,F084,4,1,high,White,male,40‐49,never,neutral
R0015,F084,5,0,high,White,male,40‐49,never,neutral
R0015,F097,4,1,low,Asian American,male,40‐49,never,neutral
R0015,F104,4,1,low,Latina,male,40‐49,never,neutral
R0016,F021,4,1,low,Latina,female,30‐39,5+ days per week,very interested
R0016,F032,3,0,high,Latina,female,30‐39,5+ days per week,very interested
R0016,F042,4,1,high,White,female,30‐39,5+ days per week,very interested
R0016,F057,4,1,low,Asian American,female,30‐39,5+ days per week,very interested
R0016,F063,4,1,high,Black,female,30‐39,5+ days per week,very interested
R0016,F080,5,0,high,White,female,30‐39,5+ days per week,very interested
R0016,F088,2,0,low,Black,female,30‐39,5+ days per week,very interested
R0016,F116,2,0,low,Asian American,female,30‐39,5+ days per week,very interested
R0017,F001,3,1,high,Asian American,female,40‐49,1-3 days per month,neutral
R0017,F023,3,1,high,Black,female,40‐49,1-3 days per month,neutral
R0017,F033,3,0,high,Black,female,40‐49,1-3 days per month,neutral
R0017,F038,3,0,low,Latina,female,40‐49,1-3 days per month,neutral
R0017,F045,3,0,high,White,female,40‐49,1-3 days per month,neutral
R0017,F061,3,1,low,Latina,female,40‐49,1-3 days per month,neutral
R0017,F099,3,1,low,White,female,40‐49,1-3 days per month,neutral
R0017,F116,3,0,low,Asian American,female,40‐49,1-3 days per month,neutral
R0018,F006,2,1,high,Asian American,male,50‐59,1-3 days per month,somewhat interested
R0018,F009,3,1,low,White,male,50‐59,1-3 days per month,somewhat interested
R0018,F025,3,1,high,Latina,male,50‐59,1-3 days per month,somewhat interested
R0018,F027,2,0,high,Asian American,male,50‐59,1-3 days per month,somewhat interested
R0018,F053,3,0,low,Latina,male,50‐59,1-3 days per month,somewhat interested
R0018,F069,2,1,low,Black,male,50‐59,1-3 days per month,somewhat interested
R0018,F076,2,0,high,Black,male,50‐59,1-3 days per month,somewhat interested
R0018,F112,3,0,low,White,male,50‐59,1-3 days per month,somewhat interested
R0019,F038,4,1,low,Latina,female,20‐29,5+ days per week,neutral
R0019,F049,3,0,high,Black,female,20‐29,5+ days per week,neutral
R0019,F080,4,0,high,White,female,20‐29,5+ days per week,neutral
R0019,F090,3,0,low,Asian American,female,20‐29,5+ days per week,neutral
R0019,F103,4,0,low,Latina,female,20‐29,5+ days per week,neutral
R0019,F108,4,1,low,White,female,20‐29,5+ days per week,neutral
R0019,F110,4,1,high,Asian American,female,20‐29,5+ days per week,neutral
R0019,F113,4,1,high,Black,female,20‐29,5+ days per week,neutral
R0020,F003,3,1,low,White,female,30‐39,2-4 days per week,neutral
R0020,F005,2,0,high,White,female,30‐39,2-4 days per week,neutral
R0020,F006,4,1,high,Asian American,female,30‐39,2-4 days per week,neutral
R0020,F018,3,0,low,Asian American,female,30‐39,2-4 days per week,neutral
R0020,F063,4,1,high,Black,female,30‐39,2-4 days per week,neutral
R0020,F078,3,1,low,Latina,female,30‐39,2-4 days per week,neutral
R0020,F086,3,0,high,Black,female,30‐39,2-4 days per week,neutral
R0020,F104,2,0,low,Latina,female,30‐39,2-4 days per week,neutral
R0021,F034,3,1,high,Asian American,male,30‐39,a few times per year,somewhat interested
R0021,F034,3,0,high,Asian American,male,30‐39,a few times per year,somewhat interested
R0021,F044,3,1,low,White,male,30‐39,a few times per year,somewhat interested
R0021,F059,4,0,low,Latina,male,30‐39,a few times per year,somewhat interested
R0021,F066,4,0,high,Black,male,30‐39,a few times per year,somewhat interested
R0021,F092,4,1,high,Latina,male,30‐39,a few times per year,somewhat interested
R0021,F099,4,0,low,White,male,30‐39,a few times per year,somewhat interested
R0021,F106,3,1,low,Black,male,30‐39,a few times per year,somewhat interested
R0022,F008,3,1,high,White,male,40‐49,5+ days per week,somewhat interested
R0022,F010,2,1,low,Asian American,male,40‐49,5+ days per week,somewhat interested
R0022,F012,4,0,high,Latina,male,40‐49,5+ days per week,somewhat interested
R0022,F026,3,0,high,White,male,40‐49,5+ days per week,somewhat interested
R0022,F037,2,1,high,Black,male,40‐49,5+ days per week,somewhat interested
R0022,F043,1,0,low,Black,male,40‐49,5+ days per week,somewhat interested
R0022,F090,2,0,low,Asian American,male,40‐49,5+ days per week,somewhat interested
R0022,F103,3,1,low,Latina,male,40‐49,5+ days per week,somewhat interested
R0023,F004,3,0,low,White,female,40‐49,2-4 days per week,somewhat interested
R0023,F017,2,1,high,Latina,female,40‐49,2-4 days per week,somewhat interested
R0023,F019,3,1,low,White,female,40‐49,2-4 days per week,somewhat interested
R0023,F037,3,0,high,Black,female,40‐49,2-4 days per week,somewhat interested
R0023,F038,4,0,low,Latina,female,40‐49,2-4 days per week,somewhat interested
R0023,F110,2,1,high,Asian American,female,40‐49,2-4 days per week,somewhat interested
R0023,F110,2,0,high,Asian American,female,40‐49,2-4 days per week,somewhat interested
R0023,F115,3,1,low,Black,female,40‐49,2-4 days per week,somewhat interested
R0024,F019,3,0,low,White,male,40‐49,never,somewhat interested
R0024,F024,2,1,low,Black,male,40‐49,never,somewhat interested
R0024,F053,3,0,low,Latina,male,40‐49,never,somewhat interested
R0024,F067,2,0,high,Asian American,male,40‐49,never,somewhat interested
R0024,F075,3,1,high,Latina,male,40‐49,never,somewhat interested
R0024,F083,3,1,high,Asian American,male,40‐49,never,somewhat interested
R0024,F086,3,0,high,Black,male,40‐49,never,somewhat interested
R0024,F099,2,1,low,White,male,40‐49,never,somewhat interested
R0025,F032,3,1,high,Latina,male,40‐49,never,not at all interested
R0025,F041,3,1,high,White,male,40‐49,never,not at all interested
R0025,F050,3,0,low,Black,male,40‐49,never,not at all interested
R0025,F051,4,0,high,Asian American,male,40‐49,never,not at all interested
R0025,F074,3,0,high,Latina,male,40‐49,never,not at all interested
R0025,F093,3,0,low,White,male,40‐49,never,not at all interested
R0025,F095,4,1,low,Asian American,male,40‐49,never,not at all interested
R0025,F114,4,1,low,Black,male,40‐49,never,not at all interested
R0026,F010,4,1,low,Asian American,female,50‐59,5+ days per week,not very interested
R0026,F047,5,0,high,White,female,50‐59,5+ days per week,not very interested
R0026,F057,3,0,low,Asian American,female,50‐59,5+ days per week,not very interested
R0026,F070,4,0,low,Black,female,50‐59,5+ days per week,not very interested
R0026,F072,4,1,low,Latina,female,50‐59,5+ days per week,not very interested
R0026,F084,4,1,high,White,female,50‐59,5+ days per week,not very interested
R0026,F089,4,0,high,Latina,female,50‐59,5+ days per week,not very interested
R0026,F100,4,1,high,Black,female,50‐59,5+ days per week,not very interested
R0027,F015,1,0,low,Black,male,60‐69,never,not very interested
R0027,F030,4,0,high,Latina,male,60‐69,never,not very interested
R0027,F033,2,1,high,Black,male,60‐69,never,not very interested
R0027,F047,1,1,high,White,male,60‐69,never,not very interested
R0027,F060,1,1,low,Asian American,male,60‐69,never,not very interested
R0027,F068,2,0,high,White,male,60‐69,never,not very interested
R0027,F072,3,1,low,Latina,male,60‐69,never,not very interested
R0027,F097,2,0,low,Asian American,male,60‐69,never,not very interested
R0028,F035,2,0,low,White,female,30‐39,5+ days per week,neutral
R0028,F060,3,1,low,Asian American,female,30‐39,5+ days per week,neutral
R0028,F065,3,1,high,White,female,30‐39,5+ days per week,neutral
R0028,F074,3,1,high,Latina,female,30‐39,5+ days per week,neutral
R0028,F083,4,0,high,Asian American,female,30‐39,5+ days per week,neutral
R0028,F092,3,0,high,Latina,female,30‐39,5+ days per week,neutral
R0028,F102,2,1,low,Black,female,30‐39,5+ days per week,neutral
R0028,F115,2,0,low,Black,female,30‐39,5+ days per week,neutral
R0029,F038,3,1,low,Latina,male,40‐49,never,not at all interested
R0029,F039,4,1,low,White,male,40‐49,never,not at all interested
R0029,F057,1,0,low,Asian American,male,40‐49,never,not at all interested
R0029,F058,4,1,high,Black,male,40‐49,never,not at all interested
R0029,F065,4,0,high,White,male,40‐49,never,not at all interested
R0029,F072,3,0,low,Latina,male,40‐49,never,not at all interested
R0029,F087,2,1,high,Asian American,male,40‐49,never,not at all interested
R0029,F113,2,0,high,Black,male,40‐49,never,not at all interested
R0030,F001,3,0,high,Asian American,female,70 and above,a few times per year,not very interested
R0030,F009,4,0,low,White,female,70 and above,a few times per year,not very interested
R0030,F014,3,1,low,White,female,70 and above,a few times per year,not very interested
R0030,F040,3,1,low,Black,female,70 and above,a few times per year,not very interested
R0030,F056,3,1,high,Latina,female,70 and above,a few times per year,not very interested
R0030,F059,3,0,low,Latina,female,70 and above,a few times per year,not very interested
R0030,F087,2,1,high,Asian American,female,70 and above,a few times per year,not very interested
R0030,F098,3,0,high,Black,female,70 and above,a few times per year,not very interested
R0031,F002,1,1,high,Latina,female,50‐59,5+ days per week,somewhat interested
R0031,F020,3,0,low,White,female,50‐59,5+ days per week,somewhat interested
R0031,F049,1,0,high,Black,female,50‐59,5+ days per week,somewhat interested
R0031,F051,3,1,high,Asian American,female,50‐59,5+ days per week,somewhat interested
R0031,F051,1,0,high,Asian American,female,50‐59,5+ days per week,somewhat interested
R0031,F091,1,1,low,Black,female,50‐59,5+ days per week,somewhat interested
R0031,F093,1,1,low,White,female,50‐59,5+ days per week,somewhat interested
R0031,F104,2,0,low,Latina,female,50‐59,5+ days per week,somewhat interested
R0032,F017,4,0,high,Latina,female,50‐59,5+ days per week,neutral
R0032,F042,4,1,high,White,female,50‐59,5+ days per week,neutral
R0032,F048,1,1,low,Black,female,50‐59,5+ days per week,neutral
R0032,F057,2,1,low,Asian American,female,50‐59,5+ days per week,neutral
R0032,F075,1,1,high,Latina,female,50‐59,5+ days per week,neutral
R0032,F085,4,0,low,White,female,50‐59,5+ days per week,neutral
R0032,F102,3,0,low,Black,female,50‐59,5+ days per week,neutral
R0032,F110,3,0,high,Asian American,female,50‐59,5+ days per week,neutral
R0033,F010,3,1,low,Asian American,female,30‐39,5+ days per week,not very interested
R0033,F013,4,0,low,Black,female,30‐39,5+ days per week,not very interested
R0033,F017,6,1,high,Latina,female,30‐39,5+ days per week,not very interested
R0033,F032,4,0,high,Latina,female,30‐39,5+ days per week,not very interested
R0033,F071,3,1,high,White,female,30‐39,5+ days per week,not very interested
R0033,F083,1,0,high,Asian American,female,30‐39,5+ days per week,not very interested
R0033,F088,1,1,low,Black,female,30‐39,5+ days per week,not very interested
R0033,F099,1,0,low,White,female,30‐39,5+ days per week,not very interested
R0034,F018,3,0,low,Asian American,male,30‐39,never,not very interested
R0034,F063,2,1,high,Black,male,30‐39,never,not very interested
R0034,F076,3,0,high,Black,male,30‐39,never,not very interested
R0034,F085,2,1,low,White,male,30‐39,never,not very interested
R0034,F103,4,0,low,Latina,male,30‐39,never,not very interested
R0034,F104,3,1,low,Latina,male,30‐39,never,not very interested
R0034,F110,4,1,high,Asian American,male,30‐39,never,not very interested
R0034,F111,5,0,high,White,male,30‐39,never,not very interested
R0035,F001,3,1,high,Asian American,female,20‐29,2-4 days per week,neutral
R0035,F001,3,0,high,Asian American,female,20‐29,2-4 days per week,neutral
R0035,F011,3,0,low,Latina,female,20‐29,2-4 days per week,neutral
R0035,F015,3,1,low,Black,female,20‐29,2-4 days per week,neutral
R0035,F035,4,0,low,White,female,20‐29,2-4 days per week,neutral
R0035,F079,3,1,low,White,female,20‐29,2-4 days per week,neutral
R0035,F082,3,0,high,Black,female,20‐29,2-4 days per week,neutral
R0035,F092,4,1,high,Latina,female,20‐29,2-4 days per week,neutral
R0036,F018,4,1,low,Asian American,female,30‐39,5+ days per week,very interested
R0036,F030,3,0,high,Latina,female,30‐39,5+ days per week,very interested
R0036,F081,4,0,high,White,female,30‐39,5+ days per week,very interested
R0036,F090,2,0,low,Asian American,female,30‐39,5+ days per week,very interested
R0036,F091,2,0,low,Black,female,30‐39,5+ days per week,very interested
R0036,F094,4,1,high,White,female,30‐39,5+ days per week,very interested
R0036,F101,4,1,high,Black,female,30‐39,5+ days per week,very interested
R0036,F103,4,1,low,Latina,female,30‐39,5+ days per week,very interested
R0037,F012,2,0,high,Latina,female,40‐49,5+ days per week,somewhat interested
R0037,F041,2,0,high,White,female,40‐49,5+ days per week,somewhat interested
R0037,F052,2,1,high,White,female,40‐49,5+ days per week,somewhat interested
R0037,F055,3,1,low,Latina,female,40‐49,5+ days per week,somewhat interested
R0037,F058,3,1,high,Black,female,40‐49,5+ days per week,somewhat interested
R0037,F090,2,1,low,Asian American,female,40‐49,5+ days per week,somewhat interested
R0037,F095,1,0,low,Asian American,female,40‐49,5+ days per week,somewhat interested
R0037,F106,3,0,low,Black,female,40‐49,5+ days per week,somewhat interested
R0038,F005,4,0,high,White,female,30‐39,5+ days per week,somewhat interested
R0038,F016,3,1,high,White,female,30‐39,5+ days per week,somewhat interested
R0038,F038,3,1,low,Latina,female,30‐39,5+ days per week,somewhat interested
R0038,F060,2,0,low,Asian American,female,30‐39,5+ days per week,somewhat interested
R0038,F075,4,0,high,Latina,female,30‐39,5+ days per week,somewhat interested
R0038,F105,3,1,low,Asian American,female,30‐39,5+ days per week,somewhat interested
R0038,F109,3,1,high,Black,female,30‐39,5+ days per week,somewhat interested
R0038,F114,3,0,low,Black,female,30‐39,5+ days per week,somewhat interested
R0039,F010,2,0,low,Asian American,male,20‐29,never,not at all interested
R0039,F044,3,1,low,White,male,20‐29,never,not at all interested
R0039,F059,5,1,low,Latina,male,20‐29,never,not at all interested
R0039,F061,3,0,low,Latina,male,20‐29,never,not at all interested
R0039,F083,5,1,high,Asian American,male,20‐29,never,not at all interested
R0039,F084,6,0,high,White,male,20‐29,never,not at all interested
R0039,F098,4,0,high,Black,male,20‐29,never,not at all interested
R0039,F109,2,1,high,Black,male,20‐29,never,not at all interested
R0040,F027,2,0,high,Asian American,male,50‐59,never,not very interested
R0040,F029,2,0,low,White,male,50‐59,never,not very interested
R0040,F045,3,1,high,White,male,50‐59,never,not very interested
R0040,F056,2,1,high,Latina,male,50‐59,never,not very interested
R0040,F070,2,1,low,Black,male,50‐59,never,not very interested
R0040,F070,2,0,low,Black,male,50‐59,never,not very interested
R0040,F089,3,0,high,Latina,male,50‐59,never,not very interested
R0040,F097,2,1,low,Asian American,male,50‐59,never,not very interested
R0041,F006,4,0,high,Asian American,male,60‐69,never,not very interested
R0041,F019,4,1,low,White,male,60‐69,never,not very interested
R0041,F054,2,1,low,Black,male,60‐69,never,not very interested
R0041,F056,4,1,high,Latina,male,60‐69,never,not very interested
R0041,F078,3,0,low,Latina,male,60‐69,never,not very interested
R0041,F087,4,1,high,Asian American,male,60‐69,never,not very interested
R0041,F096,4,0,low,White,male,60‐69,never,not very interested
R0041,F109,3,0,high,Black,male,60‐69,never,not very interested
R0042,F004,2,1,low,White,male,30‐39,never,not very interested
R0042,F010,3,0,low,Asian American,male,30‐39,never,not very interested
R0042,F011,4,0,low,Latina,male,30‐39,never,not very interested
R0042,F021,3,1,low,Latina,male,30‐39,never,not very interested
R0042,F034,3,1,high,Asian American,male,30‐39,never,not very interested
R0042,F037,4,0,high,Black,male,30‐39,never,not very interested
R0042,F062,3,1,high,Black,male,30‐39,never,not very interested
R0042,F064,2,0,high,White,male,30‐39,never,not very interested
R0043,F006,3,1,high,Asian American,male,50‐59,never,not at all interested
R0043,F028,1,0,high,White,male,50‐59,never,not at all interested
R0043,F031,1,0,high,Black,male,50‐59,never,not at all interested
R0043,F049,2,1,high,Black,male,50‐59,never,not at all interested
R0043,F072,4,0,low,Latina,male,50‐59,never,not at all interested
R0043,F072,3,1,low,Latina,male,50‐59,never,not at all interested
R0043,F079,2,1,low,White,male,50‐59,never,not at all interested
R0043,F090,1,0,low,Asian American,male,50‐59,never,not at all interested
R0044,F029,5,1,low,White,male,40‐49,never,not at all interested
R0044,F037,3,1,high,Black,male,40‐49,never,not at all interested
R0044,F059,4,0,low,Latina,male,40‐49,never,not at all interested
R0044,F060,2,0,low,Asian American,male,40‐49,never,not at all interested
R0044,F067,4,1,high,Asian American,male,40‐49,never,not at all interested
R0044,F094,4,0,high,White,male,40‐49,never,not at all interested
R0044,F103,3,1,low,Latina,male,40‐49,never,not at all interested
R0044,F109,3,0,high,Black,male,40‐49,never,not at all interested
R0045,F003,4,0,low,White,male,60‐69,never,not at all interested
R0045,F004,3,1,low,White,male,60‐69,never,not at all interested
R0045,F012,4,1,high,Latina,male,60‐69,never,not at all interested
R0045,F027,3,1,high,Asian American,male,60‐69,never,not at all interested
R0045,F034,2,0,high,Asian American,male,60‐69,never,not at all interested
R0045,F063,2,0,high,Black,male,60‐69,never,not at all interested
R0045,F103,4,0,low,Latina,male,60‐69,never,not at all interested
R0045,F114,2,1,low,Black,male,60‐69,never,not at all interested
R0046,F022,3,1,high,Black,female,30‐39,5+ days per week,not very interested
R0046,F038,2,0,low,Latina,female,30‐39,5+ days per week,not very interested
R0046,F044,2,1,low,White,female,30‐39,5+ days per week,not very interested
R0046,F047,5,0,high,White,female,30‐39,5+ days per week,not very interested
R0046,F053,4,1,low,Latina,female,30‐39,5+ days per week,not very interested
R0046,F060,1,0,low,Asian American,female,30‐39,5+ days per week,not very interested
R0046,F067,4,1,high,Asian American,female,30‐39,5+ days per week,not very interested
R0046,F082,3,0,high,Black,female,30‐39,5+ days per week,not very interested
R0047,F007,3,1,low,Black,female,30‐39,2-4 days per week,very interested
R0047,F009,2,0,low,White,female,30‐39,2-4 days per week,very interested
R0047,F018,2,1,low,Asian American,female,30‐39,2-4 days per week,very interested
R0047,F030,3,0,high,Latina,female,30‐39,2-4 days per week,very interested
R0047,F034,2,0,high,Asian American,female,30‐39,2-4 days per week,very interested
R0047,F054,1,0,low,Black,female,30‐39,2-4 days per week,very interested
R0047,F064,2,1,high,White,female,30‐39,2-4 days per week,very interested
R0047,F075,2,1,high,Latina,female,30‐39,2-4 days per week,very interested
R0048,F020,3,1,low,White,female,50‐59,5+ days per week,somewhat interested
R0048,F020,3,0,low,White,female,50‐59,5+ days per week,somewhat interested
R0048,F027,3,0,high,Asian American,female,50‐59,5+ days per week,somewhat interested
R0048,F032,3,1,high,Latina,female,50‐59,5+ days per week,somewhat interested
R0048,F051,3,1,high,Asian American,female,50‐59,5+ days per week,somewhat interested
R0048,F062,3,0,high,Black,female,50‐59,5+ days per week,somewhat interested
R0048,F070,4,1,low,Black,female,50‐59,5+ days per week,somewhat interested
R0048,F104,4,0,low,Latina,female,50‐59,5+ days per week,somewhat interested
R0049,F015,2,0,low,Black,female,40‐49,5+ days per week,somewhat interested
R0049,F036,4,1,high,White,female,40‐49,5+ days per week,somewhat interested
R0049,F068,2,0,high,White,female,40‐49,5+ days per week,somewhat interested
R0049,F074,4,0,high,Latina,female,40‐49,5+ days per week,somewhat interested
R0049,F095,2,1,low,Asian American,female,40‐49,5+ days per week,somewhat interested
R0049,F095,2,0,low,Asian American,female,40‐49,5+ days per week,somewhat interested
R0049,F098,4,1,high,Black,female,40‐49,5+ days per week,somewhat interested
R0049,F103,4,1,low,Latina,female,40‐49,5+ days per week,somewhat interested
R0050,F029,2,0,low,White,female,50‐59,5+ days per week,not very interested
R0050,F043,3,1,low,Black,female,50‐59,5+ days per week,not very interested
R0050,F061,3,0,low,Latina,female,50‐59,5+ days per week,not very interested
R0050,F083,2,0,high,Asian American,female,50‐59,5+ days per week,not very interested
R0050,F085,4,1,low,White,female,50‐59,5+ days per week,not very interested
R0050,F089,3,1,high,Latina,female,50‐59,5+ days per week,not very interested
R0050,F101,3,0,high,Black,female,50‐59,5+ days per week,not very interested
R0050,F110,5,1,high,Asian American,female,50‐59,5+ days per week,not very interested
R0051,F001,2,0,high,Asian American,female,30‐39,5+ days per week,neutral
R0051,F003,3,0,low,White,female,30‐39,5+ days per week,neutral
R0051,F014,4,1,low,White,female,30‐39,5+ days per week,neutral
R0051,F021,3,0,low,Latina,female,30‐39,5+ days per week,neutral
R0051,F024,3,1,low,Black,female,30‐39,5+ days per week,neutral
R0051,F031,3,0,high,Black,female,30‐39,5+ days per week,neutral
R0051,F067,4,1,high,Asian American,female,30‐39,5+ days per week,neutral
R0051,F074,4,1,high,Latina,female,30‐39,5+ days per week,neutral
R0052,F006,3,1,high,Asian American,male,30‐39,never,somewhat interested
R0052,F061,2,0,low,Latina,male,30‐39,never,somewhat interested
R0052,F083,4,0,high,Asian American,male,30‐39,never,somewhat interested
R0052,F088,2,1,low,Black,male,30‐39,never,somewhat interested
R0052,F089,2,1,high,Latina,male,30‐39,never,somewhat interested
R0052,F101,4,0,high,Black,male,30‐39,never,somewhat interested
R0052,F107,4,1,low,White,male,30‐39,never,somewhat interested
R0052,F107,2,0,low,White,male,30‐39,never,somewhat interested
R0053,F002,1,0,high,Latina,male,50‐59,never,somewhat interested
R0053,F048,1,1,low,Black,male,50‐59,never,somewhat interested
R0053,F048,1,0,low,Black,male,50‐59,never,somewhat interested
R0053,F051,1,0,high,Asian American,male,50‐59,never,somewhat interested
R0053,F064,2,1,high,White,male,50‐59,never,somewhat interested
R0053,F092,1,1,high,Latina,male,50‐59,never,somewhat interested
R0053,F097,1,1,low,Asian American,male,50‐59,never,somewhat interested
R0053,F108,1,0,low,White,male,50‐59,never,somewhat interested
R0054,F010,3,1,low,Asian American,female,50‐59,5+ days per week,not very interested
R0054,F028,3,0,high,White,female,50‐59,5+ days per week,not very interested
R0054,F048,3,0,low,Black,female,50‐59,5+ days per week,not very interested
R0054,F057,4,0,low,Asian American,female,50‐59,5+ days per week,not very interested
R0054,F059,4,1,low,Latina,female,50‐59,5+ days per week,not very interested
R0054,F086,4,1,high,Black,female,50‐59,5+ days per week,not very interested
R0054,F092,4,0,high,Latina,female,50‐59,5+ days per week,not very interested
R0054,F111,5,1,high,White,female,50‐59,5+ days per week,not very interested
R0055,F001,3,1,high,Asian American,male,40‐49,a few times per year,neutral
R0055,F017,3,1,high,Latina,male,40‐49,a few times per year,neutral
R0055,F023,3,0,high,Black,male,40‐49,a few times per year,neutral
R0055,F051,3,0,high,Asian American,male,40‐49,a few times per year,neutral
R0055,F055,3,0,low,Latina,male,40‐49,a few times per year,neutral
R0055,F070,3,1,low,Black,male,40‐49,a few times per year,neutral
R0055,F085,3,0,low,White,male,40‐49,a few times per year,neutral
R0055,F096,3,1,low,White,male,40‐49,a few times per year,neutral
R0056,F001,4,0,high,Asian American,male,40‐49,never,somewhat interested
R0056,F012,5,0,high,Latina,male,40‐49,never,somewhat interested
R0056,F025,5,1,high,Latina,male,40‐49,never,somewhat interested
R0056,F048,2,0,low,Black,male,40‐49,never,somewhat interested
R0056,F050,3,1,low,Black,male,40‐49,never,somewhat interested
R0056,F094,3,1,high,White,male,40‐49,never,somewhat interested
R0056,F095,2,1,low,Asian American,male,40‐49,never,somewhat interested
R0056,F112,3,0,low,White,male,40‐49,never,somewhat interested
R0057,F008,5,1,high,White,female,50‐59,5+ days per week,not very interested
R0057,F012,4,1,high,Latina,female,50‐59,5+ days per week,not very interested
R0057,F034,3,0,high,Asian American,female,50‐59,5+ days per week,not very interested
R0057,F056,3,0,high,Latina,female,50‐59,5+ days per week,not very interested
R0057,F069,2,1,low,Black,female,50‐59,5+ days per week,not very interested
R0057,F090,3,1,low,Asian American,female,50‐59,5+ days per week,not very interested
R0057,F112,3,0,low,White,female,50‐59,5+ days per week,not very interested
R0057,F114,2,0,low,Black,female,50‐59,5+ days per week,not very interested
R0058,F021,1,1,low,Latina,male,40‐49,never,not at all interested
R0058,F035,2,1,low,White,male,40‐49,never,not at all interested
R0058,F047,2,0,high,White,male,40‐49,never,not at all interested
R0058,F055,1,0,low,Latina,male,40‐49,never,not at all interested
R0058,F083,4,1,high,Asian American,male,40‐49,never,not at all interested
R0058,F095,1,0,low,Asian American,male,40‐49,never,not at all interested
R0058,F100,1,1,high,Black,male,40‐49,never,not at all interested
R0058,F109,2,0,high,Black,male,40‐49,never,not at all interested
R0059,F010,3,0,low,Asian American,male,30‐39,never,somewhat interested
R0059,F021,2,1,low,Latina,male,30‐39,never,somewhat interested
R0059,F060,2,1,low,Asian American,male,30‐39,never,somewhat interested
R0059,F070,4,0,low,Black,male,30‐39,never,somewhat interested
R0059,F075,4,0,high,Latina,male,30‐39,never,somewhat interested
R0059,F076,3,1,high,Black,male,30‐39,never,somewhat interested
R0059,F111,4,1,high,White,male,30‐39,never,somewhat interested
R0059,F111,3,0,high,White,male,30‐39,never,somewhat interested
R0060,F001,2,0,high,Asian American,male,30‐39,never,not very interested
R0060,F003,3,0,low,White,male,30‐39,never,not very interested
R0060,F008,2,1,high,White,male,30‐39,never,not very interested
R0060,F025,3,0,high,Latina,male,30‐39,never,not very interested
R0060,F030,2,1,high,Latina,male,30‐39,never,not very interested
R0060,F054,1,1,low,Black,male,30‐39,never,not very interested
R0060,F057,1,1,low,Asian American,male,30‐39,never,not very interested
R0060,F115,2,0,low,Black,male,30‐39,never,not very interested
R0061,F004,2,0,low,White,female,40‐49,2-4 days per week,somewhat interested
R0061,F016,1,1,high,White,female,40‐49,2-4 days per week,somewhat interested
R0061,F040,1,0,low,Black,female,40‐49,2-4 days per week,somewhat interested
R0061,F057,1,1,low,Asian American,female,40‐49,2-4 days per week,somewhat interested
R0061,F074,1,1,high,Latina,female,40‐49,2-4 days per week,somewhat interested
R0061,F087,1,0,high,Asian American,female,40‐49,2-4 days per week,somewhat interested
R0061,F089,2,0,high,Latina,female,40‐49,2-4 days per week,somewhat interested
R0061,F114,1,1,low,Black,female,40‐49,2-4 days per week,somewhat interested
R0062,F012,4,0,high,Latina,female,30‐39,5+ days per week,somewhat interested
R0062,F018,3,1,low,Asian American,female,30‐39,5+ days per week,somewhat interested
R0062,F038,4,1,low,Latina,female,30‐39,5+ days per week,somewhat interested
R0062,F046,2,0,low,Black,female,30‐39,5+ days per week,somewhat interested
R0062,F071,4,1,high,White,female,30‐39,5+ days per week,somewhat interested
R0062,F071,5,0,high,White,female,30‐39,5+ days per week,somewhat interested
R0062,F082,4,1,high,Black,female,30‐39,5+ days per week,somewhat interested
R0062,F116,1,0,low,Asian American,female,30‐39,5+ days per week,somewhat interested
R0063,F021,2,0,low,Latina,male,60‐69,never,not at all interested
R0063,F041,3,0,high,White,male,60‐69,never,not at all interested
R0063,F051,3,1,high,Asian American,male,60‐69,never,not at all interested
R0063,F058,4,0,high,Black,male,60‐69,never,not at all interested
R0063,F090,3,0,low,Asian American,male,60‐69,never,not at all interested
R0063,F096,3,1,low,White,male,60‐69,never,not at all interested
R0063,F104,2,1,low,Latina,male,60‐69,never,not at all interested
R0063,F109,4,1,high,Black,male,60‐69,never,not at all interested
R0064,F034,3,1,high,Asian American,female,30‐39,5+ days per week,somewhat interested
R0064,F049,2,0,high,Black,female,30‐39,5+ days per week,somewhat interested
R0064,F049,2,1,high,Black,female,30‐39,5+ days per week,somewhat interested
R0064,F072,4,0,low,Latina,female,30‐39,5+ days per week,somewhat interested
R0064,F073,5,1,low,White,female,30‐39,5+ days per week,somewhat interested
R0064,F078,4,1,low,Latina,female,30‐39,5+ days per week,somewhat interested
R0064,F094,4,0,high,White,female,30‐39,5+ days per week,somewhat interested
R0064,F116,2,0,low,Asian American,female,30‐39,5+ days per week,somewhat interested
R0065,F002,3,1,high,Latina,female,40‐49,2-4 days per week,somewhat interested
R0065,F018,5,1,low,Asian American,female,40‐49,2-4 days per week,somewhat interested
R0065,F024,3,1,low,Black,female,40‐49,2-4 days per week,somewhat interested
R0065,F030,5,0,high,Latina,female,40‐49,2-4 days per week,somewhat interested
R0065,F079,4,0,low,White,female,40‐49,2-4 days per week,somewhat interested
R0065,F110,2,0,high,Asian American,female,40‐49,2-4 days per week,somewhat interested
R0065,F111,6,1,high,White,female,40‐49,2-4 days per week,somewhat interested
R0065,F114,4,0,low,Black,female,40‐49,2-4 days per week,somewhat interested
R0066,F001,4,1,high,Asian American,female,40‐49,about once per week,not at all interested
R0066,F011,2,1,low,Latina,female,40‐49,about once per week,not at all interested
R0066,F023,3,1,high,Black,female,40‐49,about once per week,not at all interested
R0066,F042,3,0,high,White,female,40‐49,about once per week,not at all interested
R0066,F059,5,0,low,Latina,female,40‐49,about once per week,not at all interested
R0066,F077,5,0,high,Black,female,40‐49,about once per week,not at all interested
R0066,F108,4,1,low,White,female,40‐49,about once per week,not at all interested
R0066,F116,3,0,low,Asian American,female,40‐49,about once per week,not at all interested
R0067,F012,3,1,high,Latina,male,50‐59,never,not very interested
R0067,F014,4,0,low,White,male,50‐59,never,not very interested
R0067,F068,4,1,high,White,male,50‐59,never,not very interested
R0067,F075,4,0,high,Latina,male,50‐59,never,not very interested
R0067,F083,5,0,high,Asian American,male,50‐59,never,not very interested
R0067,F106,3,0,low,Black,male,50‐59,never,not very interested
R0067,F115,3,1,low,Black,male,50‐59,never,not very interested
R0067,F116,2,1,low,Asian American,male,50‐59,never,not very interested
R0068,F008,3,0,high,White,male,50‐59,never,not at all interested
R0068,F009,6,1,low,White,male,50‐59,never,not at all interested
R0068,F018,3,0,low,Asian American,male,50‐59,never,not at all interested
R0068,F038,5,0,low,Latina,male,50‐59,never,not at all interested
R0068,F038,4,1,low,Latina,male,50‐59,never,not at all interested
R0068,F062,2,1,high,Black,male,50‐59,never,not at all interested
R0068,F087,2,1,high,Asian American,male,50‐59,never,not at all interested
R0068,F100,1,0,high,Black,male,50‐59,never,not at all interested
R0069,F019,3,1,low,White,female,30‐39,5+ days per week,very interested
R0069,F038,5,0,low,Latina,female,30‐39,5+ days per week,very interested
R0069,F052,4,0,high,White,female,30‐39,5+ days per week,very interested
R0069,F058,3,1,high,Black,female,30‐39,5+ days per week,very interested
R0069,F062,4,0,high,Black,female,30‐39,5+ days per week,very interested
R0069,F067,4,1,high,Asian American,female,30‐39,5+ days per week,very interested
R0069,F072,3,1,low,Latina,female,30‐39,5+ days per week,very interested
R0069,F105,3,0,low,Asian American,female,30‐39,5+ days per week,very interested
R0070,F002,1,1,high,Latina,male,40‐49,never,not very interested
R0070,F034,2,1,high,Asian American,male,40‐49,never,not very interested
R0070,F066,2,0,high,Black,male,40‐49,never,not very interested
R0070,F069,2,1,low,Black,male,40‐49,never,not very interested
R0070,F072,2,0,low,Latina,male,40‐49,never,not very interested
R0070,F087,2,0,high,Asian American,male,40‐49,never,not very interested
R0070,F107,2,0,low,White,male,40‐49,never,not very interested
R0070,F108,3,1,low,White,male,40‐49,never,not very interested
R0071,F007,4,0,low,Black,male,60‐69,never,not at all interested
R0071,F008,5,1,high,White,male,60‐69,never,not at all interested
R0071,F017,1,0,high,Latina,male,60‐69,never,not at all interested
R0071,F052,1,0,high,White,male,60‐69,never,not at all interested
R0071,F059,5,1,low,Latina,male,60‐69,never,not at all interested
R0071,F060,1,0,low,Asian American,male,60‐69,never,not at all interested
R0071,F077,2,1,high,Black,male,60‐69,never,not at all interested
R0071,F097,2,1,low,Asian American,male,60‐69,never,not at all interested
R0072,F002,2,1,high,Latina,male,30‐39,never,neutral
R0072,F007,3,0,low,Black,male,30‐39,never,neutral
R0072,F020,4,0,low,White,male,30‐39,never,neutral
R0072,F028,3,1,high,White,male,30‐39,never,neutral
R0072,F067,4,0,high,Asian American,male,30‐39,never,neutral
R0072,F070,5,1,low,Black,male,30‐39,never,neutral
R0072,F089,4,0,high,Latina,male,30‐39,never,neutral
R0072,F116,2,1,low,Asian American,male,30‐39,never,neutral
R0073,F027,2,0,high,Asian American,male,40‐49,never,somewhat interested
R0073,F071,4,1,high,White,male,40‐49,never,somewhat interested
R0073,F074,5,1,high,Latina,male,40‐49,never,somewhat interested
R0073,F075,4,0,high,Latina,male,40‐49,never,somewhat interested
R0073,F088,4,0,low,Black,male,40‐49,never,somewhat interested
R0073,F097,4,1,low,Asian American,male,40‐49,never,somewhat interested
R0073,F102,3,1,low,Black,male,40‐49,never,somewhat interested
R0073,F112,5,0,low,White,male,40‐49,never,somewhat interested
R0074,F016,6,1,high,White,male,30‐39,never,not at all interested
R0074,F018,4,1,low,Asian American,male,30‐39,never,not at all interested
R0074,F019,3,0,low,White,male,30‐39,never,not at all interested
R0074,F032,5,1,high,Latina,male,30‐39,never,not at all interested
R0074,F050,1,1,low,Black,male,30‐39,never,not at all interested
R0074,F056,5,0,high,Latina,male,30‐39,never,not at all interested
R0074,F067,2,0,high,Asian American,male,30‐39,never,not at all interested
R0074,F069,3,0,low,Black,male,30‐39,never,not at all interested
R0075,F020,4,1,low,White,male,30‐39,never,not very interested
R0075,F023,2,0,high,Black,male,30‐39,never,not very interested
R0075,F032,1,1,high,Latina,male,30‐39,never,not very interested
R0075,F067,4,0,high,Asian American,male,30‐39,never,not very interested
R0075,F078,3,0,low,Latina,male,30‐39,never,not very interested
R0075,F079,5,0,low,White,male,30‐39,never,not very interested
R0075,F083,5,1,high,Asian American,male,30‐39,never,not very interested
R0075,F106,3,1,low,Black,male,30‐39,never,not very interested
R0076,F005,4,0,high,White,female,60‐69,about once per week,not very interested
R0076,F011,3,0,low,Latina,female,60‐69,about once per week,not very interested
R0076,F011,3,1,low,Latina,female,60‐69,about once per week,not very interested
R0076,F022,2,1,high,Black,female,60‐69,about once per week,not very interested
R0076,F051,5,1,high,Asian American,female,60‐69,about once per week,not very interested
R0076,F097,5,0,low,Asian American,female,60‐69,about once per week,not very interested
R0076,F107,4,1,low,White,female,60‐69,about once per week,not very interested
R0076,F113,4,0,high,Black,female,60‐69,about once per week,not very interested
R0077,F004,4,1,low,White,male,30‐39,never,not at all interested
R0077,F046,1,1,low,Black,male,30‐39,never,not at all interested
R0077,F056,4,1,high,Latina,male,30‐39,never,not at all interested
R0077,F072,4,0,low,Latina,male,30‐39,never,not at all interested
R0077,F082,2,0,high,Black,male,30‐39,never,not at all interested
R0077,F087,2,1,high,Asian American,male,30‐39,never,not at all interested
R0077,F099,3,0,low,White,male,30‐39,never,not at all interested
R0077,F110,3,0,high,Asian American,male,30‐39,never,not at all interested
R0078,F006,2,0,high,Asian American,female,50‐59,5+ days per week,somewhat interested
R0078,F017,3,1,high,Latina,female,50‐59,5+ days per week,somewhat interested
R0078,F042,4,1,high,White,female,50‐59,5+ days per week,somewhat interested
R0078,F043,2,0,low,Black,female,50‐59,5+ days per week,somewhat interested
R0078,F091,2,1,low,Black,female,50‐59,5+ days per week,somewhat interested
R0078,F092,2,0,high,Latina,female,50‐59,5+ days per week,somewhat interested
R0078,F099,2,0,low,White,female,50‐59,5+ days per week,somewhat interested
R0078,F105,2,1,low,Asian American,female,50‐59,5+ days per week,somewhat interested
R0079,F014,3,1,low,White,female,40‐49,a few times per year,not at all interested
R0079,F023,3,0,high,Black,female,40‐49,a few times per year,not at all interested
R0079,F028,3,0,high,White,female,40‐49,a few times per year,not at all interested
R0079,F034,3,1,high,Asian American,female,40‐49,a few times per year,not at all interested
R0079,F053,4,0,low,Latina,female,40‐49,a few times per year,not at all interested
R0079,F053,4,1,low,Latina,female,40‐49,a few times per year,not at all interested
R0079,F086,4,1,high,Black,female,40‐49,a few times per year,not at all interested
R0079,F095,3,0,low,Asian American,female,40‐49,a few times per year,not at all interested
R0080,F006,2,1,high,Asian American,female,50‐59,2-4 days per week,neutral
R0080,F067,3,0,high,Asian American,female,50‐59,2-4 days per week,neutral
R0080,F074,2,1,high,Latina,female,50‐59,2-4 days per week,neutral
R0080,F078,2,0,low,Latina,female,50‐59,2-4 days per week,neutral
R0080,F085,2,1,low,White,female,50‐59,2-4 days per week,neutral
R0080,F102,2,1,low,Black,female,50‐59,2-4 days per week,neutral
R0080,F108,2,0,low,White,female,50‐59,2-4 days per week,neutral
R0080,F109,2,0,high,Black,female,50‐59,2-4 days per week,neutral
R0081,F009,3,1,low,White,male,50‐59,never,not very interested
R0081,F017,4,1,high,Latina,male,50‐59,never,not very interested
R0081,F053,4,0,low,Latina,male,50‐59,never,not very interested
R0081,F083,5,0,high,Asian American,male,50‐59,never,not very interested
R0081,F096,2,0,low,White,male,50‐59,never,not very interested
R0081,F100,2,0,high,Black,male,50‐59,never,not very interested
R0081,F110,3,1,high,Asian American,male,50‐59,never,not very interested
R0081,F115,3,1,low,Black,male,50‐59,never,not very interested
R0082,F006,3,1,high,Asian American,male,60‐69,never,not at all interested
R0082,F033,6,1,high,Black,male,60‐69,never,not at all interested
R0082,F039,5,1,low,White,male,60‐69,never,not at all interested
R0082,F055,3,1,low,Latina,male,60‐69,never,not at all interested
R0082,F061,3,0,low,Latina,male,60‐69,never,not at all interested
R0082,F063,5,0,high,Black,male,60‐69,never,not at all interested
R0082,F064,4,0,high,White,male,60‐69,never,not at all interested
R0082,F090,3,0,low,Asian American,male,60‐69,never,not at all interested
R0083,F011,3,1,low,Latina,female,30‐39,5+ days per week,somewhat interested
R0083,F045,5,1,high,White,female,30‐39,5+ days per week,somewhat interested
R0083,F060,2,1,low,Asian American,female,30‐39,5+ days per week,somewhat interested
R0083,F060,2,0,low,Asian American,female,30‐39,5+ days per week,somewhat interested
R0083,F069,1,0,low,Black,female,30‐39,5+ days per week,somewhat interested
R0083,F074,3,0,high,Latina,female,30‐39,5+ days per week,somewhat interested
R0083,F084,5,0,high,White,female,30‐39,5+ days per week,somewhat interested
R0083,F113,2,1,high,Black,female,30‐39,5+ days per week,somewhat interested
R0084,F010,3,1,low,Asian American,female,40‐49,2-4 days per week,not very interested
R0084,F030,4,0,high,Latina,female,40‐49,2-4 days per week,not very interested
R0084,F061,4,1,low,Latina,female,40‐49,2-4 days per week,not very interested
R0084,F063,3,1,high,Black,female,40‐49,2-4 days per week,not very interested
R0084,F064,4,1,high,White,female,40‐49,2-4 days per week,not very interested
R0084,F064,4,0,high,White,female,40‐49,2-4 days per week,not very interested
R0084,F090,4,0,low,Asian American,female,40‐49,2-4 days per week,not very interested
R0084,F106,4,0,low,Black,female,40‐49,2-4 days per week,not very interested
R0085,F007,3,1,low,Black,male,30‐39,never,not very interested
R0085,F025,3,1,high,Latina,male,30‐39,never,not very interested
R0085,F030,2,0,high,Latina,male,30‐39,never,not very interested
R0085,F050,2,0,low,Black,male,30‐39,never,not very interested
R0085,F051,4,0,high,Asian American,male,30‐39,never,not very interested
R0085,F084,4,1,high,White,male,30‐39,never,not very interested
R0085,F085,2,0,low,White,male,30‐39,never,not very interested
R0085,F095,1,1,low,Asian American,male,30‐39,never,not very interested
R0086,F057,1,0,low,Asian American,male,30‐39,a few times per year,neutral
R0086,F061,4,1,low,Latina,male,30‐39,a few times per year,neutral
R0086,F066,2,0,high,Black,male,30‐39,a few times per year,neutral
R0086,F083,3,1,high,Asian American,male,30‐39,a few times per year,neutral
R0086,F085,2,1,low,White,male,30‐39,a few times per year,neutral
R0086,F104,2,0,low,Latina,male,30‐39,a few times per year,neutral
R0086,F111,4,0,high,White,male,30‐39,a few times per year,neutral
R0086,F113,2,1,high,Black,male,30‐39,a few times per year,neutral
R0087,F013,3,0,low,Black,female,30‐39,5+ days per week,not very interested
R0087,F025,3,0,high,Latina,female,30‐39,5+ days per week,not very interested
R0087,F033,4,1,high,Black,female,30‐39,5+ days per week,not very interested
R0087,F052,4,1,high,White,female,30‐39,5+ days per week,not very interested
R0087,F053,2,1,low,Latina,female,30‐39,5+ days per week,not very interested
R0087,F057,3,1,low,Asian American,female,30‐39,5+ days per week,not very interested
R0087,F094,3,0,high,White,female,30‐39,5+ days per week,not very interested
R0087,F097,3,0,low,Asian American,female,30‐39,5+ days per week,not very interested
R0088,F015,3,1,low,Black,female,40‐49,2-4 days per week,not very interested
R0088,F027,3,0,high,Asian American,female,40‐49,2-4 days per week,not very interested
R0088,F032,4,1,high,Latina,female,40‐49,2-4 days per week,not very interested
R0088,F039,4,0,low,White,female,40‐49,2-4 days per week,not very interested
R0088,F047,4,1,high,White,female,40‐49,2-4 days per week,not very interested
R0088,F070,4,0,low,Black,female,40‐49,2-4 days per week,not very interested
R0088,F074,3,0,high,Latina,female,40‐49,2-4 days per week,not very interested
R0088,F095,3,1,low,Asian American,female,40‐49,2-4 days per week,not very interested
R0089,F060,2,0,low,Asian American,female,50‐59,2-4 days per week,somewhat interested
R0089,F061,2,1,low,Latina,female,50‐59,2-4 days per week,somewhat interested
R0089,F068,2,0,high,White,female,50‐59,2-4 days per week,somewhat interested
R0089,F082,4,1,high,Black,female,50‐59,2-4 days per week,somewhat interested
R0089,F087,3,1,high,Asian American,female,50‐59,2-4 days per week,somewhat interested
R0089,F098,3,0,high,Black,female,50‐59,2-4 days per week,somewhat interested
R0089,F099,1,1,low,White,female,50‐59,2-4 days per week,somewhat interested
R0089,F103,4,0,low,Latina,female,50‐59,2-4 days per week,somewhat interested
R0090,F027,2,1,high,Asian American,male,50‐59,a few times per year,neutral
R0090,F045,4,0,high,White,male,50‐59,a few times per year,neutral
R0090,F055,3,0,low,Latina,male,50‐59,a few times per year,neutral
R0090,F076,3,0,high,Black,male,50‐59,a few times per year,neutral
R0090,F079,4,1,low,White,male,50‐59,a few times per year,neutral
R0090,F098,3,1,high,Black,male,50‐59,a few times per year,neutral
R0090,F103,3,1,low,Latina,male,50‐59,a few times per year,neutral
R0090,F105,2,0,low,Asian American,male,50‐59,a few times per year,neutral
R0091,F005,4,1,high,White,female,50‐59,2-4 days per week,not very interested
R0091,F013,4,0,low,Black,female,50‐59,2-4 days per week,not very interested
R0091,F055,3,1,low,Latina,female,50‐59,2-4 days per week,not very interested
R0091,F089,4,0,high,Latina,female,50‐59,2-4 days per week,not very interested
R0091,F100,3,1,high,Black,female,50‐59,2-4 days per week,not very interested
R0091,F111,4,0,high,White,female,50‐59,2-4 days per week,not very interested
R0091,F116,4,1,low,Asian American,female,50‐59,2-4 days per week,not very interested
R0091,F116,3,0,low,Asian American,female,50‐59,2-4 days per week,not very interested
R0092,F013,4,1,low,Black,female,50‐59,2-4 days per week,not very interested
R0092,F026,4,1,high,White,female,50‐59,2-4 days per week,not very interested
R0092,F032,4,0,high,Latina,female,50‐59,2-4 days per week,not very interested
R0092,F067,3,0,high,Asian American,female,50‐59,2-4 days per week,not very interested
R0092,F073,4,0,low,White,female,50‐59,2-4 days per week,not very interested
R0092,F089,3,1,high,Latina,female,50‐59,2-4 days per week,not very interested
R0092,F090,3,1,low,Asian American,female,50‐59,2-4 days per week,not very interested
R0092,F102,4,0,low,Black,female,50‐59,2-4 days per week,not very interested
R0093,F017,2,0,high,Latina,female,50‐59,5+ days per week,somewhat interested
R0093,F018,2,1,low,Asian American,female,50‐59,5+ days per week,somewhat interested
R0093,F024,2,1,low,Black,female,50‐59,5+ days per week,somewhat interested
R0093,F035,2,0,low,White,female,50‐59,5+ days per week,somewhat interested
R0093,F069,2,0,low,Black,female,50‐59,5+ days per week,somewhat interested
R0093,F075,2,1,high,Latina,female,50‐59,5+ days per week,somewhat interested
R0093,F083,2,0,high,Asian American,female,50‐59,5+ days per week,somewhat interested
R0093,F094,2,1,high,White,female,50‐59,5+ days per week,somewhat interested
R0094,F002,1,0,high,Latina,male,30‐39,never,not at all interested
R0094,F016,2,0,high,White,male,30‐39,never,not at all interested
R0094,F050,2,0,low,Black,male,30‐39,never,not at all interested
R0094,F057,2,0,low,Asian American,male,30‐39,never,not at all interested
R0094,F072,2,1,low,Latina,male,30‐39,never,not at all interested
R0094,F094,2,1,high,White,male,30‐39,never,not at all interested
R0094,F101,2,1,high,Black,male,30‐39,never,not at all interested
R0094,F105,2,1,low,Asian American,male,30‐39,never,not at all interested
R0095,F012,4,0,high,Latina,male,60‐69,never,not very interested
R0095,F013,5,0,low,Black,male,60‐69,never,not very interested
R0095,F028,2,1,high,White,male,60‐69,never,not very interested
R0095,F056,3,1,high,Latina,male,60‐69,never,not very interested
R0095,F093,4,0,low,White,male,60‐69,never,not very interested
R0095,F105,2,1,low,Asian American,male,60‐69,never,not very interested
R0095,F106,4,1,low,Black,male,60‐69,never,not very interested
R0095,F110,2,0,high,Asian American,male,60‐69,never,not very interested
R0096,F008,3,0,high,White,female,20‐29,2-4 days per week,somewhat interested
R0096,F021,2,1,low,Latina,female,20‐29,2-4 days per week,somewhat interested
R0096,F046,3,0,low,Black,female,20‐29,2-4 days per week,somewhat interested
R0096,F066,2,1,high,Black,female,20‐29,2-4 days per week,somewhat interested
R0096,F068,4,1,high,White,female,20‐29,2-4 days per week,somewhat interested
R0096,F092,4,0,high,Latina,female,20‐29,2-4 days per week,somewhat interested
R0096,F095,2,1,low,Asian American,female,20‐29,2-4 days per week,somewhat interested
R0096,F095,1,0,low,Asian American,female,20‐29,2-4 days per week,somewhat interested
R0097,F006,2,0,high,Asian American,male,50‐59,never,not at all interested
R0097,F009,4,0,low,White,male,50‐59,never,not at all interested
R0097,F030,3,0,high,Latina,male,50‐59,never,not at all interested
R0097,F040,2,1,low,Black,male,50‐59,never,not at all interested
R0097,F054,1,0,low,Black,male,50‐59,never,not at all interested
R0097,F080,3,1,high,White,male,50‐59,never,not at all interested
R0097,F089,3,1,high,Latina,male,50‐59,never,not at all interested
R0097,F095,1,1,low,Asian American,male,50‐59,never,not at all interested
R0098,F011,4,1,low,Latina,male,40‐49,never,not very interested
R0098,F031,4,0,high,Black,male,40‐49,never,not very interested
R0098,F031,4,1,high,Black,male,40‐49,never,not very interested
R0098,F057,3,0,low,Asian American,male,40‐49,never,not very interested
R0098,F059,5,0,low,Latina,male,40‐49,never,not very interested
R0098,F084,5,0,high,White,male,40‐49,never,not very interested
R0098,F093,5,1,low,White,male,40‐49,never,not very interested
R0098,F110,4,1,high,Asian American,male,40‐49,never,not very interested
R0099,F001,2,1,high,Asian American,female,30‐39,5+ days per week,very interested
R0099,F018,2,0,low,Asian American,female,30‐39,5+ days per week,very interested
R0099,F021,3,0,low,Latina,female,30‐39,5+ days per week,very interested
R0099,F031,4,1,high,Black,female,30‐39,5+ days per week,very interested
R0099,F071,3,0,high,White,female,30‐39,5+ days per week,very interested
R0099,F101,3,0,high,Black,female,30‐39,5+ days per week,very interested
R0099,F103,3,1,low,Latina,female,30‐39,5+ days per week,very interested
R0099,F112,2,1,low,White,female,30‐39,5+ days per week,very interested
R0100,F024,3,0,low,Black,male,40‐49,never,not very interested
R0100,F025,5,0,high,Latina,male,40‐49,never,not very interested
R0100,F042,4,1,high,White,male,40‐49,never,not very interested
R0100,F061,4,1,low,Latina,male,40‐49,never,not very interested
R0100,F081,4,0,high,White,male,40‐49,never,not very interested
R0100,F086,3,1,high,Black,male,40‐49,never,not very interested
R0100,F090,2,1,low,Asian American,male,40‐49,never,not very interested
R0100,F105,1,0,low,Asian American,male,40‐49,never,not very interested
R0101,F018,2,0,low,Asian American,male,40‐49,a few times per year,somewhat interested
R0101,F026,4,0,high,White,male,40‐49,a few times per year,somewhat interested
R0101,F043,2,0,low,Black,male,40‐49,a few times per year,somewhat interested
R0101,F049,2,1,high,Black,male,40‐49,a few times per year,somewhat interested
R0101,F075,4,0,high,Latina,male,40‐49,a few times per year,somewhat interested
R0101,F078,3,1,low,Latina,male,40‐49,a few times per year,somewhat interested
R0101,F080,4,1,high,White,male,40‐49,a few times per year,somewhat interested
R0101,F105,3,1,low,Asian American,male,40‐49,a few times per year,somewhat interested
R0102,F023,5,1,high,Black,male,40‐49,never,neutral
R0102,F032,4,0,high,Latina,male,40‐49,never,neutral
R0102,F048,2,0,low,Black,male,40‐49,never,neutral
R0102,F065,6,0,high,White,male,40‐49,never,neutral
R0102,F068,6,1,high,White,male,40‐49,never,neutral
R0102,F078,4,1,low,Latina,male,40‐49,never,neutral
R0102,F095,3,0,low,Asian American,male,40‐49,never,neutral
R0102,F097,4,1,low,Asian American,male,40‐49,never,neutral
R0103,F031,3,0,high,Black,female,20‐29,a few times per year,not very interested
R0103,F039,3,0,low,White,female,20‐29,a few times per year,not very interested
R0103,F072,3,0,low,Latina,female,20‐29,a few times per year,not very interested
R0103,F083,3,0,high,Asian American,female,20‐29,a few times per year,not very interested
R0103,F088,1,1,low,Black,female,20‐29,a few times per year,not very interested
R0103,F092,4,1,high,Latina,female,20‐29,a few times per year,not very interested
R0103,F110,3,1,high,Asian American,female,20‐29,a few times per year,not very interested
R0103,F112,3,1,low,White,female,20‐29,a few times per year,not very interested
R0104,F010,2,0,low,Asian American,female,20‐29,about once per week,somewhat interested
R0104,F016,2,0,high,White,female,20‐29,about once per week,somewhat interested
R0104,F022,3,0,high,Black,female,20‐29,about once per week,somewhat interested
R0104,F029,3,1,low,White,female,20‐29,about once per week,somewhat interested
R0104,F038,3,0,low,Latina,female,20‐29,about once per week,somewhat interested
R0104,F055,2,1,low,Latina,female,20‐29,about once per week,somewhat interested
R0104,F062,3,1,high,Black,female,20‐29,about once per week,somewhat interested
R0104,F083,4,1,high,Asian American,female,20‐29,about once per week,somewhat interested
R0105,F017,4,0,high,Latina,male,40‐49,never,neutral
R0105,F028,2,1,high,White,male,40‐49,never,neutral
R0105,F055,4,1,low,Latina,male,40‐49,never,neutral
R0105,F062,3,1,high,Black,male,40‐49,never,neutral
R0105,F080,5,0,high,White,male,40‐49,never,neutral
R0105,F090,4,0,low,Asian American,male,40‐49,never,neutral
R0105,F097,5,1,low,Asian American,male,40‐49,never,neutral
R0105,F102,2,0,low,Black,male,40‐49,never,neutral
R0106,F001,3,0,high,Asian American,male,50‐59,never,somewhat interested
R0106,F004,4,0,low,White,male,50‐59,never,somewhat interested
R0106,F011,2,0,low,Latina,male,50‐59,never,somewhat interested
R0106,F027,1,1,high,Asian American,male,50‐59,never,somewhat interested
R0106,F032,2,1,high,Latina,male,50‐59,never,somewhat interested
R0106,F049,1,0,high,Black,male,50‐59,never,somewhat interested
R0106,F073,4,1,low,White,male,50‐59,never,somewhat interested
R0106,F106,3,1,low,Black,male,50‐59,never,somewhat interested
R0107,F005,6,1,high,White,male,40‐49,never,not very interested
R0107,F014,4,0,low,White,male,40‐49,never,not very interested
R0107,F024,3,0,low,Black,male,40‐49,never,not very interested
R0107,F074,3,0,high,Latina,male,40‐49,never,not very interested
R0107,F087,1,0,high,Asian American,male,40‐49,never,not very interested
R0107,F088,2,1,low,Black,male,40‐49,never,not very interested
R0107,F092,2,1,high,Latina,male,40‐49,never,not very interested
R0107,F116,3,1,low,Asian American,male,40‐49,never,not very interested
R0108,F006,2,0,high,Asian American,female,50‐59,5+ days per week,very interested
R0108,F019,4,0,low,White,female,50‐59,5+ days per week,very interested
R0108,F024,3,0,low,Black,female,50‐59,5+ days per week,very interested
R0108,F025,4,0,high,Latina,female,50‐59,5+ days per week,very interested
R0108,F030,5,1,high,Latina,female,50‐59,5+ days per week,very interested
R0108,F046,3,1,low,Black,female,50‐59,5+ days per week,very interested
R0108,F084,6,1,high,White,female,50‐59,5+ days per week,very interested
R0108,F105,2,1,low,Asian American,female,50‐59,5+ days per week,very interested
R0109,F010,4,0,low,Asian American,male,40‐49,never,not at all interested
R0109,F011,4,0,low,Latina,male,40‐49,never,not at all interested
R0109,F033,4,0,high,Black,male,40‐49,never,not at all interested
R0109,F077,3,1,high,Black,male,40‐49,never,not at all interested
R0109,F078,5,1,low,Latina,male,40‐49,never,not at all interested
R0109,F081,5,0,high,White,male,40‐49,never,not at all interested
R0109,F099,3,1,low,White,male,40‐49,never,not at all interested
R0109,F110,4,1,high,Asian American,male,40‐49,never,not at all interested
R0110,F011,2,1,low,Latina,female,40‐49,a few times per year,not very interested
R0110,F045,3,0,high,White,female,40‐49,a few times per year,not very interested
R0110,F047,3,1,high,White,female,40‐49,a few times per year,not very interested
R0110,F056,3,0,high,Latina,female,40‐49,a few times per year,not very interested
R0110,F060,3,1,low,Asian American,female,40‐49,a few times per year,not very interested
R0110,F086,2,1,high,Black,female,40‐49,a few times per year,not very interested
R0110,F097,1,0,low,Asian American,female,40‐49,a few times per year,not very interested
R0110,F106,3,0,low,Black,female,40‐49,a few times per year,not very interested
R0111,F010,4,1,low,Asian American,male,60‐69,never,not very interested
R0111,F012,4,1,high,Latina,male,60‐69,never,not very interested
R0111,F012,4,0,high,Latina,male,60‐69,never,not very interested
R0111,F029,4,0,low,White,male,60‐69,never,not very interested
R0111,F034,2,0,high,Asian American,male,60‐69,never,not very interested
R0111,F046,3,1,low,Black,male,60‐69,never,not very interested
R0111,F046,3,0,low,Black,male,60‐69,never,not very interested
R0111,F068,4,1,high,White,male,60‐69,never,not very interested
R0112,F017,2,0,high,Latina,male,50‐59,never,somewhat interested
R0112,F029,1,0,low,White,male,50‐59,never,somewhat interested
R0112,F040,1,1,low,Black,male,50‐59,never,somewhat interested
R0112,F054,1,0,low,Black,male,50‐59,never,somewhat interested
R0112,F057,2,1,low,Asian American,male,50‐59,never,somewhat interested
R0112,F075,2,1,high,Latina,male,50‐59,never,somewhat interested
R0112,F083,1,0,high,Asian American,male,50‐59,never,somewhat interested
R0112,F094,3,1,high,White,male,50‐59,never,somewhat interested
R0113,F023,4,1,high,Black,female,40‐49,5+ days per week,somewhat interested
R0113,F042,5,1,high,White,female,40‐49,5+ days per week,somewhat interested
R0113,F053,4,1,low,Latina,female,40‐49,5+ days per week,somewhat interested
R0113,F057,2,0,low,Asian American,female,40‐49,5+ days per week,somewhat interested
R0113,F064,5,0,high,White,female,40‐49,5+ days per week,somewhat interested
R0113,F089,5,0,high,Latina,female,40‐49,5+ days per week,somewhat interested
R0113,F091,4,0,low,Black,female,40‐49,5+ days per week,somewhat interested
R0113,F116,3,1,low,Asian American,female,40‐49,5+ days per week,somewhat interested
R0114,F037,2,1,high,Black,male,50‐59,never,neutral
R0114,F038,2,1,low,Latina,male,50‐59,never,neutral
R0114,F045,4,0,high,White,male,50‐59,never,neutral
R0114,F067,3,1,high,Asian American,male,50‐59,never,neutral
R0114,F073,4,1,low,White,male,50‐59,never,neutral
R0114,F078,2,0,low,Latina,male,50‐59,never,neutral
R0114,F082,2,0,high,Black,male,50‐59,never,neutral
R0114,F097,2,0,low,Asian American,male,50‐59,never,neutral
R0115,F005,4,0,high,White,male,40‐49,never,not very interested
R0115,F010,3,1,low,Asian American,male,40‐49,never,not very interested
R0115,F032,3,0,high,Latina,male,40‐49,never,not very interested
R0115,F045,4,1,high,White,male,40‐49,never,not very interested
R0115,F059,3,1,low,Latina,male,40‐49,never,not very interested
R0115,F088,2,0,low,Black,male,40‐49,never,not very interested
R0115,F113,2,1,high,Black,male,40‐49,never,not very interested
R0115,F116,1,0,low,Asian American,male,40‐49,never,not very interested
R0116,F015,2,1,low,Black,female,40‐49,a few times per year,somewhat interested
R0116,F027,2,0,high,Asian American,female,40‐49,a few times per year,somewhat interested
R0116,F038,4,0,low,Latina,female,40‐49,a few times per year,somewhat interested
R0116,F044,2,1,low,White,female,40‐49,a few times per year,somewhat interested
R0116,F067,4,1,high,Asian American,female,40‐49,a few times per year,somewhat interested
R0116,F075,3,1,high,Latina,female,40‐49,a few times per year,somewhat interested
R0116,F093,4,0,low,White,female,40‐49,a few times per year,somewhat interested
R0116,F098,4,0,high,Black,female,40‐49,a few times per year,somewhat interested
R0117,F002,3,1,high,Latina,male,30‐39,never,not very interested
R0117,F007,2,0,low,Black,male,30‐39,never,not very interested
R0117,F018,3,1,low,Asian American,male,30‐39,never,not very interested
R0117,F032,2,0,high,Latina,male,30‐39,never,not very interested
R0117,F051,2,0,high,Asian American,male,30‐39,never,not very interested
R0117,F069,2,1,low,Black,male,30‐39,never,not very interested
R0117,F073,4,0,low,White,male,30‐39,never,not very interested
R0117,F080,5,1,high,White,male,30‐39,never,not very interested
R0118,F018,5,0,low,Asian American,male,50‐59,never,not very interested
R0118,F021,3,1,low,Latina,male,50‐59,never,not very interested
R0118,F034,2,1,high,Asian American,male,50‐59,never,not very interested
R0118,F039,4,1,low,White,male,50‐59,never,not very interested
R0118,F063,3,1,high,Black,male,50‐59,never,not very interested
R0118,F064,4,0,high,White,male,50‐59,never,not very interested
R0118,F078,3,0,low,Latina,male,50‐59,never,not very interested
R0118,F101,1,0,high,Black,male,50‐59,never,not very interested
R0119,F001,2,1,high,Asian American,female,30‐39,about once per week,somewhat interested
R0119,F020,2,1,low,White,female,30‐39,about once per week,somewhat interested
R0119,F027,1,0,high,Asian American,female,30‐39,about once per week,somewhat interested
R0119,F062,1,0,high,Black,female,30‐39,about once per week,somewhat interested
R0119,F070,3,1,low,Black,female,30‐39,about once per week,somewhat interested
R0119,F078,1,0,low,Latina,female,30‐39,about once per week,somewhat interested
R0119,F089,4,1,high,Latina,female,30‐39,about once per week,somewhat interested
R0119,F108,2,0,low,White,female,30‐39,about once per week,somewhat interested
R0120,F024,4,1,low,Black,male,30‐39,never,neutral
R0120,F032,2,1,high,Latina,male,30‐39,never,neutral
R0120,F034,2,0,high,Asian American,male,30‐39,never,neutral
R0120,F060,2,1,low,Asian American,male,30‐39,never,neutral
R0120,F081,3,1,high,White,male,30‐39,never,neutral
R0120,F089,3,0,high,Latina,male,30‐39,never,neutral
R0120,F091,2,0,low,Black,male,30‐39,never,neutral
R0120,F096,2,0,low,White,male,30‐39,never,neutral
R0121,F008,4,0,high,White,female,40‐49,2-4 days per week,not very interested
R0121,F012,4,0,high,Latina,female,40‐49,2-4 days per week,not very interested
R0121,F018,4,0,low,Asian American,female,40‐49,2-4 days per week,not very interested
R0121,F026,5,1,high,White,female,40‐49,2-4 days per week,not very interested
R0121,F037,4,1,high,Black,female,40‐49,2-4 days per week,not very interested
R0121,F095,4,1,low,Asian American,female,40‐49,2-4 days per week,not very interested
R0121,F102,4,0,low,Black,female,40‐49,2-4 days per week,not very interested
R0121,F103,4,1,low,Latina,female,40‐49,2-4 days per week,not very interested
R0122,F002,2,0,high,Latina,female,20‐29,5+ days per week,somewhat interested
R0122,F020,6,0,low,White,female,20‐29,5+ days per week,somewhat interested
R0122,F027,2,0,high,Asian American,female,20‐29,5+ days per week,somewhat interested
R0122,F081,5,1,high,White,female,20‐29,5+ days per week,somewhat interested
R0122,F092,5,1,high,Latina,female,20‐29,5+ days per week,somewhat interested
R0122,F097,3,1,low,Asian American,female,20‐29,5+ days per week,somewhat interested
R0122,F114,5,0,low,Black,female,20‐29,5+ days per week,somewhat interested
R0122,F115,5,1,low,Black,female,20‐29,5+ days per week,somewhat interested
R0123,F004,2,1,low,White,male,40‐49,never,neutral
R0123,F021,3,0,low,Latina,male,40‐49,never,neutral
R0123,F036,3,0,high,White,male,40‐49,never,neutral
R0123,F076,2,0,high,Black,male,40‐49,never,neutral
R0123,F076,3,1,high,Black,male,40‐49,never,neutral
R0123,F087,2,1,high,Asian American,male,40‐49,never,neutral
R0123,F097,4,0,low,Asian American,male,40‐49,never,neutral
R0123,F104,2,1,low,Latina,male,40‐49,never,neutral
R0124,F001,3,0,high,Asian American,female,40‐49,5+ days per week,very interested
R0124,F003,3,0,low,White,female,40‐49,5+ days per week,very interested
R0124,F013,3,1,low,Black,female,40‐49,5+ days per week,very interested
R0124,F022,3,0,high,Black,female,40‐49,5+ days per week,very interested
R0124,F034,3,1,high,Asian American,female,40‐49,5+ days per week,very interested
R0124,F089,3,1,high,Latina,female,40‐49,5+ days per week,very interested
R0124,F103,4,0,low,Latina,female,40‐49,5+ days per week,very interested
R0124,F108,3,1,low,White,female,40‐49,5+ days per week,very interested
R0125,F003,3,1,low,White,male,30‐39,never,not very interested
R0125,F005,4,0,high,White,male,30‐39,never,not very interested
R0125,F038,5,0,low,Latina,male,30‐39,never,not very interested
R0125,F038,4,1,low,Latina,male,30‐39,never,not very interested
R0125,F062,4,0,high,Black,male,30‐39,never,not very interested
R0125,F077,3,1,high,Black,male,30‐39,never,not very interested
R0125,F110,4,1,high,Asian American,male,30‐39,never,not very interested
R0125,F116,3,0,low,Asian American,male,30‐39,never,not very interested
R0126,F001,2,0,high,Asian American,female,40‐49,a few times per year,not very interested
R0126,F010,4,1,low,Asian American,female,40‐49,a few times per year,not very interested
R0126,F019,3,0,low,White,female,40‐49,a few times per year,not very interested
R0126,F032,4,1,high,Latina,female,40‐49,a few times per year,not very interested
R0126,F048,2,1,low,Black,female,40‐49,a few times per year,not very interested
R0126,F071,4,1,high,White,female,40‐49,a few times per year,not very interested
R0126,F089,4,0,high,Latina,female,40‐49,a few times per year,not very interested
R0126,F102,2,0,low,Black,female,40‐49,a few times per year,not very interested
R0127,F001,3,1,high,Asian American,male,50‐59,never,not very interested
R0127,F004,3,1,low,White,male,50‐59,never,not very interested
R0127,F011,3,1,low,Latina,male,50‐59,never,not very interested
R0127,F036,3,0,high,White,male,50‐59,never,not very interested
R0127,F055,4,0,low,Latina,male,50‐59,never,not very interested
R0127,F060,3,0,low,Asian American,male,50‐59,never,not very interested
R0127,F066,3,0,high,Black,male,50‐59,never,not very interested
R0127,F086,3,1,high,Black,male,50‐59,never,not very interested
R0128,F008,4,0,high,White,female,50‐59,5+ days per week,somewhat interested
R0128,F009,5,1,low,White,female,50‐59,5+ days per week,somewhat interested
R0128,F023,3,1,high,Black,female,50‐59,5+ days per week,somewhat interested
R0128,F027,4,1,high,Asian American,female,50‐59,5+ days per week,somewhat interested
R0128,F053,4,1,low,Latina,female,50‐59,5+ days per week,somewhat interested
R0128,F061,5,0,low,Latina,female,50‐59,5+ days per week,somewhat interested
R0128,F063,5,0,high,Black,female,50‐59,5+ days per week,somewhat interested
R0128,F097,3,0,low,Asian American,female,50‐59,5+ days per week,somewhat interested
R0129,F023,1,0,high,Black,male,50‐59,never,somewhat interested
R0129,F034,2,0,high,Asian American,male,50‐59,never,somewhat interested
R0129,F039,2,1,low,White,male,50‐59,never,somewhat interested
R0129,F048,1,1,low,Black,male,50‐59,never,somewhat interested
R0129,F061,1,0,low,Latina,male,50‐59,never,somewhat interested
R0129,F074,1,1,high,Latina,male,50‐59,never,somewhat interested
R0129,F083,2,1,high,Asian American,male,50‐59,never,somewhat interested
R0129,F108,1,0,low,White,male,50‐59,never,somewhat interested
R0130,F006,3,1,high,Asian American,female,30‐39,5+ days per week,somewhat interested
R0130,F044,2,1,low,White,female,30‐39,5+ days per week,somewhat interested
R0130,F052,3,0,high,White,female,30‐39,5+ days per week,somewhat interested
R0130,F058,2,1,high,Black,female,30‐39,5+ days per week,somewhat interested
R0130,F059,2,0,low,Latina,female,30‐39,5+ days per week,somewhat interested
R0130,F104,2,1,low,Latina,female,30‐39,5+ days per week,somewhat interested
R0130,F109,3,0,high,Black,female,30‐39,5+ days per week,somewhat interested
R0130,F116,2,0,low,Asian American,female,30‐39,5+ days per week,somewhat interested
R0131,F011,4,0,low,Latina,female,40‐49,2-4 days per week,neutral
R0131,F015,3,1,low,Black,female,40‐49,2-4 days per week,neutral
R0131,F027,4,0,high,Asian American,female,40‐49,2-4 days per week,neutral
R0131,F034,3,1,high,Asian American,female,40‐49,2-4 days per week,neutral
R0131,F035,4,0,low,White,female,40‐49,2-4 days per week,neutral
R0131,F076,3,0,high,Black,female,40‐49,2-4 days per week,neutral
R0131,F092,3,1,high,Latina,female,40‐49,2-4 days per week,neutral
R0131,F099,3,1,low,White,female,40‐49,2-4 days per week,neutral
R0132,F026,3,1,high,White,female,40‐49,2-4 days per week,neutral
R0132,F030,4,1,high,Latina,female,40‐49,2-4 days per week,neutral
R0132,F034,2,0,high,Asian American,female,40‐49,2-4 days per week,neutral
R0132,F046,2,1,low,Black,female,40‐49,2-4 days per week,neutral
R0132,F048,2,0,low,Black,female,40‐49,2-4 days per week,neutral
R0132,F090,4,1,low,Asian American,female,40‐49,2-4 days per week,neutral
R0132,F092,4,0,high,Latina,female,40‐49,2-4 days per week,neutral
R0132,F107,2,0,low,White,female,40‐49,2-4 days per week,neutral
R0133,F034,2,1,high,Asian American,female,50‐59,5+ days per week,somewhat interested
R0133,F049,1,0,high,Black,female,50‐59,5+ days per week,somewhat interested
R0133,F057,1,0,low,Asian American,female,50‐59,5+ days per week,somewhat interested
R0133,F066,2,1,high,Black,female,50‐59,5+ days per week,somewhat interested
R0133,F078,4,1,low,Latina,female,50‐59,5+ days per week,somewhat interested
R0133,F085,3,1,low,White,female,50‐59,5+ days per week,somewhat interested
R0133,F094,3,0,high,White,female,50‐59,5+ days per week,somewhat interested
R0133,F103,4,0,low,Latina,female,50‐59,5+ days per week,somewhat interested
R0134,F054,3,0,low,Black,male,30‐39,never,somewhat interested
R0134,F060,2,0,low,Asian American,male,30‐39,never,somewhat interested
R0134,F063,5,1,high,Black,male,30‐39,never,somewhat interested
R0134,F074,4,0,high,Latina,male,30‐39,never,somewhat interested
R0134,F080,3,0,high,White,male,30‐39,never,somewhat interested
R0134,F081,5,1,high,White,male,30‐39,never,somewhat interested
R0134,F090,3,1,low,Asian American,male,30‐39,never,somewhat interested
R0134,F104,4,1,low,Latina,male,30‐39,never,somewhat interested
R0135,F022,1,0,high,Black,female,20‐29,a few times per year,somewhat interested
R0135,F022,1,1,high,Black,female,20‐29,a few times per year,somewhat interested
R0135,F027,1,1,high,Asian American,female,20‐29,a few times per year,somewhat interested
R0135,F042,1,0,high,White,female,20‐29,a few times per year,somewhat interested
R0135,F061,2,1,low,Latina,female,20‐29,a few times per year,somewhat interested
R0135,F104,2,0,low,Latina,female,20‐29,a few times per year,somewhat interested
R0135,F105,1,0,low,Asian American,female,20‐29,a few times per year,somewhat interested
R0135,F107,2,1,low,White,female,20‐29,a few times per year,somewhat interested
R0136,F006,2,1,high,Asian American,male,40‐49,never,somewhat interested
R0136,F011,3,0,low,Latina,male,40‐49,never,somewhat interested
R0136,F019,2,1,low,White,male,40‐49,never,somewhat interested
R0136,F028,1,0,high,White,male,40‐49,never,somewhat interested
R0136,F037,2,1,high,Black,male,40‐49,never,somewhat interested
R0136,F055,1,1,low,Latina,male,40‐49,never,somewhat interested
R0136,F098,2,0,high,Black,male,40‐49,never,somewhat interested
R0136,F116,1,0,low,Asian American,male,40‐49,never,somewhat interested
R0137,F006,3,1,high,Asian American,female,40‐49,5+ days per week,somewhat interested
R0137,F011,4,0,low,Latina,female,40‐49,5+ days per week,somewhat interested
R0137,F025,3,1,high,Latina,female,40‐49,5+ days per week,somewhat interested
R0137,F069,2,1,low,Black,female,40‐49,5+ days per week,somewhat interested
R0137,F073,2,1,low,White,female,40‐49,5+ days per week,somewhat interested
R0137,F076,4,0,high,Black,female,40‐49,5+ days per week,somewhat interested
R0137,F087,2,0,high,Asian American,female,40‐49,5+ days per week,somewhat interested
R0137,F099,3,0,low,White,female,40‐49,5+ days per week,somewhat interested
R0138,F006,2,1,high,Asian American,female,40‐49,2-4 days per week,somewhat interested
R0138,F014,4,1,low,White,female,40‐49,2-4 days per week,somewhat interested
R0138,F026,4,0,high,White,female,40‐49,2-4 days per week,somewhat interested
R0138,F031,1,0,high,Black,female,40‐49,2-4 days per week,somewhat interested
R0138,F072,2,0,low,Latina,female,40‐49,2-4 days per week,somewhat interested
R0138,F072,3,1,low,Latina,female,40‐49,2-4 days per week,somewhat interested
R0138,F095,1,0,low,Asian American,female,40‐49,2-4 days per week,somewhat interested
R0138,F109,3,1,high,Black,female,40‐49,2-4 days per week,somewhat interested
R0139,F030,3,0,high,Latina,male,40‐49,never,neutral
R0139,F043,2,0,low,Black,male,40‐49,never,neutral
R0139,F060,4,1,low,Asian American,male,40‐49,never,neutral
R0139,F064,4,1,high,White,male,40‐49,never,neutral
R0139,F075,5,1,high,Latina,male,40‐49,never,neutral
R0139,F083,4,0,high,Asian American,male,40‐49,never,neutral
R0139,F085,3,0,low,White,male,40‐49,never,neutral
R0139,F088,3,1,low,Black,male,40‐49,never,neutral
R0140,F001,1,0,high,Asian American,female,40‐49,5+ days per week,somewhat interested
R0140,F004,1,0,low,White,female,40‐49,5+ days per week,somewhat interested
R0140,F030,3,1,high,Latina,female,40‐49,5+ days per week,somewhat interested
R0140,F036,4,1,high,White,female,40‐49,5+ days per week,somewhat interested
R0140,F046,2,0,low,Black,female,40‐49,5+ days per week,somewhat interested
R0140,F056,1,0,high,Latina,female,40‐49,5+ days per week,somewhat interested
R0140,F057,1,1,low,Asian American,female,40‐49,5+ days per week,somewhat interested
R0140,F102,1,1,low,Black,female,40‐49,5+ days per week,somewhat interested
R0141,F006,3,1,high,Asian American,female,60‐69,2-4 days per week,somewhat interested
R0141,F017,3,1,high,Latina,female,60‐69,2-4 days per week,somewhat interested
R0141,F021,2,0,low,Latina,female,60‐69,2-4 days per week,somewhat interested
R0141,F024,2,1,low,Black,female,60‐69,2-4 days per week,somewhat interested
R0141,F077,2,0,high,Black,female,60‐69,2-4 days per week,somewhat interested
R0141,F085,3,0,low,White,female,60‐69,2-4 days per week,somewhat interested
R0141,F087,2,0,high,Asian American,female,60‐69,2-4 days per week,somewhat interested
R0141,F093,3,1,low,White,female,60‐69,2-4 days per week,somewhat interested
R0142,F006,2,0,high,Asian American,female,40‐49,5+ days per week,somewhat interested
R0142,F009,3,0,low,White,female,40‐49,5+ days per week,somewhat interested
R0142,F012,4,1,high,Latina,female,40‐49,5+ days per week,somewhat interested
R0142,F074,2,0,high,Latina,female,40‐49,5+ days per week,somewhat interested
R0142,F084,4,1,high,White,female,40‐49,5+ days per week,somewhat interested
R0142,F090,3,1,low,Asian American,female,40‐49,5+ days per week,somewhat interested
R0142,F106,3,1,low,Black,female,40‐49,5+ days per week,somewhat interested
R0142,F106,2,0,low,Black,female,40‐49,5+ days per week,somewhat interested
R0143,F007,3,1,low,Black,female,50‐59,5+ days per week,neutral
R0143,F015,2,0,low,Black,female,50‐59,5+ days per week,neutral
R0143,F035,2,0,low,White,female,50‐59,5+ days per week,neutral
R0143,F068,3,1,high,White,female,50‐59,5+ days per week,neutral
R0143,F074,3,1,high,Latina,female,50‐59,5+ days per week,neutral
R0143,F075,2,0,high,Latina,female,50‐59,5+ days per week,neutral
R0143,F087,1,0,high,Asian American,female,50‐59,5+ days per week,neutral
R0143,F095,2,1,low,Asian American,female,50‐59,5+ days per week,neutral
R0144,F001,2,1,high,Asian American,female,40‐49,5+ days per week,somewhat interested
R0144,F009,2,1,low,White,female,40‐49,5+ days per week,somewhat interested
R0144,F012,4,1,high,Latina,female,40‐49,5+ days per week,somewhat interested
R0144,F043,2,1,low,Black,female,40‐49,5+ days per week,somewhat interested
R0144,F049,1,0,high,Black,female,40‐49,5+ days per week,somewhat interested
R0144,F059,3,0,low,Latina,female,40‐49,5+ days per week,somewhat interested
R0144,F067,3,0,high,Asian American,female,40‐49,5+ days per week,somewhat interested
R0144,F112,2,0,low,White,female,40‐49,5+ days per week,somewhat interested
R0145,F008,4,1,high,White,female,40‐49,a few times per year,not very interested
R0145,F010,4,1,low,Asian American,female,40‐49,a few times per year,not very interested
R0145,F010,4,0,low,Asian American,female,40‐49,a few times per year,not very interested
R0145,F048,3,0,low,Black,female,40‐49,a few times per year,not very interested
R0145,F071,4,0,high,White,female,40‐49,a few times per year,not very interested
R0145,F078,4,1,low,Latina,female,40‐49,a few times per year,not very interested
R0145,F082,4,1,high,Black,female,40‐49,a few times per year,not very interested
R0145,F092,4,0,high,Latina,female,40‐49,a few times per year,not very interested
R0146,F002,2,1,high,Latina,female,40‐49,5+ days per week,neutral
R0146,F002,2,0,high,Latina,female,40‐49,5+ days per week,neutral
R0146,F005,4,1,high,White,female,40‐49,5+ days per week,neutral
R0146,F050,1,1,low,Black,female,40‐49,5+ days per week,neutral
R0146,F067,2,0,high,Asian American,female,40‐49,5+ days per week,neutral
R0146,F079,4,0,low,White,female,40‐49,5+ days per week,neutral
R0146,F115,3,0,low,Black,female,40‐49,5+ days per week,neutral
R0146,F116,3,1,low,Asian American,female,40‐49,5+ days per week,neutral
R0147,F011,3,1,low,Latina,female,50‐59,a few times per year,not at all interested
R0147,F050,3,0,low,Black,female,50‐59,a few times per year,not at all interested
R0147,F058,4,1,high,Black,female,50‐59,a few times per year,not at all interested
R0147,F068,4,0,high,White,female,50‐59,a few times per year,not at all interested
R0147,F074,2,0,high,Latina,female,50‐59,a few times per year,not at all interested
R0147,F084,4,1,high,White,female,50‐59,a few times per year,not at all interested
R0147,F097,2,1,low,Asian American,female,50‐59,a few times per year,not at all interested
R0147,F097,1,0,low,Asian American,female,50‐59,a few times per year,not at all interested
R0148,F017,5,0,high,Latina,male,40‐49,never,not very interested
R0148,F028,4,1,high,White,male,40‐49,never,not very interested
R0148,F053,4,1,low,Latina,male,40‐49,never,not very interested
R0148,F065,5,0,high,White,male,40‐49,never,not very interested
R0148,F076,4,1,high,Black,male,40‐49,never,not very interested
R0148,F090,3,0,low,Asian American,male,40‐49,never,not very interested
R0148,F097,4,1,low,Asian American,male,40‐49,never,not very interested
R0148,F115,4,0,low,Black,male,40‐49,never,not very interested
R0149,F029,4,1,low,White,male,30‐39,never,neutral
R0149,F033,4,0,high,Black,male,30‐39,never,neutral
R0149,F033,4,1,high,Black,male,30‐39,never,neutral
R0149,F053,4,1,low,Latina,male,30‐39,never,neutral
R0149,F061,3,0,low,Latina,male,30‐39,never,neutral
R0149,F067,5,1,high,Asian American,male,30‐39,never,neutral
R0149,F084,6,0,high,White,male,30‐39,never,neutral
R0149,F090,2,0,low,Asian American,male,30‐39,never,neutral
R0150,F018,2,0,low,Asian American,male,50‐59,a few times per year,neutral
R0150,F021,4,1,low,Latina,male,50‐59,a few times per year,neutral
R0150,F047,3,0,high,White,male,50‐59,a few times per year,neutral
R0150,F049,1,1,high,Black,male,50‐59,a few times per year,neutral
R0150,F083,4,1,high,Asian American,male,50‐59,a few times per year,neutral
R0150,F093,5,1,low,White,male,50‐59,a few times per year,neutral
R0150,F104,3,0,low,Latina,male,50‐59,a few times per year,neutral
R0150,F113,2,0,high,Black,male,50‐59,a few times per year,neutral
R0151,F006,2,0,high,Asian American,female,40‐49,never,not very interested
R0151,F009,4,0,low,White,female,40‐49,never,not very interested
R0151,F030,4,1,high,Latina,female,40‐49,never,not very interested
R0151,F066,1,0,high,Black,female,40‐49,never,not very interested
R0151,F083,4,1,high,Asian American,female,40‐49,never,not very interested
R0151,F103,4,0,low,Latina,female,40‐49,never,not very interested
R0151,F107,3,1,low,White,female,40‐49,never,not very interested
R0151,F114,4,1,low,Black,female,40‐49,never,not very interested
R0152,F020,4,1,low,White,male,60‐69,never,not very interested
R0152,F037,3,0,high,Black,male,60‐69,never,not very interested
R0152,F059,5,1,low,Latina,male,60‐69,never,not very interested
R0152,F087,4,1,high,Asian American,male,60‐69,never,not very interested
R0152,F103,4,0,low,Latina,male,60‐69,never,not very interested
R0152,F105,3,0,low,Asian American,male,60‐69,never,not very interested
R0152,F111,3,0,high,White,male,60‐69,never,not very interested
R0152,F113,4,1,high,Black,male,60‐69,never,not very interested
R0153,F001,4,1,high,Asian American,female,60‐69,2-4 days per week,somewhat interested
R0153,F010,3,0,low,Asian American,female,60‐69,2-4 days per week,somewhat interested
R0153,F035,3,1,low,White,female,60‐69,2-4 days per week,somewhat interested
R0153,F038,3,0,low,Latina,female,60‐69,2-4 days per week,somewhat interested
R0153,F071,2,0,high,White,female,60‐69,2-4 days per week,somewhat interested
R0153,F072,4,1,low,Latina,female,60‐69,2-4 days per week,somewhat interested
R0153,F077,2,0,high,Black,female,60‐69,2-4 days per week,somewhat interested
R0153,F098,3,1,high,Black,female,60‐69,2-4 days per week,somewhat interested
R0154,F001,2,0,high,Asian American,female,50‐59,a few times per year,not very interested
R0154,F035,3,1,low,White,female,50‐59,a few times per year,not very interested
R0154,F051,4,1,high,Asian American,female,50‐59,a few times per year,not very interested
R0154,F079,4,0,low,White,female,50‐59,a few times per year,not very interested
R0154,F091,2,1,low,Black,female,50‐59,a few times per year,not very interested
R0154,F092,2,1,high,Latina,female,50‐59,a few times per year,not very interested
R0154,F101,2,0,high,Black,female,50‐59,a few times per year,not very interested
R0154,F103,3,0,low,Latina,female,50‐59,a few times per year,not very interested
R0155,F005,4,0,high,White,male,30‐39,never,not at all interested
R0155,F016,3,1,high,White,male,30‐39,never,not at all interested
R0155,F018,4,1,low,Asian American,male,30‐39,never,not at all interested
R0155,F030,5,0,high,Latina,male,30‐39,never,not at all interested
R0155,F033,3,1,high,Black,male,30‐39,never,not at all interested
R0155,F038,2,1,low,Latina,male,30‐39,never,not at all interested
R0155,F054,2,0,low,Black,male,30‐39,never,not at all interested
R0155,F097,3,0,low,Asian American,male,30‐39,never,not at all interested
R0156,F005,4,0,high,White,female,60‐69,2-4 days per week,neutral
R0156,F012,4,0,high,Latina,female,60‐69,2-4 days per week,neutral
R0156,F059,4,1,low,Latina,female,60‐69,2-4 days per week,neutral
R0156,F069,2,0,low,Black,female,60‐69,2-4 days per week,neutral
R0156,F095,3,0,low,Asian American,female,60‐69,2-4 days per week,neutral
R0156,F100,2,1,high,Black,female,60‐69,2-4 days per week,neutral
R0156,F111,5,1,high,White,female,60‐69,2-4 days per week,neutral
R0156,F116,3,1,low,Asian American,female,60‐69,2-4 days per week,neutral
R0157,F036,4,0,high,White,male,30‐39,never,not very interested
R0157,F057,2,1,low,Asian American,male,30‐39,never,not very interested
R0157,F071,2,1,high,White,male,30‐39,never,not very interested
R0157,F075,4,0,high,Latina,male,30‐39,never,not very interested
R0157,F095,1,0,low,Asian American,male,30‐39,never,not very interested
R0157,F101,4,1,high,Black,male,30‐39,never,not very interested
R0157,F103,3,1,low,Latina,male,30‐39,never,not very interested
R0157,F115,3,0,low,Black,male,30‐39,never,not very interested
R0158,F003,5,0,low,White,female,40‐49,never,not at all interested
R0158,F013,3,1,low,Black,female,40‐49,never,not at all interested
R0158,F015,2,0,low,Black,female,40‐49,never,not at all interested
R0158,F032,3,0,high,Latina,female,40‐49,never,not at all interested
R0158,F041,6,1,high,White,female,40‐49,never,not at all interested
R0158,F092,5,1,high,Latina,female,40‐49,never,not at all interested
R0158,F105,4,1,low,Asian American,female,40‐49,never,not at all interested
R0158,F110,4,0,high,Asian American,female,40‐49,never,not at all interested
R0159,F014,4,0,low,White,male,50‐59,never,not at all interested
R0159,F032,3,1,high,Latina,male,50‐59,never,not at all interested
R0159,F034,3,1,high,Asian American,male,50‐59,never,not at all interested
R0159,F072,3,0,low,Latina,male,50‐59,never,not at all interested
R0159,F085,2,1,low,White,male,50‐59,never,not at all interested
R0159,F100,2,0,high,Black,male,50‐59,never,not at all interested
R0159,F102,3,1,low,Black,male,50‐59,never,not at all interested
R0159,F110,3,0,high,Asian American,male,50‐59,never,not at all interested
R0160,F014,4,0,low,White,male,30‐39,never,not very interested
R0160,F017,2,0,high,Latina,male,30‐39,never,not very interested
R0160,F032,2,1,high,Latina,male,30‐39,never,not very interested
R0160,F043,1,1,low,Black,male,30‐39,never,not very interested
R0160,F083,3,0,high,Asian American,male,30‐39,never,not very interested
R0160,F105,2,1,low,Asian American,male,30‐39,never,not very interested
R0160,F111,5,1,high,White,male,30‐39,never,not very interested
R0160,F114,1,0,low,Black,male,30‐39,never,not very interested
R0161,F018,3,1,low,Asian American,male,50‐59,never,not very interested
R0161,F039,5,0,low,White,male,50‐59,never,not very interested
R0161,F047,4,1,high,White,male,50‐59,never,not very interested
R0161,F075,5,1,high,Latina,male,50‐59,never,not very interested
R0161,F075,5,0,high,Latina,male,50‐59,never,not very interested
R0161,F087,3,0,high,Asian American,male,50‐59,never,not very interested
R0161,F091,3,1,low,Black,male,50‐59,never,not very interested
R0161,F106,3,0,low,Black,male,50‐59,never,not very interested
R0162,F016,2,0,high,White,male,40‐49,never,not very interested
R0162,F018,3,1,low,Asian American,male,40‐49,never,not very interested
R0162,F037,4,1,high,Black,male,40‐49,never,not very interested
R0162,F056,3,0,high,Latina,male,40‐49,never,not very interested
R0162,F065,3,1,high,White,male,40‐49,never,not very interested
R0162,F090,3,0,low,Asian American,male,40‐49,never,not very interested
R0162,F103,4,1,low,Latina,male,40‐49,never,not very interested
R0162,F114,2,0,low,Black,male,40‐49,never,not very interested
R0163,F053,2,0,low,Latina,male,40‐49,never,not very interested
R0163,F077,2,0,high,Black,male,40‐49,never,not very interested
R0163,F080,5,0,high,White,male,40‐49,never,not very interested
R0163,F095,1,0,low,Asian American,male,40‐49,never,not very interested
R0163,F098,4,1,high,Black,male,40‐49,never,not very interested
R0163,F103,4,1,low,Latina,male,40‐49,never,not very interested
R0163,F110,4,1,high,Asian American,male,40‐49,never,not very interested
R0163,F112,2,1,low,White,male,40‐49,never,not very interested
R0164,F040,2,1,low,Black,male,40‐49,never,not very interested
R0164,F055,3,0,low,Latina,male,40‐49,never,not very interested
R0164,F056,3,1,high,Latina,male,40‐49,never,not very interested
R0164,F073,2,0,low,White,male,40‐49,never,not very interested
R0164,F083,2,0,high,Asian American,male,40‐49,never,not very interested
R0164,F085,2,1,low,White,male,40‐49,never,not very interested
R0164,F110,1,1,high,Asian American,male,40‐49,never,not very interested
R0164,F113,1,0,high,Black,male,40‐49,never,not very interested
R0165,F010,5,1,low,Asian American,female,40‐49,5+ days per week,somewhat interested
R0165,F012,5,0,high,Latina,female,40‐49,5+ days per week,somewhat interested
R0165,F013,5,1,low,Black,female,40‐49,5+ days per week,somewhat interested
R0165,F051,4,0,high,Asian American,female,40‐49,5+ days per week,somewhat interested
R0165,F056,5,1,high,Latina,female,40‐49,5+ days per week,somewhat interested
R0165,F065,5,1,high,White,female,40‐49,5+ days per week,somewhat interested
R0165,F088,2,0,low,Black,female,40‐49,5+ days per week,somewhat interested
R0165,F099,4,0,low,White,female,40‐49,5+ days per week,somewhat interested
R0166,F017,3,0,high,Latina,male,40‐49,never,somewhat interested
R0166,F037,2,1,high,Black,male,40‐49,never,somewhat interested
R0166,F061,3,1,low,Latina,male,40‐49,never,somewhat interested
R0166,F094,2,1,high,White,male,40‐49,never,somewhat interested
R0166,F095,2,1,low,Asian American,male,40‐49,never,somewhat interested
R0166,F106,2,0,low,Black,male,40‐49,never,somewhat interested
R0166,F111,3,0,high,White,male,40‐49,never,somewhat interested
R0166,F116,1,0,low,Asian American,male,40‐49,never,somewhat interested
R0167,F028,3,1,high,White,female,40‐49,2-4 days per week,neutral
R0167,F032,3,0,high,Latina,female,40‐49,2-4 days per week,neutral
R0167,F034,3,0,high,Asian American,female,40‐49,2-4 days per week,neutral
R0167,F048,3,0,low,Black,female,40‐49,2-4 days per week,neutral
R0167,F060,2,1,low,Asian American,female,40‐49,2-4 days per week,neutral
R0167,F089,2,1,high,Latina,female,40‐49,2-4 days per week,neutral
R0167,F106,2,1,low,Black,female,40‐49,2-4 days per week,neutral
R0167,F107,3,0,low,White,female,40‐49,2-4 days per week,neutral
R0168,F027,2,1,high,Asian American,male,30‐39,never,somewhat interested
R0168,F038,3,0,low,Latina,male,30‐39,never,somewhat interested
R0168,F059,3,1,low,Latina,male,30‐39,never,somewhat interested
R0168,F065,3,0,high,White,male,30‐39,never,somewhat interested
R0168,F086,3,1,high,Black,male,30‐39,never,somewhat interested
R0168,F095,2,0,low,Asian American,male,30‐39,never,somewhat interested
R0168,F101,4,0,high,Black,male,30‐39,never,somewhat interested
R0168,F112,3,1,low,White,male,30‐39,never,somewhat interested
R0169,F016,4,1,high,White,male,50‐59,never,not very interested
R0169,F017,3,1,high,Latina,male,50‐59,never,not very interested
R0169,F025,2,0,high,Latina,male,50‐59,never,not very interested
R0169,F067,3,0,high,Asian American,male,50‐59,never,not very interested
R0169,F088,1,1,low,Black,male,50‐59,never,not very interested
R0169,F097,2,1,low,Asian American,male,50‐59,never,not very interested
R0169,F102,2,0,low,Black,male,50‐59,never,not very interested
R0169,F108,2,0,low,White,male,50‐59,never,not very interested
R0170,F001,4,0,high,Asian American,female,40‐49,5+ days per week,not very interested
R0170,F002,3,1,high,Latina,female,40‐49,5+ days per week,not very interested
R0170,F019,4,1,low,White,female,40‐49,5+ days per week,not very interested
R0170,F033,5,0,high,Black,female,40‐49,5+ days per week,not very interested
R0170,F034,3,1,high,Asian American,female,40‐49,5+ days per week,not very interested
R0170,F044,3,0,low,White,female,40‐49,5+ days per week,not very interested
R0170,F053,4,0,low,Latina,female,40‐49,5+ days per week,not very interested
R0170,F054,3,1,low,Black,female,40‐49,5+ days per week,not very interested
R0171,F002,3,0,high,Latina,male,40‐49,never,not at all interested
R0171,F007,2,0,low,Black,male,40‐49,never,not at all interested
R0171,F010,3,0,low,Asian American,male,40‐49,never,not at all interested
R0171,F018,4,1,low,Asian American,male,40‐49,never,not at all interested
R0171,F021,2,1,low,Latina,male,40‐49,never,not at all interested
R0171,F026,4,1,high,White,male,40‐49,never,not at all interested
R0171,F045,5,0,high,White,male,40‐49,never,not at all interested
R0171,F066,3,1,high,Black,male,40‐49,never,not at all interested
R0172,F025,5,1,high,Latina,female,20‐29,5+ days per week,very interested
R0172,F025,6,0,high,Latina,female,20‐29,5+ days per week,very interested
R0172,F027,2,0,high,Asian American,female,20‐29,5+ days per week,very interested
R0172,F045,4,1,high,White,female,20‐29,5+ days per week,very interested
R0172,F046,3,1,low,Black,female,20‐29,5+ days per week,very interested
R0172,F090,3,1,low,Asian American,female,20‐29,5+ days per week,very interested
R0172,F091,2,0,low,Black,female,20‐29,5+ days per week,very interested
R0172,F093,3,0,low,White,female,20‐29,5+ days per week,very interested
R0173,F010,2,1,low,Asian American,male,50‐59,never,not at all interested
R0173,F013,2,0,low,Black,male,50‐59,never,not at all interested
R0173,F023,2,1,high,Black,male,50‐59,never,not at all interested
R0173,F032,2,0,high,Latina,male,50‐59,never,not at all interested
R0173,F042,5,0,high,White,male,50‐59,never,not at all interested
R0173,F055,3,1,low,Latina,male,50‐59,never,not at all interested
R0173,F057,3,0,low,Asian American,male,50‐59,never,not at all interested
R0173,F094,4,1,high,White,male,50‐59,never,not at all interested
R0174,F027,4,1,high,Asian American,female,20‐29,2-4 days per week,somewhat interested
R0174,F030,3,1,high,Latina,female,20‐29,2-4 days per week,somewhat interested
R0174,F035,4,0,low,White,female,20‐29,2-4 days per week,somewhat interested
R0174,F055,3,0,low,Latina,female,20‐29,2-4 days per week,somewhat interested
R0174,F086,3,0,high,Black,female,20‐29,2-4 days per week,somewhat interested
R0174,F087,2,0,high,Asian American,female,20‐29,2-4 days per week,somewhat interested
R0174,F102,2,1,low,Black,female,20‐29,2-4 days per week,somewhat interested
R0174,F112,2,1,low,White,female,20‐29,2-4 days per week,somewhat interested
R0175,F030,3,0,high,Latina,female,50‐59,5+ days per week,somewhat interested
R0175,F050,4,0,low,Black,female,50‐59,5+ days per week,somewhat interested
R0175,F051,3,0,high,Asian American,female,50‐59,5+ days per week,somewhat interested
R0175,F052,3,1,high,White,female,50‐59,5+ days per week,somewhat interested
R0175,F057,2,1,low,Asian American,female,50‐59,5+ days per week,somewhat interested
R0175,F092,3,1,high,Latina,female,50‐59,5+ days per week,somewhat interested
R0175,F093,4,0,low,White,female,50‐59,5+ days per week,somewhat interested
R0175,F114,2,1,low,Black,female,50‐59,5+ days per week,somewhat interested
R0176,F019,2,1,low,White,male,40‐49,never,neutral
R0176,F033,2,1,high,Black,male,40‐49,never,neutral
R0176,F052,1,0,high,White,male,40‐49,never,neutral
R0176,F061,2,1,low,Latina,male,40‐49,never,neutral
R0176,F066,2,0,high,Black,male,40‐49,never,neutral
R0176,F078,2,0,low,Latina,male,40‐49,never,neutral
R0176,F087,1,1,high,Asian American,male,40‐49,never,neutral
R0176,F090,3,0,low,Asian American,male,40‐49,never,neutral
R0177,F019,4,0,low,White,male,40‐49,a few times per year,not very interested
R0177,F025,4,1,high,Latina,male,40‐49,a few times per year,not very interested
R0177,F029,5,1,low,White,male,40‐49,a few times per year,not very interested
R0177,F051,3,0,high,Asian American,male,40‐49,a few times per year,not very interested
R0177,F063,4,0,high,Black,male,40‐49,a few times per year,not very interested
R0177,F078,3,0,low,Latina,male,40‐49,a few times per year,not very interested
R0177,F087,2,1,high,Asian American,male,40‐49,a few times per year,not very interested
R0177,F091,3,1,low,Black,male,40‐49,a few times per year,not very interested
R0178,F012,4,1,high,Latina,male,60‐69,never,not very interested
R0178,F019,4,1,low,White,male,60‐69,never,not very interested
R0178,F020,3,0,low,White,male,60‐69,never,not very interested
R0178,F061,3,0,low,Latina,male,60‐69,never,not very interested
R0178,F070,4,1,low,Black,male,60‐69,never,not very interested
R0178,F082,3,0,high,Black,male,60‐69,never,not very interested
R0178,F110,3,1,high,Asian American,male,60‐69,never,not very interested
R0178,F110,2,0,high,Asian American,male,60‐69,never,not very interested
R0179,F001,3,1,high,Asian American,male,50‐59,never,not at all interested
R0179,F013,1,1,low,Black,male,50‐59,never,not at all interested
R0179,F019,3,0,low,White,male,50‐59,never,not at all interested
R0179,F022,1,0,high,Black,male,50‐59,never,not at all interested
R0179,F029,3,1,low,White,male,50‐59,never,not at all interested
R0179,F032,3,1,high,Latina,male,50‐59,never,not at all interested
R0179,F038,2,0,low,Latina,male,50‐59,never,not at all interested
R0179,F051,4,0,high,Asian American,male,50‐59,never,not at all interested
R0180,F010,3,0,low,Asian American,female,60‐69,2-4 days per week,somewhat interested
R0180,F036,6,1,high,White,female,60‐69,2-4 days per week,somewhat interested
R0180,F048,4,0,low,Black,female,60‐69,2-4 days per week,somewhat interested
R0180,F059,5,1,low,Latina,female,60‐69,2-4 days per week,somewhat interested
R0180,F076,3,1,high,Black,female,60‐69,2-4 days per week,somewhat interested
R0180,F089,5,0,high,Latina,female,60‐69,2-4 days per week,somewhat interested
R0180,F094,5,0,high,White,female,60‐69,2-4 days per week,somewhat interested
R0180,F116,4,1,low,Asian American,female,60‐69,2-4 days per week,somewhat interested
R0181,F026,5,0,high,White,male,20‐29,never,not at all interested
R0181,F051,3,1,high,Asian American,male,20‐29,never,not at all interested
R0181,F060,1,0,low,Asian American,male,20‐29,never,not at all interested
R0181,F063,4,1,high,Black,male,20‐29,never,not at all interested
R0181,F079,5,1,low,White,male,20‐29,never,not at all interested
R0181,F098,3,0,high,Black,male,20‐29,never,not at all interested
R0181,F103,4,0,low,Latina,male,20‐29,never,not at all interested
R0181,F104,2,1,low,Latina,male,20‐29,never,not at all interested
R0182,F001,2,0,high,Asian American,male,30‐39,never,not very interested
R0182,F002,3,1,high,Latina,male,30‐39,never,not very interested
R0182,F012,4,0,high,Latina,male,30‐39,never,not very interested
R0182,F040,3,0,low,Black,male,30‐39,never,not very interested
R0182,F042,4,1,high,White,male,30‐39,never,not very interested
R0182,F069,3,1,low,Black,male,30‐39,never,not very interested
R0182,F095,3,1,low,Asian American,male,30‐39,never,not very interested
R0182,F099,4,0,low,White,male,30‐39,never,not very interested
R0183,F015,1,1,low,Black,female,40‐49,5+ days per week,very interested
R0183,F035,2,1,low,White,female,40‐49,5+ days per week,very interested
R0183,F038,1,0,low,Latina,female,40‐49,5+ days per week,very interested
R0183,F051,3,1,high,Asian American,female,40‐49,5+ days per week,very interested
R0183,F067,1,0,high,Asian American,female,40‐49,5+ days per week,very interested
R0183,F076,1,0,high,Black,female,40‐49,5+ days per week,very interested
R0183,F079,4,0,low,White,female,40‐49,5+ days per week,very interested
R0183,F092,3,1,high,Latina,female,40‐49,5+ days per week,very interested
R0184,F010,2,0,low,Asian American,female,30‐39,5+ days per week,very interested
R0184,F014,2,1,low,White,female,30‐39,5+ days per week,very interested
R0184,F021,3,0,low,Latina,female,30‐39,5+ days per week,very interested
R0184,F022,2,0,high,Black,female,30‐39,5+ days per week,very interested
R0184,F034,2,1,high,Asian American,female,30‐39,5+ days per week,very interested
R0184,F037,3,1,high,Black,female,30‐39,5+ days per week,very interested
R0184,F068,2,0,high,White,female,30‐39,5+ days per week,very interested
R0184,F078,4,1,low,Latina,female,30‐39,5+ days per week,very interested
R0185,F006,3,1,high,Asian American,male,60‐69,never,not very interested
R0185,F017,3,1,high,Latina,male,60‐69,never,not very interested
R0185,F024,4,1,low,Black,male,60‐69,never,not very interested
R0185,F027,2,0,high,Asian American,male,60‐69,never,not very interested
R0185,F072,4,0,low,Latina,male,60‐69,never,not very interested
R0185,F077,3,0,high,Black,male,60‐69,never,not very interested
R0185,F107,3,1,low,White,male,60‐69,never,not very interested
R0185,F107,2,0,low,White,male,60‐69,never,not very interested
R0186,F021,3,1,low,Latina,male,40‐49,a few times per year,not very interested
R0186,F030,3,0,high,Latina,male,40‐49,a few times per year,not very interested
R0186,F045,4,0,high,White,male,40‐49,a few times per year,not very interested
R0186,F050,5,0,low,Black,male,40‐49,a few times per year,not very interested
R0186,F081,4,1,high,White,male,40‐49,a few times per year,not very interested
R0186,F101,3,1,high,Black,male,40‐49,a few times per year,not very interested
R0186,F105,3,1,low,Asian American,male,40‐49,a few times per year,not very interested
R0186,F105,3,0,low,Asian American,male,40‐49,a few times per year,not very interested
R0187,F009,2,1,low,White,female,20‐29,2-4 days per week,neutral
R0187,F055,4,1,low,Latina,female,20‐29,2-4 days per week,neutral
R0187,F057,1,0,low,Asian American,female,20‐29,2-4 days per week,neutral
R0187,F062,5,1,high,Black,female,20‐29,2-4 days per week,neutral
R0187,F063,5,0,high,Black,female,20‐29,2-4 days per week,neutral
R0187,F067,3,1,high,Asian American,female,20‐29,2-4 days per week,neutral
R0187,F084,5,0,high,White,female,20‐29,2-4 days per week,neutral
R0187,F104,6,0,low,Latina,female,20‐29,2-4 days per week,neutral
R0188,F004,2,1,low,White,female,50‐59,about once per week,not very interested
R0188,F011,3,1,low,Latina,female,50‐59,about once per week,not very interested
R0188,F016,3,0,high,White,female,50‐59,about once per week,not very interested
R0188,F018,2,0,low,Asian American,female,50‐59,about once per week,not very interested
R0188,F031,3,1,high,Black,female,50‐59,about once per week,not very interested
R0188,F067,4,1,high,Asian American,female,50‐59,about once per week,not very interested
R0188,F072,3,0,low,Latina,female,50‐59,about once per week,not very interested
R0188,F109,3,0,high,Black,female,50‐59,about once per week,not very interested
R0189,F006,3,0,high,Asian American,female,30‐39,2-4 days per week,neutral
R0189,F007,3,0,low,Black,female,30‐39,2-4 days per week,neutral
R0189,F010,2,1,low,Asian American,female,30‐39,2-4 days per week,neutral
R0189,F030,3,1,high,Latina,female,30‐39,2-4 days per week,neutral
R0189,F044,3,0,low,White,female,30‐39,2-4 days per week,neutral
R0189,F070,4,1,low,Black,female,30‐39,2-4 days per week,neutral
R0189,F071,4,1,high,White,female,30‐39,2-4 days per week,neutral
R0189,F089,4,0,high,Latina,female,30‐39,2-4 days per week,neutral
R0190,F001,4,1,high,Asian American,female,40‐49,never,not very interested
R0190,F021,4,1,low,Latina,female,40‐49,never,not very interested
R0190,F029,4,1,low,White,female,40‐49,never,not very interested
R0190,F072,5,0,low,Latina,female,40‐49,never,not very interested
R0190,F081,4,0,high,White,female,40‐49,never,not very interested
R0190,F086,2,0,high,Black,female,40‐49,never,not very interested
R0190,F097,5,0,low,Asian American,female,40‐49,never,not very interested
R0190,F101,3,1,high,Black,female,40‐49,never,not very interested
R0191,F002,2,0,high,Latina,male,30‐39,never,not at all interested
R0191,F054,2,0,low,Black,male,30‐39,never,not at all interested
R0191,F074,4,1,high,Latina,male,30‐39,never,not at all interested
R0191,F085,2,0,low,White,male,30‐39,never,not at all interested
R0191,F110,2,0,high,Asian American,male,30‐39,never,not at all interested
R0191,F111,5,1,high,White,male,30‐39,never,not at all interested
R0191,F115,3,1,low,Black,male,30‐39,never,not at all interested
R0191,F116,3,1,low,Asian American,male,30‐39,never,not at all interested
R0192,F001,3,1,high,Asian American,male,30‐39,never,not very interested
R0192,F018,3,0,low,Asian American,male,30‐39,never,not very interested
R0192,F038,3,1,low,Latina,male,30‐39,never,not very interested
R0192,F053,4,0,low,Latina,male,30‐39,never,not very interested
R0192,F065,4,0,high,White,male,30‐39,never,not very interested
R0192,F066,3,1,high,Black,male,30‐39,never,not very interested
R0192,F082,4,0,high,Black,male,30‐39,never,not very interested
R0192,F107,5,1,low,White,male,30‐39,never,not very interested
R0193,F012,4,1,high,Latina,male,40‐49,never,not at all interested
R0193,F028,4,1,high,White,male,40‐49,never,not at all interested
R0193,F029,4,0,low,White,male,40‐49,never,not at all interested
R0193,F050,2,1,low,Black,male,40‐49,never,not at all interested
R0193,F067,4,0,high,Asian American,male,40‐49,never,not at all interested
R0193,F088,3,0,low,Black,male,40‐49,never,not at all interested
R0193,F090,4,1,low,Asian American,male,40‐49,never,not at all interested
R0193,F092,3,0,high,Latina,male,40‐49,never,not at all interested
R0194,F004,3,0,low,White,male,50‐59,never,not at all interested
R0194,F007,2,1,low,Black,male,50‐59,never,not at all interested
R0194,F021,1,0,low,Latina,male,50‐59,never,not at all interested
R0194,F031,1,0,high,Black,male,50‐59,never,not at all interested
R0194,F034,2,0,high,Asian American,male,50‐59,never,not at all interested
R0194,F067,5,1,high,Asian American,male,50‐59,never,not at all interested
R0194,F089,5,1,high,Latina,male,50‐59,never,not at all interested
R0194,F096,1,1,low,White,male,50‐59,never,not at all interested
R0195,F001,3,0,high,Asian American,female,30‐39,5+ days per week,not very interested
R0195,F004,2,0,low,White,female,30‐39,5+ days per week,not very interested
R0195,F007,3,1,low,Black,female,30‐39,5+ days per week,not very interested
R0195,F018,2,1,low,Asian American,female,30‐39,5+ days per week,not very interested
R0195,F036,4,1,high,White,female,30‐39,5+ days per week,not very interested
R0195,F056,4,1,high,Latina,female,30‐39,5+ days per week,not very interested
R0195,F070,4,0,low,Black,female,30‐39,5+ days per week,not very interested
R0195,F074,3,0,high,Latina,female,30‐39,5+ days per week,not very interested
R0196,F010,1,0,low,Asian American,male,20‐29,never,not very interested
R0196,F025,1,0,high,Latina,male,20‐29,never,not very interested
R0196,F031,2,1,high,Black,male,20‐29,never,not very interested
R0196,F047,1,1,high,White,male,20‐29,never,not very interested
R0196,F060,1,1,low,Asian American,male,20‐29,never,not very interested
R0196,F065,4,0,high,White,male,20‐29,never,not very interested
R0196,F069,1,0,low,Black,male,20‐29,never,not very interested
R0196,F078,1,1,low,Latina,male,20‐29,never,not very interested
R0197,F009,3,1,low,White,female,30‐39,never,somewhat interested
R0197,F011,3,0,low,Latina,female,30‐39,never,somewhat interested
R0197,F050,2,1,low,Black,female,30‐39,never,somewhat interested
R0197,F051,4,1,high,Asian American,female,30‐39,never,somewhat interested
R0197,F058,2,0,high,Black,female,30‐39,never,somewhat interested
R0197,F075,4,1,high,Latina,female,30‐39,never,somewhat interested
R0197,F085,3,0,low,White,female,30‐39,never,somewhat interested
R0197,F087,2,0,high,Asian American,female,30‐39,never,somewhat interested
R0198,F041,3,1,high,White,male,40‐49,never,not at all interested
R0198,F046,1,0,low,Black,male,40‐49,never,not at all interested
R0198,F064,1,0,high,White,male,40‐49,never,not at all interested
R0198,F074,1,0,high,Latina,male,40‐49,never,not at all interested
R0198,F077,1,1,high,Black,male,40‐49,never,not at all interested
R0198,F078,1,1,low,Latina,male,40‐49,never,not at all interested
R0198,F097,1,1,low,Asian American,male,40‐49,never,not at all interested
R0198,F097,1,0,low,Asian American,male,40‐49,never,not at all interested
R0199,F029,3,0,low,White,female,30‐39,5+ days per week,somewhat interested
R0199,F030,2,1,high,Latina,female,30‐39,5+ days per week,somewhat interested
R0199,F067,3,0,high,Asian American,female,30‐39,5+ days per week,somewhat interested
R0199,F069,2,1,low,Black,female,30‐39,5+ days per week,somewhat interested
R0199,F099,2,1,low,White,female,30‐39,5+ days per week,somewhat interested
R0199,F104,2,0,low,Latina,female,30‐39,5+ days per week,somewhat interested
R0199,F109,3,0,high,Black,female,30‐39,5+ days per week,somewhat interested
R0199,F110,2,1,high,Asian American,female,30‐39,5+ days per week,somewhat interested
R0200,F005,3,1,high,White,female,20‐29,about once per week,neutral
R0200,F011,3,1,low,Latina,female,20‐29,about once per week,neutral
R0200,F012,3,0,high,Latina,female,20‐29,about once per week,neutral
R0200,F024,2,0,low,Black,female,20‐29,about once per week,neutral
R0200,F057,2,1,low,Asian American,female,20‐29,about once per week,neutral
R0200,F081,5,0,high,White,female,20‐29,about once per week,neutral
R0200,F090,4,0,low,Asian American,female,20‐29,about once per week,neutral
R0200,F098,4,1,high,Black,female,20‐29,about once per week,neutral
R0201,F002,3,1,high,Latina,female,30‐39,5+ days per week,somewhat interested
R0201,F039,4,1,low,White,female,30‐39,5+ days per week,somewhat interested
R0201,F053,4,0,low,Latina,female,30‐39,5+ days per week,somewhat interested
R0201,F083,4,1,high,Asian American,female,30‐39,5+ days per week,somewhat interested
R0201,F096,4,0,low,White,female,30‐39,5+ days per week,somewhat interested
R0201,F100,3,0,high,Black,female,30‐39,5+ days per week,somewhat interested
R0201,F110,3,0,high,Asian American,female,30‐39,5+ days per week,somewhat interested
R0201,F115,4,1,low,Black,female,30‐39,5+ days per week,somewhat interested
R0202,F006,3,1,high,Asian American,male,50‐59,never,neutral
R0202,F046,4,1,low,Black,male,50‐59,never,neutral
R0202,F051,3,0,high,Asian American,male,50‐59,never,neutral
R0202,F056,4,1,high,Latina,male,50‐59,never,neutral
R0202,F059,4,0,low,Latina,male,50‐59,never,neutral
R0202,F099,4,0,low,White,male,50‐59,never,neutral
R0202,F108,5,1,low,White,male,50‐59,never,neutral
R0202,F113,3,0,high,Black,male,50‐59,never,neutral
R0203,F011,3,0,low,Latina,male,50‐59,never,somewhat interested
R0203,F021,2,1,low,Latina,male,50‐59,never,somewhat interested
R0203,F023,3,1,high,Black,male,50‐59,never,somewhat interested
R0203,F034,3,1,high,Asian American,male,50‐59,never,somewhat interested
R0203,F041,3,0,high,White,male,50‐59,never,somewhat interested
R0203,F090,3,0,low,Asian American,male,50‐59,never,somewhat interested
R0203,F108,3,1,low,White,male,50‐59,never,somewhat interested
R0203,F113,3,0,high,Black,male,50‐59,never,somewhat interested
R0204,F017,2,0,high,Latina,female,40‐49,5+ days per week,somewhat interested
R0204,F020,2,0,low,White,female,40‐49,5+ days per week,somewhat interested
R0204,F025,2,1,high,Latina,female,40‐49,5+ days per week,somewhat interested
R0204,F034,2,0,high,Asian American,female,40‐49,5+ days per week,somewhat interested
R0204,F045,4,1,high,White,female,40‐49,5+ days per week,somewhat interested
R0204,F048,2,1,low,Black,female,40‐49,5+ days per week,somewhat interested
R0204,F060,2,1,low,Asian American,female,40‐49,5+ days per week,somewhat interested
R0204,F091,2,0,low,Black,female,40‐49,5+ days per week,somewhat interested
R0205,F008,5,0,high,White,female,30‐39,5+ days per week,very interested
R0205,F016,4,1,high,White,female,30‐39,5+ days per week,very interested
R0205,F038,4,1,low,Latina,female,30‐39,5+ days per week,very interested
R0205,F063,4,1,high,Black,female,30‐39,5+ days per week,very interested
R0205,F075,4,0,high,Latina,female,30‐39,5+ days per week,very interested
R0205,F088,2,0,low,Black,female,30‐39,5+ days per week,very interested
R0205,F116,4,1,low,Asian American,female,30‐39,5+ days per week,very interested
R0205,F116,4,0,low,Asian American,female,30‐39,5+ days per week,very interested
R0206,F040,5,1,low,Black,female,40‐49,5+ days per week,somewhat interested
R0206,F046,3,0,low,Black,female,40‐49,5+ days per week,somewhat interested
R0206,F051,3,0,high,Asian American,female,40‐49,5+ days per week,somewhat interested
R0206,F075,4,1,high,Latina,female,40‐49,5+ days per week,somewhat interested
R0206,F079,5,0,low,White,female,40‐49,5+ days per week,somewhat interested
R0206,F084,5,1,high,White,female,40‐49,5+ days per week,somewhat interested
R0206,F089,5,0,high,Latina,female,40‐49,5+ days per week,somewhat interested
R0206,F095,4,1,low,Asian American,female,40‐49,5+ days per week,somewhat interested
R0207,F011,1,1,low,Latina,male,40‐49,1-3 days per month,not very interested
R0207,F035,3,1,low,White,male,40‐49,1-3 days per month,not very interested
R0207,F045,2,0,high,White,male,40‐49,1-3 days per month,not very interested
R0207,F057,2,0,low,Asian American,male,40‐49,1-3 days per month,not very interested
R0207,F059,3,0,low,Latina,male,40‐49,1-3 days per month,not very interested
R0207,F086,2,0,high,Black,male,40‐49,1-3 days per month,not very interested
R0207,F109,3,1,high,Black,male,40‐49,1-3 days per month,not very interested
R0207,F110,4,1,high,Asian American,male,40‐49,1-3 days per month,not very interested
R0208,F006,1,0,high,Asian American,male,20‐29,never,neutral
R0208,F009,2,0,low,White,male,20‐29,never,neutral
R0208,F016,1,1,high,White,male,20‐29,never,neutral
R0208,F024,1,1,low,Black,male,20‐29,never,neutral
R0208,F024,2,0,low,Black,male,20‐29,never,neutral
R0208,F056,1,1,high,Latina,male,20‐29,never,neutral
R0208,F075,1,0,high,Latina,male,20‐29,never,neutral
R0208,F097,1,1,low,Asian American,male,20‐29,never,neutral
R0209,F003,4,1,low,White,female,60‐69,5+ days per week,neutral
R0209,F033,5,0,high,Black,female,60‐69,5+ days per week,neutral
R0209,F038,4,0,low,Latina,female,60‐69,5+ days per week,neutral
R0209,F047,4,0,high,White,female,60‐69,5+ days per week,neutral
R0209,F051,4,1,high,Asian American,female,60‐69,5+ days per week,neutral
R0209,F072,4,1,low,Latina,female,60‐69,5+ days per week,neutral
R0209,F082,5,1,high,Black,female,60‐69,5+ days per week,neutral
R0209,F097,4,0,low,Asian American,female,60‐69,5+ days per week,neutral
R0210,F007,4,0,low,Black,male,40‐49,never,somewhat interested
R0210,F018,3,1,low,Asian American,male,40‐49,never,somewhat interested
R0210,F018,2,0,low,Asian American,male,40‐49,never,somewhat interested
R0210,F025,2,0,high,Latina,male,40‐49,never,somewhat interested
R0210,F026,6,0,high,White,male,40‐49,never,somewhat interested
R0210,F038,4,1,low,Latina,male,40‐49,never,somewhat interested
R0210,F062,3,1,high,Black,male,40‐49,never,somewhat interested
R0210,F071,2,1,high,White,male,40‐49,never,somewhat interested
R0211,F006,1,0,high,Asian American,female,20‐29,5+ days per week,very interested
R0211,F037,1,0,high,Black,female,20‐29,5+ days per week,very interested
R0211,F040,2,1,low,Black,female,20‐29,5+ days per week,very interested
R0211,F055,1,0,low,Latina,female,20‐29,5+ days per week,very interested
R0211,F056,1,1,high,Latina,female,20‐29,5+ days per week,very interested
R0211,F079,1,1,low,White,female,20‐29,5+ days per week,very interested
R0211,F087,1,1,high,Asian American,female,20‐29,5+ days per week,very interested
R0211,F112,1,0,low,White,female,20‐29,5+ days per week,very interested
R0212,F009,4,0,low,White,female,40‐49,5+ days per week,somewhat interested
R0212,F025,2,1,high,Latina,female,40‐49,5+ days per week,somewhat interested
R0212,F027,2,1,high,Asian American,female,40‐49,5+ days per week,somewhat interested
R0212,F027,3,0,high,Asian American,female,40‐49,5+ days per week,somewhat interested
R0212,F038,4,0,low,Latina,female,40‐49,5+ days per week,somewhat interested
R0212,F040,3,1,low,Black,female,40‐49,5+ days per week,somewhat interested
R0212,F049,1,0,high,Black,female,40‐49,5+ days per week,somewhat interested
R0212,F112,3,1,low,White,female,40‐49,5+ days per week,somewhat interested
R0213,F016,4,0,high,White,female,40‐49,5+ days per week,neutral
R0213,F023,3,0,high,Black,female,40‐49,5+ days per week,neutral
R0213,F027,3,1,high,Asian American,female,40‐49,5+ days per week,neutral
R0213,F038,3,1,low,Latina,female,40‐49,5+ days per week,neutral
R0213,F039,4,1,low,White,female,40‐49,5+ days per week,neutral
R0213,F055,3,0,low,Latina,female,40‐49,5+ days per week,neutral
R0213,F100,4,1,high,Black,female,40‐49,5+ days per week,neutral
R0213,F116,3,0,low,Asian American,female,40‐49,5+ days per week,neutral
R0214,F010,3,1,low,Asian American,male,70 and above,never,not at all interested
R0214,F017,4,1,high,Latina,male,70 and above,never,not at all interested
R0214,F030,3,0,high,Latina,male,70 and above,never,not at all interested
R0214,F035,3,0,low,White,male,70 and above,never,not at all interested
R0214,F043,3,0,low,Black,male,70 and above,never,not at all interested
R0214,F087,2,0,high,Asian American,male,70 and above,never,not at all interested
R0214,F091,4,1,low,Black,male,70 and above,never,not at all interested
R0214,F094,4,1,high,White,male,70 and above,never,not at all interested
R0215,F008,4,0,high,White,male,60‐69,never,not at all interested
R0215,F044,1,1,low,White,male,60‐69,never,not at all interested
R0215,F058,3,1,high,Black,male,60‐69,never,not at all interested
R0215,F060,2,0,low,Asian American,male,60‐69,never,not at all interested
R0215,F061,4,1,low,Latina,male,60‐69,never,not at all interested
R0215,F078,4,0,low,Latina,male,60‐69,never,not at all interested
R0215,F087,1,1,high,Asian American,male,60‐69,never,not at all interested
R0215,F100,2,0,high,Black,male,60‐69,never,not at all interested
R0216,F042,4,1,high,White,male,40‐49,never,somewhat interested
R0216,F053,4,1,low,Latina,male,40‐49,never,somewhat interested
R0216,F060,3,0,low,Asian American,male,40‐49,never,somewhat interested
R0216,F089,4,0,high,Latina,male,40‐49,never,somewhat interested
R0216,F090,4,1,low,Asian American,male,40‐49,never,somewhat interested
R0216,F102,4,0,low,Black,male,40‐49,never,somewhat interested
R0216,F111,4,0,high,White,male,40‐49,never,somewhat interested
R0216,F113,4,1,high,Black,male,40‐49,never,somewhat interested
R0217,F015,1,1,low,Black,male,40‐49,never,not at all interested
R0217,F017,2,1,high,Latina,male,40‐49,never,not at all interested
R0217,F032,3,0,high,Latina,male,40‐49,never,not at all interested
R0217,F057,2,1,low,Asian American,male,40‐49,never,not at all interested
R0217,F068,2,1,high,White,male,40‐49,never,not at all interested
R0217,F083,5,0,high,Asian American,male,40‐49,never,not at all interested
R0217,F108,3,0,low,White,male,40‐49,never,not at all interested
R0217,F115,4,0,low,Black,male,40‐49,never,not at all interested
R0218,F010,2,1,low,Asian American,female,50‐59,5+ days per week,not very interested
R0218,F011,2,1,low,Latina,female,50‐59,5+ days per week,not very interested
R0218,F032,1,0,high,Latina,female,50‐59,5+ days per week,not very interested
R0218,F043,2,0,low,Black,female,50‐59,5+ days per week,not very interested
R0218,F052,4,0,high,White,female,50‐59,5+ days per week,not very interested
R0218,F057,1,0,low,Asian American,female,50‐59,5+ days per week,not very interested
R0218,F066,1,1,high,Black,female,50‐59,5+ days per week,not very interested
R0218,F068,3,1,high,White,female,50‐59,5+ days per week,not very interested
R0219,F012,3,0,high,Latina,male,40‐49,never,not very interested
R0219,F013,4,0,low,Black,male,40‐49,never,not very interested
R0219,F027,3,0,high,Asian American,male,40‐49,never,not very interested
R0219,F030,4,1,high,Latina,male,40‐49,never,not very interested
R0219,F039,3,0,low,White,male,40‐49,never,not very interested
R0219,F042,4,1,high,White,male,40‐49,never,not very interested
R0219,F054,2,1,low,Black,male,40‐49,never,not very interested
R0219,F116,4,1,low,Asian American,male,40‐49,never,not very interested
R0220,F004,4,1,low,White,female,20‐29,2-4 days per week,somewhat interested
R0220,F034,3,1,high,Asian American,female,20‐29,2-4 days per week,somewhat interested
R0220,F034,1,0,high,Asian American,female,20‐29,2-4 days per week,somewhat interested
R0220,F035,3,0,low,White,female,20‐29,2-4 days per week,somewhat interested
R0220,F048,1,1,low,Black,female,20‐29,2-4 days per week,somewhat interested
R0220,F072,2,0,low,Latina,female,20‐29,2-4 days per week,somewhat interested
R0220,F074,6,1,high,Latina,female,20‐29,2-4 days per week,somewhat interested
R0220,F101,3,0,high,Black,female,20‐29,2-4 days per week,somewhat interested
R0221,F015,2,0,low,Black,male,40‐49,never,not at all interested
R0221,F026,5,1,high,White,male,40‐49,never,not at all interested
R0221,F028,3,0,high,White,male,40‐49,never,not at all interested
R0221,F058,3,1,high,Black,male,40‐49,never,not at all interested
R0221,F074,2,0,high,Latina,male,40‐49,never,not at all interested
R0221,F095,3,0,low,Asian American,male,40‐49,never,not at all interested
R0221,F104,6,1,low,Latina,male,40‐49,never,not at all interested
R0221,F105,1,1,low,Asian American,male,40‐49,never,not at all interested
R0222,F020,3,1,low,White,male,40‐49,never,not at all interested
R0222,F036,2,0,high,White,male,40‐49,never,not at all interested
R0222,F061,1,0,low,Latina,male,40‐49,never,not at all interested
R0222,F076,2,0,high,Black,male,40‐49,never,not at all interested
R0222,F077,1,1,high,Black,male,40‐49,never,not at all interested
R0222,F083,2,1,high,Asian American,male,40‐49,never,not at all interested
R0222,F103,2,1,low,Latina,male,40‐49,never,not at all interested
R0222,F105,2,0,low,Asian American,male,40‐49,never,not at all interested
R0223,F006,1,1,high,Asian American,male,50‐59,never,not very interested
R0223,F010,1,0,low,Asian American,male,50‐59,never,not very interested
R0223,F031,2,0,high,Black,male,50‐59,never,not very interested
R0223,F049,1,1,high,Black,male,50‐59,never,not very interested
R0223,F055,3,1,low,Latina,male,50‐59,never,not very interested
R0223,F073,1,1,low,White,male,50‐59,never,not very interested
R0223,F103,4,0,low,Latina,male,50‐59,never,not very interested
R0223,F111,4,0,high,White,male,50‐59,never,not very interested
R0224,F002,3,0,high,Latina,female,20‐29,2-4 days per week,not very interested
R0224,F015,6,0,low,Black,female,20‐29,2-4 days per week,not very interested
R0224,F016,5,0,high,White,female,20‐29,2-4 days per week,not very interested
R0224,F022,4,1,high,Black,female,20‐29,2-4 days per week,not very interested
R0224,F028,5,1,high,White,female,20‐29,2-4 days per week,not very interested
R0224,F055,5,1,low,Latina,female,20‐29,2-4 days per week,not very interested
R0224,F097,3,1,low,Asian American,female,20‐29,2-4 days per week,not very interested
R0224,F116,2,0,low,Asian American,female,20‐29,2-4 days per week,not very interested
R0225,F001,4,1,high,Asian American,female,40‐49,2-4 days per week,somewhat interested
R0225,F001,2,0,high,Asian American,female,40‐49,2-4 days per week,somewhat interested
R0225,F003,2,0,low,White,female,40‐49,2-4 days per week,somewhat interested
R0225,F020,2,1,low,White,female,40‐49,2-4 days per week,somewhat interested
R0225,F066,2,0,high,Black,female,40‐49,2-4 days per week,somewhat interested
R0225,F075,5,1,high,Latina,female,40‐49,2-4 days per week,somewhat interested
R0225,F078,3,0,low,Latina,female,40‐49,2-4 days per week,somewhat interested
R0225,F106,3,1,low,Black,female,40‐49,2-4 days per week,somewhat interested
R0226,F003,4,1,low,White,male,20‐29,never,not at all interested
R0226,F006,3,0,high,Asian American,male,20‐29,never,not at all interested
R0226,F011,4,0,low,Latina,male,20‐29,never,not at all interested
R0226,F032,3,1,high,Latina,male,20‐29,never,not at all interested
R0226,F039,5,0,low,White,male,20‐29,never,not at all interested
R0226,F063,4,0,high,Black,male,20‐29,never,not at all interested
R0226,F088,2,1,low,Black,male,20‐29,never,not at all interested
R0226,F110,4,1,high,Asian American,male,20‐29,never,not at all interested
R0227,F018,1,1,low,Asian American,female,40‐49,5+ days per week,somewhat interested
R0227,F025,5,1,high,Latina,female,40‐49,5+ days per week,somewhat interested
R0227,F025,4,0,high,Latina,female,40‐49,5+ days per week,somewhat interested
R0227,F052,3,1,high,White,female,40‐49,5+ days per week,somewhat interested
R0227,F087,1,0,high,Asian American,female,40‐49,5+ days per week,somewhat interested
R0227,F088,2,1,low,Black,female,40‐49,5+ days per week,somewhat interested
R0227,F091,3,0,low,Black,female,40‐49,5+ days per week,somewhat interested
R0227,F096,4,0,low,White,female,40‐49,5+ days per week,somewhat interested
R0228,F005,2,0,high,White,male,40‐49,never,neutral
R0228,F022,2,1,high,Black,male,40‐49,never,neutral
R0228,F049,2,0,high,Black,male,40‐49,never,neutral
R0228,F051,3,1,high,Asian American,male,40‐49,never,neutral
R0228,F078,3,0,low,Latina,male,40‐49,never,neutral
R0228,F093,3,1,low,White,male,40‐49,never,neutral
R0228,F095,2,0,low,Asian American,male,40‐49,never,neutral
R0228,F104,3,1,low,Latina,male,40‐49,never,neutral
R0229,F011,4,0,low,Latina,female,50‐59,5+ days per week,somewhat interested
R0229,F034,4,1,high,Asian American,female,50‐59,5+ days per week,somewhat interested
R0229,F049,2,0,high,Black,female,50‐59,5+ days per week,somewhat interested
R0229,F053,4,1,low,Latina,female,50‐59,5+ days per week,somewhat interested
R0229,F064,4,0,high,White,female,50‐59,5+ days per week,somewhat interested
R0229,F085,5,1,low,White,female,50‐59,5+ days per week,somewhat interested
R0229,F101,3,1,high,Black,female,50‐59,5+ days per week,somewhat interested
R0229,F105,3,0,low,Asian American,female,50‐59,5+ days per week,somewhat interested
R0230,F013,4,1,low,Black,female,40‐49,5+ days per week,somewhat interested
R0230,F041,4,1,high,White,female,40‐49,5+ days per week,somewhat interested
R0230,F051,4,0,high,Asian American,female,40‐49,5+ days per week,somewhat interested
R0230,F073,2,0,low,White,female,40‐49,5+ days per week,somewhat interested
R0230,F089,2,1,high,Latina,female,40‐49,5+ days per week,somewhat interested
R0230,F090,3,1,low,Asian American,female,40‐49,5+ days per week,somewhat interested
R0230,F092,2,0,high,Latina,female,40‐49,5+ days per week,somewhat interested
R0230,F115,2,0,low,Black,female,40‐49,5+ days per week,somewhat interested
R0231,F010,3,0,low,Asian American,male,20‐29,never,not at all interested
R0231,F042,4,0,high,White,male,20‐29,never,not at all interested
R0231,F049,4,1,high,Black,male,20‐29,never,not at all interested
R0231,F053,3,0,low,Latina,male,20‐29,never,not at all interested
R0231,F058,4,0,high,Black,male,20‐29,never,not at all interested
R0231,F059,4,1,low,Latina,male,20‐29,never,not at all interested
R0231,F083,4,1,high,Asian American,male,20‐29,never,not at all interested
R0231,F096,3,1,low,White,male,20‐29,never,not at all interested
R0232,F018,3,1,low,Asian American,male,50‐59,never,not very interested
R0232,F030,4,0,high,Latina,male,50‐59,never,not very interested
R0232,F036,5,1,high,White,male,50‐59,never,not very interested
R0232,F050,3,0,low,Black,male,50‐59,never,not very interested
R0232,F072,3,1,low,Latina,male,50‐59,never,not very interested
R0232,F086,5,1,high,Black,male,50‐59,never,not very interested
R0232,F090,4,0,low,Asian American,male,50‐59,never,not very interested
R0232,F094,4,0,high,White,male,50‐59,never,not very interested
R0233,F001,2,0,high,Asian American,male,40‐49,never,not very interested
R0233,F017,3,1,high,Latina,male,40‐49,never,not very interested
R0233,F043,2,1,low,Black,male,40‐49,never,not very interested
R0233,F044,4,0,low,White,male,40‐49,never,not very interested
R0233,F062,2,0,high,Black,male,40‐49,never,not very interested
R0233,F073,4,1,low,White,male,40‐49,never,not very interested
R0233,F087,4,1,high,Asian American,male,40‐49,never,not very interested
R0233,F103,3,0,low,Latina,male,40‐49,never,not very interested
R0234,F010,2,1,low,Asian American,male,40‐49,never,not very interested
R0234,F018,1,0,low,Asian American,male,40‐49,never,not very interested
R0234,F056,2,0,high,Latina,male,40‐49,never,not very interested
R0234,F061,2,1,low,Latina,male,40‐49,never,not very interested
R0234,F080,3,0,high,White,male,40‐49,never,not very interested
R0234,F084,3,1,high,White,male,40‐49,never,not very interested
R0234,F109,2,1,high,Black,male,40‐49,never,not very interested
R0234,F114,2,0,low,Black,male,40‐49,never,not very interested
R0235,F001,3,1,high,Asian American,male,20‐29,never,somewhat interested
R0235,F009,1,1,low,White,male,20‐29,never,somewhat interested
R0235,F021,2,0,low,Latina,male,20‐29,never,somewhat interested
R0235,F028,1,0,high,White,male,20‐29,never,somewhat interested
R0235,F033,1,1,high,Black,male,20‐29,never,somewhat interested
R0235,F038,2,1,low,Latina,male,20‐29,never,somewhat interested
R0235,F057,1,0,low,Asian American,male,20‐29,never,somewhat interested
R0235,F058,1,0,high,Black,male,20‐29,never,somewhat interested
R0236,F058,4,1,high,Black,female,40‐49,5+ days per week,very interested
R0236,F071,5,0,high,White,female,40‐49,5+ days per week,very interested
R0236,F090,4,0,low,Asian American,female,40‐49,5+ days per week,very interested
R0236,F093,5,1,low,White,female,40‐49,5+ days per week,very interested
R0236,F098,5,0,high,Black,female,40‐49,5+ days per week,very interested
R0236,F104,6,0,low,Latina,female,40‐49,5+ days per week,very interested
R0236,F104,4,1,low,Latina,female,40‐49,5+ days per week,very interested
R0236,F110,3,1,high,Asian American,female,40‐49,5+ days per week,very interested
R0237,F021,3,1,low,Latina,female,50‐59,2-4 days per week,somewhat interested
R0237,F045,4,1,high,White,female,50‐59,2-4 days per week,somewhat interested
R0237,F060,3,1,low,Asian American,female,50‐59,2-4 days per week,somewhat interested
R0237,F071,4,0,high,White,female,50‐59,2-4 days per week,somewhat interested
R0237,F088,3,0,low,Black,female,50‐59,2-4 days per week,somewhat interested
R0237,F092,4,0,high,Latina,female,50‐59,2-4 days per week,somewhat interested
R0237,F095,3,0,low,Asian American,female,50‐59,2-4 days per week,somewhat interested
R0237,F100,4,1,high,Black,female,50‐59,2-4 days per week,somewhat interested
R0238,F002,2,1,high,Latina,female,50‐59,a few times per year,not very interested
R0238,F009,4,0,low,White,female,50‐59,a few times per year,not very interested
R0238,F032,2,0,high,Latina,female,50‐59,a few times per year,not very interested
R0238,F046,2,0,low,Black,female,50‐59,a few times per year,not very interested
R0238,F057,2,1,low,Asian American,female,50‐59,a few times per year,not very interested
R0238,F070,4,1,low,Black,female,50‐59,a few times per year,not very interested
R0238,F080,4,1,high,White,female,50‐59,a few times per year,not very interested
R0238,F083,4,0,high,Asian American,female,50‐59,a few times per year,not very interested
R0239,F014,2,1,low,White,female,40‐49,5+ days per week,very interested
R0239,F039,5,0,low,White,female,40‐49,5+ days per week,very interested
R0239,F051,4,1,high,Asian American,female,40‐49,5+ days per week,very interested
R0239,F051,5,0,high,Asian American,female,40‐49,5+ days per week,very interested
R0239,F054,3,1,low,Black,female,40‐49,5+ days per week,very interested
R0239,F061,3,0,low,Latina,female,40‐49,5+ days per week,very interested
R0239,F086,3,0,high,Black,female,40‐49,5+ days per week,very interested
R0239,F089,3,1,high,Latina,female,40‐49,5+ days per week,very interested
R0240,F025,2,0,high,Latina,male,50‐59,never,not at all interested
R0240,F047,4,0,high,White,male,50‐59,never,not at all interested
R0240,F048,1,0,low,Black,male,50‐59,never,not at all interested
R0240,F055,4,1,low,Latina,male,50‐59,never,not at all interested
R0240,F057,2,1,low,Asian American,male,50‐59,never,not at all interested
R0240,F057,2,0,low,Asian American,male,50‐59,never,not at all interested
R0240,F077,2,1,high,Black,male,50‐59,never,not at all interested
R0240,F111,3,1,high,White,male,50‐59,never,not at all interested
R0241,F034,3,1,high,Asian American,female,30‐39,5+ days per week,very interested
R0241,F044,3,1,low,White,female,30‐39,5+ days per week,very interested
R0241,F048,3,1,low,Black,female,30‐39,5+ days per week,very interested
R0241,F056,5,1,high,Latina,female,30‐39,5+ days per week,very interested
R0241,F061,4,0,low,Latina,female,30‐39,5+ days per week,very interested
R0241,F062,3,0,high,Black,female,30‐39,5+ days per week,very interested
R0241,F085,4,0,low,White,female,30‐39,5+ days per week,very interested
R0241,F087,3,0,high,Asian American,female,30‐39,5+ days per week,very interested
R0242,F031,5,1,high,Black,male,50‐59,1-3 days per month,somewhat interested
R0242,F036,4,0,high,White,male,50‐59,1-3 days per month,somewhat interested
R0242,F044,2,1,low,White,male,50‐59,1-3 days per month,somewhat interested
R0242,F053,4,1,low,Latina,male,50‐59,1-3 days per month,somewhat interested
R0242,F061,2,0,low,Latina,male,50‐59,1-3 days per month,somewhat interested
R0242,F087,3,1,high,Asian American,male,50‐59,1-3 days per month,somewhat interested
R0242,F113,3,0,high,Black,male,50‐59,1-3 days per month,somewhat interested
R0242,F116,3,0,low,Asian American,male,50‐59,1-3 days per month,somewhat interested
R0243,F010,2,0,low,Asian American,female,40‐49,5+ days per week,very interested
R0243,F012,4,0,high,Latina,female,40‐49,5+ days per week,very interested
R0243,F042,3,0,high,White,female,40‐49,5+ days per week,very interested
R0243,F052,5,1,high,White,female,40‐49,5+ days per week,very interested
R0243,F072,3,1,low,Latina,female,40‐49,5+ days per week,very interested
R0243,F095,2,1,low,Asian American,female,40‐49,5+ days per week,very interested
R0243,F100,2,1,high,Black,female,40‐49,5+ days per week,very interested
R0243,F102,4,0,low,Black,female,40‐49,5+ days per week,very interested
R0244,F005,4,1,high,White,male,50‐59,never,not at all interested
R0244,F012,3,0,high,Latina,male,50‐59,never,not at all interested
R0244,F024,2,1,low,Black,male,50‐59,never,not at all interested
R0244,F034,3,0,high,Asian American,male,50‐59,never,not at all interested
R0244,F060,3,1,low,Asian American,male,50‐59,never,not at all interested
R0244,F074,3,1,high,Latina,male,50‐59,never,not at all interested
R0244,F079,3,0,low,White,male,50‐59,never,not at all interested
R0244,F114,3,0,low,Black,male,50‐59,never,not at all interested
R0245,F001,2,0,high,Asian American,male,40‐49,never,not at all interested
R0245,F002,2,1,high,Latina,male,40‐49,never,not at all interested
R0245,F024,4,0,low,Black,male,40‐49,never,not at all interested
R0245,F026,5,1,high,White,male,40‐49,never,not at all interested
R0245,F046,4,1,low,Black,male,40‐49,never,not at all interested
R0245,F075,4,0,high,Latina,male,40‐49,never,not at all interested
R0245,F107,3,0,low,White,male,40‐49,never,not at all interested
R0245,F116,2,1,low,Asian American,male,40‐49,never,not at all interested
R0246,F023,2,0,high,Black,female,30‐39,5+ days per week,not very interested
R0246,F052,2,0,high,White,female,30‐39,5+ days per week,not very interested
R0246,F059,4,0,low,Latina,female,30‐39,5+ days per week,not very interested
R0246,F067,4,1,high,Asian American,female,30‐39,5+ days per week,not very interested
R0246,F077,3,1,high,Black,female,30‐39,5+ days per week,not very interested
R0246,F078,4,1,low,Latina,female,30‐39,5+ days per week,not very interested
R0246,F097,2,0,low,Asian American,female,30‐39,5+ days per week,not very interested
R0246,F112,4,1,low,White,female,30‐39,5+ days per week,not very interested
R0247,F021,2,1,low,Latina,male,70 and above,never,not very interested
R0247,F041,5,0,high,White,male,70 and above,never,not very interested
R0247,F043,1,0,low,Black,male,70 and above,never,not very interested
R0247,F056,3,0,high,Latina,male,70 and above,never,not very interested
R0247,F064,3,1,high,White,male,70 and above,never,not very interested
R0247,F090,3,1,low,Asian American,male,70 and above,never,not very interested
R0247,F098,4,1,high,Black,male,70 and above,never,not very interested
R0247,F105,2,0,low,Asian American,male,70 and above,never,not very interested
R0248,F034,2,0,high,Asian American,male,40‐49,never,not very interested
R0248,F050,2,1,low,Black,male,40‐49,never,not very interested
R0248,F059,4,0,low,Latina,male,40‐49,never,not very interested
R0248,F067,4,1,high,Asian American,male,40‐49,never,not very interested
R0248,F075,4,1,high,Latina,male,40‐49,never,not very interested
R0248,F085,3,1,low,White,male,40‐49,never,not very interested
R0248,F086,1,0,high,Black,male,40‐49,never,not very interested
R0248,F112,3,0,low,White,male,40‐49,never,not very interested
R0249,F006,2,0,high,Asian American,female,60‐69,a few times per year,neutral
R0249,F032,2,1,high,Latina,female,60‐69,a few times per year,neutral
R0249,F040,3,1,low,Black,female,60‐69,a few times per year,neutral
R0249,F043,4,0,low,Black,female,60‐69,a few times per year,neutral
R0249,F065,4,1,high,White,female,60‐69,a few times per year,neutral
R0249,F074,3,0,high,Latina,female,60‐69,a few times per year,neutral
R0249,F085,3,0,low,White,female,60‐69,a few times per year,neutral
R0249,F105,2,1,low,Asian American,female,60‐69,a few times per year,neutral
R0250,F001,2,1,high,Asian American,female,60‐69,2-4 days per week,not very interested
R0250,F020,4,0,low,White,female,60‐69,2-4 days per week,not very interested
R0250,F021,3,0,low,Latina,female,60‐69,2-4 days per week,not very interested
R0250,F029,3,1,low,White,female,60‐69,2-4 days per week,not very interested
R0250,F033,3,0,high,Black,female,60‐69,2-4 days per week,not very interested
R0250,F089,3,1,high,Latina,female,60‐69,2-4 days per week,not very interested
R0250,F106,3,1,low,Black,female,60‐69,2-4 days per week,not very interested
R0250,F110,2,0,high,Asian American,female,60‐69,2-4 days per week,not very interested
R0251,F008,4,0,high,White,female,20‐29,5+ days per week,somewhat interested
R0251,F046,2,0,low,Black,female,20‐29,5+ days per week,somewhat interested
R0251,F049,2,1,high,Black,female,20‐29,5+ days per week,somewhat interested
R0251,F057,3,1,low,Asian American,female,20‐29,5+ days per week,somewhat interested
R0251,F071,4,1,high,White,female,20‐29,5+ days per week,somewhat interested
R0251,F092,3,0,high,Latina,female,20‐29,5+ days per week,somewhat interested
R0251,F095,1,0,low,Asian American,female,20‐29,5+ days per week,somewhat interested
R0251,F103,3,1,low,Latina,female,20‐29,5+ days per week,somewhat interested
R0252,F025,5,1,high,Latina,male,50‐59,never,not very interested
R0252,F035,4,0,low,White,male,50‐59,never,not very interested
R0252,F045,5,1,high,White,male,50‐59,never,not very interested
R0252,F054,1,0,low,Black,male,50‐59,never,not very interested
R0252,F060,2,1,low,Asian American,male,50‐59,never,not very interested
R0252,F083,5,0,high,Asian American,male,50‐59,never,not very interested
R0252,F092,3,0,high,Latina,male,50‐59,never,not very interested
R0252,F102,4,1,low,Black,male,50‐59,never,not very interested
R0253,F008,2,0,high,White,male,40‐49,never,not at all interested
R0253,F038,3,0,low,Latina,male,40‐49,never,not at all interested
R0253,F051,2,1,high,Asian American,male,40‐49,never,not at all interested
R0253,F057,1,0,low,Asian American,male,40‐49,never,not at all interested
R0253,F062,3,0,high,Black,male,40‐49,never,not at all interested
R0253,F066,1,1,high,Black,male,40‐49,never,not at all interested
R0253,F072,3,1,low,Latina,male,40‐49,never,not at all interested
R0253,F073,2,1,low,White,male,40‐49,never,not at all interested
R0254,F035,3,1,low,White,female,40‐49,about once per week,very interested
R0254,F042,3,0,high,White,female,40‐49,about once per week,very interested
R0254,F055,4,1,low,Latina,female,40‐49,about once per week,very interested
R0254,F060,2,0,low,Asian American,female,40‐49,about once per week,very interested
R0254,F062,4,1,high,Black,female,40‐49,about once per week,very interested
R0254,F072,4,0,low,Latina,female,40‐49,about once per week,very interested
R0254,F077,3,0,high,Black,female,40‐49,about once per week,very interested
R0254,F087,3,1,high,Asian American,female,40‐49,about once per week,very interested
R0255,F008,4,1,high,White,female,50‐59,never,not at all interested
R0255,F012,4,1,high,Latina,female,50‐59,never,not at all interested
R0255,F018,5,1,low,Asian American,female,50‐59,never,not at all interested
R0255,F027,3,0,high,Asian American,female,50‐59,never,not at all interested
R0255,F030,5,0,high,Latina,female,50‐59,never,not at all interested
R0255,F070,5,0,low,Black,female,50‐59,never,not at all interested
R0255,F091,4,1,low,Black,female,50‐59,never,not at all interested
R0255,F112,3,0,low,White,female,50‐59,never,not at all interested
R0256,F001,4,1,high,Asian American,male,40‐49,never,not very interested
R0256,F002,4,1,high,Latina,male,40‐49,never,not very interested
R0256,F070,4,1,low,Black,male,40‐49,never,not very interested
R0256,F072,3,0,low,Latina,male,40‐49,never,not very interested
R0256,F087,3,0,high,Asian American,male,40‐49,never,not very interested
R0256,F108,5,1,low,White,male,40‐49,never,not very interested
R0256,F108,5,0,low,White,male,40‐49,never,not very interested
R0256,F109,5,0,high,Black,male,40‐49,never,not very interested
R0257,F006,3,1,high,Asian American,male,50‐59,never,not at all interested
R0257,F019,4,1,low,White,male,50‐59,never,not at all interested
R0257,F061,2,1,low,Latina,male,50‐59,never,not at all interested
R0257,F078,1,0,low,Latina,male,50‐59,never,not at all interested
R0257,F084,5,0,high,White,male,50‐59,never,not at all interested
R0257,F086,3,1,high,Black,male,50‐59,never,not at all interested
R0257,F097,1,0,low,Asian American,male,50‐59,never,not at all interested
R0257,F101,3,0,high,Black,male,50‐59,never,not at all interested
R0258,F002,3,0,high,Latina,female,40‐49,5+ days per week,very interested
R0258,F006,3,0,high,Asian American,female,40‐49,5+ days per week,very interested
R0258,F007,4,1,low,Black,female,40‐49,5+ days per week,very interested
R0258,F010,3,1,low,Asian American,female,40‐49,5+ days per week,very interested
R0258,F013,3,0,low,Black,female,40‐49,5+ days per week,very interested
R0258,F042,4,1,high,White,female,40‐49,5+ days per week,very interested
R0258,F056,4,1,high,Latina,female,40‐49,5+ days per week,very interested
R0258,F099,3,0,low,White,female,40‐49,5+ days per week,very interested
R0259,F002,1,0,high,Latina,male,60‐69,never,not very interested
R0259,F059,3,1,low,Latina,male,60‐69,never,not very interested
R0259,F060,1,1,low,Asian American,male,60‐69,never,not very interested
R0259,F070,3,0,low,Black,male,60‐69,never,not very interested
R0259,F081,2,1,high,White,male,60‐69,never,not very interested
R0259,F084,4,0,high,White,male,60‐69,never,not very interested
R0259,F090,1,0,low,Asian American,male,60‐69,never,not very interested
R0259,F101,3,1,high,Black,male,60‐69,never,not very interested
R0260,F001,2,0,high,Asian American,female,30‐39,5+ days per week,somewhat interested
R0260,F025,3,0,high,Latina,female,30‐39,5+ days per week,somewhat interested
R0260,F026,4,1,high,White,female,30‐39,5+ days per week,somewhat interested
R0260,F050,2,0,low,Black,female,30‐39,5+ days per week,somewhat interested
R0260,F075,4,1,high,Latina,female,30‐39,5+ days per week,somewhat interested
R0260,F095,3,1,low,Asian American,female,30‐39,5+ days per week,somewhat interested
R0260,F108,4,0,low,White,female,30‐39,5+ days per week,somewhat interested
R0260,F115,3,1,low,Black,female,30‐39,5+ days per week,somewhat interested
R0261,F009,4,0,low,White,male,40‐49,never,not very interested
R0261,F032,2,1,high,Latina,male,40‐49,never,not very interested
R0261,F046,2,1,low,Black,male,40‐49,never,not very interested
R0261,F055,1,0,low,Latina,male,40‐49,never,not very interested
R0261,F067,4,1,high,Asian American,male,40‐49,never,not very interested
R0261,F077,1,0,high,Black,male,40‐49,never,not very interested
R0261,F083,3,0,high,Asian American,male,40‐49,never,not very interested
R0261,F099,3,1,low,White,male,40‐49,never,not very interested
R0262,F020,4,1,low,White,female,50‐59,a few times per year,not very interested
R0262,F031,3,0,high,Black,female,50‐59,a few times per year,not very interested
R0262,F037,4,1,high,Black,female,50‐59,a few times per year,not very interested
R0262,F061,3,0,low,Latina,female,50‐59,a few times per year,not very interested
R0262,F081,3,0,high,White,female,50‐59,a few times per year,not very interested
R0262,F103,4,1,low,Latina,female,50‐59,a few times per year,not very interested
R0262,F105,2,0,low,Asian American,female,50‐59,a few times per year,not very interested
R0262,F110,4,1,high,Asian American,female,50‐59,a few times per year,not very interested
R0263,F020,4,0,low,White,female,40‐49,5+ days per week,somewhat interested
R0263,F030,5,1,high,Latina,female,40‐49,5+ days per week,somewhat interested
R0263,F048,4,0,low,Black,female,40‐49,5+ days per week,somewhat interested
R0263,F051,4,0,high,Asian American,female,40‐49,5+ days per week,somewhat interested
R0263,F054,3,1,low,Black,female,40‐49,5+ days per week,somewhat interested
R0263,F056,3,0,high,Latina,female,40‐49,5+ days per week,somewhat interested
R0263,F084,5,1,high,White,female,40‐49,5+ days per week,somewhat interested
R0263,F097,3,1,low,Asian American,female,40‐49,5+ days per week,somewhat interested
R0264,F001,3,0,high,Asian American,female,40‐49,2-4 days per week,very interested
R0264,F006,2,1,high,Asian American,female,40‐49,2-4 days per week,very interested
R0264,F029,4,0,low,White,female,40‐49,2-4 days per week,very interested
R0264,F063,2,0,high,Black,female,40‐49,2-4 days per week,very interested
R0264,F078,2,0,low,Latina,female,40‐49,2-4 days per week,very interested
R0264,F091,2,1,low,Black,female,40‐49,2-4 days per week,very interested
R0264,F092,3,1,high,Latina,female,40‐49,2-4 days per week,very interested
R0264,F096,2,1,low,White,female,40‐49,2-4 days per week,very interested
R0265,F032,4,0,high,Latina,female,30‐39,5+ days per week,not very interested
R0265,F053,4,1,low,Latina,female,30‐39,5+ days per week,not very interested
R0265,F054,3,0,low,Black,female,30‐39,5+ days per week,not very interested
R0265,F076,4,1,high,Black,female,30‐39,5+ days per week,not very interested
R0265,F097,4,1,low,Asian American,female,30‐39,5+ days per week,not very interested
R0265,F111,5,1,high,White,female,30‐39,5+ days per week,not very interested
R0265,F111,5,0,high,White,female,30‐39,5+ days per week,not very interested
R0265,F116,3,0,low,Asian American,female,30‐39,5+ days per week,not very interested
R0266,F017,4,0,high,Latina,male,50‐59,never,not very interested
R0266,F024,2,0,low,Black,male,50‐59,never,not very interested
R0266,F036,4,0,high,White,male,50‐59,never,not very interested
R0266,F038,2,1,low,Latina,male,50‐59,never,not very interested
R0266,F045,5,1,high,White,male,50‐59,never,not very interested
R0266,F058,3,1,high,Black,male,50‐59,never,not very interested
R0266,F095,2,1,low,Asian American,male,50‐59,never,not very interested
R0266,F097,1,0,low,Asian American,male,50‐59,never,not very interested
R0267,F014,3,0,low,White,male,60‐69,never,not at all interested
R0267,F015,3,0,low,Black,male,60‐69,never,not at all interested
R0267,F050,1,1,low,Black,male,60‐69,never,not at all interested
R0267,F081,5,1,high,White,male,60‐69,never,not at all interested
R0267,F087,2,0,high,Asian American,male,60‐69,never,not at all interested
R0267,F089,4,1,high,Latina,male,60‐69,never,not at all interested
R0267,F089,4,0,high,Latina,male,60‐69,never,not at all interested
R0267,F105,2,1,low,Asian American,male,60‐69,never,not at all interested
R0268,F011,4,1,low,Latina,female,40‐49,2-4 days per week,not very interested
R0268,F022,4,0,high,Black,female,40‐49,2-4 days per week,not very interested
R0268,F029,4,1,low,White,female,40‐49,2-4 days per week,not very interested
R0268,F038,3,0,low,Latina,female,40‐49,2-4 days per week,not very interested
R0268,F064,5,0,high,White,female,40‐49,2-4 days per week,not very interested
R0268,F083,5,1,high,Asian American,female,40‐49,2-4 days per week,not very interested
R0268,F095,3,0,low,Asian American,female,40‐49,2-4 days per week,not very interested
R0268,F100,4,1,high,Black,female,40‐49,2-4 days per week,not very interested
R0269,F023,3,1,high,Black,female,40‐49,5+ days per week,very interested
R0269,F061,5,1,low,Latina,female,40‐49,5+ days per week,very interested
R0269,F068,4,1,high,White,female,40‐49,5+ days per week,very interested
R0269,F069,2,0,low,Black,female,40‐49,5+ days per week,very interested
R0269,F074,2,0,high,Latina,female,40‐49,5+ days per week,very interested
R0269,F090,3,1,low,Asian American,female,40‐49,5+ days per week,very interested
R0269,F094,4,0,high,White,female,40‐49,5+ days per week,very interested
R0269,F105,3,0,low,Asian American,female,40‐49,5+ days per week,very interested
R0270,F003,4,0,low,White,male,30‐39,never,not very interested
R0270,F017,3,0,high,Latina,male,30‐39,never,not very interested
R0270,F034,3,0,high,Asian American,male,30‐39,never,not very interested
R0270,F043,3,1,low,Black,male,30‐39,never,not very interested
R0270,F064,4,1,high,White,male,30‐39,never,not very interested
R0270,F069,2,0,low,Black,male,30‐39,never,not very interested
R0270,F074,5,1,high,Latina,male,30‐39,never,not very interested
R0270,F116,4,1,low,Asian American,male,30‐39,never,not very interested
R0271,F015,2,1,low,Black,female,20‐29,5+ days per week,somewhat interested
R0271,F017,3,0,high,Latina,female,20‐29,5+ days per week,somewhat interested
R0271,F036,5,1,high,White,female,20‐29,5+ days per week,somewhat interested
R0271,F044,2,0,low,White,female,20‐29,5+ days per week,somewhat interested
R0271,F067,4,0,high,Asian American,female,20‐29,5+ days per week,somewhat interested
R0271,F074,3,1,high,Latina,female,20‐29,5+ days per week,somewhat interested
R0271,F090,2,1,low,Asian American,female,20‐29,5+ days per week,somewhat interested
R0271,F106,2,0,low,Black,female,20‐29,5+ days per week,somewhat interested
R0272,F004,2,0,low,White,female,70 and above,5+ days per week,very interested
R0272,F007,4,1,low,Black,female,70 and above,5+ days per week,very interested
R0272,F012,4,1,high,Latina,female,70 and above,5+ days per week,very interested
R0272,F037,1,0,high,Black,female,70 and above,5+ days per week,very interested
R0272,F038,2,0,low,Latina,female,70 and above,5+ days per week,very interested
R0272,F067,4,0,high,Asian American,female,70 and above,5+ days per week,very interested
R0272,F079,5,1,low,White,female,70 and above,5+ days per week,very interested
R0272,F110,4,1,high,Asian American,female,70 and above,5+ days per week,very interested
R0273,F011,4,1,low,Latina,female,30‐39,5+ days per week,somewhat interested
R0273,F016,3,0,high,White,female,30‐39,5+ days per week,somewhat interested
R0273,F027,3,1,high,Asian American,female,30‐39,5+ days per week,somewhat interested
R0273,F063,4,1,high,Black,female,30‐39,5+ days per week,somewhat interested
R0273,F079,3,1,low,White,female,30‐39,5+ days per week,somewhat interested
R0273,F086,3,0,high,Black,female,30‐39,5+ days per week,somewhat interested
R0273,F103,4,0,low,Latina,female,30‐39,5+ days per week,somewhat interested
R0273,F116,2,0,low,Asian American,female,30‐39,5+ days per week,somewhat interested
R0274,F008,3,1,high,White,male,40‐49,never,not very interested
R0274,F013,3,0,low,Black,male,40‐49,never,not very interested
R0274,F018,3,1,low,Asian American,male,40‐49,never,not very interested
R0274,F045,4,0,high,White,male,40‐49,never,not very interested
R0274,F060,2,0,low,Asian American,male,40‐49,never,not very interested
R0274,F061,4,1,low,Latina,male,40‐49,never,not very interested
R0274,F062,3,1,high,Black,male,40‐49,never,not very interested
R0274,F075,4,0,high,Latina,male,40‐49,never,not very interested
R0275,F004,2,1,low,White,female,40‐49,5+ days per week,not very interested
R0275,F019,4,0,low,White,female,40‐49,5+ days per week,not very interested
R0275,F022,2,0,high,Black,female,40‐49,5+ days per week,not very interested
R0275,F027,2,1,high,Asian American,female,40‐49,5+ days per week,not very interested
R0275,F069,2,1,low,Black,female,40‐49,5+ days per week,not very interested
R0275,F089,3,1,high,Latina,female,40‐49,5+ days per week,not very interested
R0275,F104,3,0,low,Latina,female,40‐49,5+ days per week,not very interested
R0275,F110,2,0,high,Asian American,female,40‐49,5+ days per week,not very interested
R0276,F012,3,1,high,Latina,female,40‐49,1-3 days per month,not very interested
R0276,F024,3,1,low,Black,female,40‐49,1-3 days per month,not very interested
R0276,F027,1,0,high,Asian American,female,40‐49,1-3 days per month,not very interested
R0276,F035,3,0,low,White,female,40‐49,1-3 days per month,not very interested
R0276,F049,1,0,high,Black,female,40‐49,1-3 days per month,not very interested
R0276,F053,4,0,low,Latina,female,40‐49,1-3 days per month,not very interested
R0276,F083,3,1,high,Asian American,female,40‐49,1-3 days per month,not very interested
R0276,F093,4,1,low,White,female,40‐49,1-3 days per month,not very interested
R0277,F040,2,0,low,Black,male,50‐59,never,somewhat interested
R0277,F041,4,1,high,White,male,50‐59,never,somewhat interested
R0277,F057,3,1,low,Asian American,male,50‐59,never,somewhat interested
R0277,F069,2,1,low,Black,male,50‐59,never,somewhat interested
R0277,F074,2,0,high,Latina,male,50‐59,never,somewhat interested
R0277,F092,3,1,high,Latina,male,50‐59,never,somewhat interested
R0277,F096,2,0,low,White,male,50‐59,never,somewhat interested
R0277,F110,2,0,high,Asian American,male,50‐59,never,somewhat interested
R0278,F005,4,0,high,White,female,50‐59,2-4 days per week,somewhat interested
R0278,F011,3,0,low,Latina,female,50‐59,2-4 days per week,somewhat interested
R0278,F018,2,0,low,Asian American,female,50‐59,2-4 days per week,somewhat interested
R0278,F033,3,0,high,Black,female,50‐59,2-4 days per week,somewhat interested
R0278,F051,4,1,high,Asian American,female,50‐59,2-4 days per week,somewhat interested
R0278,F055,4,1,low,Latina,female,50‐59,2-4 days per week,somewhat interested
R0278,F076,3,1,high,Black,female,50‐59,2-4 days per week,somewhat interested
R0278,F108,4,1,low,White,female,50‐59,2-4 days per week,somewhat interested
R0279,F017,2,0,high,Latina,female,30‐39,5+ days per week,very interested
R0279,F018,1,0,low,Asian American,female,30‐39,5+ days per week,very interested
R0279,F065,3,1,high,White,female,30‐39,5+ days per week,very interested
R0279,F068,2,0,high,White,female,30‐39,5+ days per week,very interested
R0279,F072,2,1,low,Latina,female,30‐39,5+ days per week,very interested
R0279,F082,3,1,high,Black,female,30‐39,5+ days per week,very interested
R0279,F091,1,0,low,Black,female,30‐39,5+ days per week,very interested
R0279,F105,2,1,low,Asian American,female,30‐39,5+ days per week,very interested
R0280,F032,2,1,high,Latina,female,50‐59,never,somewhat interested
R0280,F039,4,1,low,White,female,50‐59,never,somewhat interested
R0280,F044,2,0,low,White,female,50‐59,never,somewhat interested
R0280,F051,3,1,high,Asian American,female,50‐59,never,somewhat interested
R0280,F051,3,0,high,Asian American,female,50‐59,never,somewhat interested
R0280,F058,2,0,high,Black,female,50‐59,never,somewhat interested
R0280,F061,2,0,low,Latina,female,50‐59,never,somewhat interested
R0280,F106,2,1,low,Black,female,50‐59,never,somewhat interested
R0281,F001,4,1,high,Asian American,female,50‐59,a few times per year,neutral
R0281,F021,4,0,low,Latina,female,50‐59,a few times per year,neutral
R0281,F023,2,1,high,Black,female,50‐59,a few times per year,neutral
R0281,F066,4,0,high,Black,female,50‐59,a few times per year,neutral
R0281,F080,5,0,high,White,female,50‐59,a few times per year,neutral
R0281,F097,3,0,low,Asian American,female,50‐59,a few times per year,neutral
R0281,F099,5,1,low,White,female,50‐59,a few times per year,neutral
R0281,F103,5,1,low,Latina,female,50‐59,a few times per year,neutral
R0282,F018,4,1,low,Asian American,female,50‐59,2-4 days per week,somewhat interested
R0282,F025,2,1,high,Latina,female,50‐59,2-4 days per week,somewhat interested
R0282,F034,4,0,high,Asian American,female,50‐59,2-4 days per week,somewhat interested
R0282,F039,4,0,low,White,female,50‐59,2-4 days per week,somewhat interested
R0282,F052,2,1,high,White,female,50‐59,2-4 days per week,somewhat interested
R0282,F054,2,1,low,Black,female,50‐59,2-4 days per week,somewhat interested
R0282,F056,4,0,high,Latina,female,50‐59,2-4 days per week,somewhat interested
R0282,F106,3,0,low,Black,female,50‐59,2-4 days per week,somewhat interested
R0283,F031,4,0,high,Black,female,50‐59,2-4 days per week,neutral
R0283,F038,3,0,low,Latina,female,50‐59,2-4 days per week,neutral
R0283,F046,4,1,low,Black,female,50‐59,2-4 days per week,neutral
R0283,F073,4,1,low,White,female,50‐59,2-4 days per week,neutral
R0283,F087,3,1,high,Asian American,female,50‐59,2-4 days per week,neutral
R0283,F087,3,0,high,Asian American,female,50‐59,2-4 days per week,neutral
R0283,F092,4,1,high,Latina,female,50‐59,2-4 days per week,neutral
R0283,F093,2,0,low,White,female,50‐59,2-4 days per week,neutral
R0284,F003,3,1,low,White,male,30‐39,never,not very interested
R0284,F038,3,1,low,Latina,male,30‐39,never,not very interested
R0284,F045,4,0,high,White,male,30‐39,never,not very interested
R0284,F076,3,0,high,Black,male,30‐39,never,not very interested
R0284,F082,2,1,high,Black,male,30‐39,never,not very interested
R0284,F083,4,1,high,Asian American,male,30‐39,never,not very interested
R0284,F090,2,0,low,Asian American,male,30‐39,never,not very interested
R0284,F104,3,0,low,Latina,male,30‐39,never,not very interested
R0285,F007,5,0,low,Black,female,30‐39,1-3 days per month,very interested
R0285,F037,5,1,high,Black,female,30‐39,1-3 days per month,very interested
R0285,F052,5,1,high,White,female,30‐39,1-3 days per month,very interested
R0285,F052,5,0,high,White,female,30‐39,1-3 days per month,very interested
R0285,F057,5,1,low,Asian American,female,30‐39,1-3 days per month,very interested
R0285,F092,5,0,high,Latina,female,30‐39,1-3 days per month,very interested
R0285,F095,4,0,low,Asian American,female,30‐39,1-3 days per month,very interested
R0285,F104,5,1,low,Latina,female,30‐39,1-3 days per month,very interested
R0286,F005,4,1,high,White,male,50‐59,never,not at all interested
R0286,F022,3,1,high,Black,male,50‐59,never,not at all interested
R0286,F032,3,0,high,Latina,male,50‐59,never,not at all interested
R0286,F038,4,1,low,Latina,male,50‐59,never,not at all interested
R0286,F071,3,0,high,White,male,50‐59,never,not at all interested
R0286,F090,3,0,low,Asian American,male,50‐59,never,not at all interested
R0286,F095,4,1,low,Asian American,male,50‐59,never,not at all interested
R0286,F115,3,0,low,Black,male,50‐59,never,not at all interested
R0287,F006,3,1,high,Asian American,female,50‐59,2-4 days per week,neutral
R0287,F017,2,1,high,Latina,female,50‐59,2-4 days per week,neutral
R0287,F021,2,0,low,Latina,female,50‐59,2-4 days per week,neutral
R0287,F023,2,0,high,Black,female,50‐59,2-4 days per week,neutral
R0287,F043,2,1,low,Black,female,50‐59,2-4 days per week,neutral
R0287,F083,4,0,high,Asian American,female,50‐59,2-4 days per week,neutral
R0287,F099,2,0,low,White,female,50‐59,2-4 days per week,neutral
R0287,F107,4,1,low,White,female,50‐59,2-4 days per week,neutral
R0288,F012,3,1,high,Latina,female,50‐59,5+ days per week,somewhat interested
R0288,F040,3,0,low,Black,female,50‐59,5+ days per week,somewhat interested
R0288,F047,3,1,high,White,female,50‐59,5+ days per week,somewhat interested
R0288,F073,4,0,low,White,female,50‐59,5+ days per week,somewhat interested
R0288,F089,3,0,high,Latina,female,50‐59,5+ days per week,somewhat interested
R0288,F105,2,1,low,Asian American,female,50‐59,5+ days per week,somewhat interested
R0288,F110,3,0,high,Asian American,female,50‐59,5+ days per week,somewhat interested
R0288,F115,3,1,low,Black,female,50‐59,5+ days per week,somewhat interested
R0289,F010,4,0,low,Asian American,female,60‐69,never,not very interested
R0289,F022,3,1,high,Black,female,60‐69,never,not very interested
R0289,F027,4,1,high,Asian American,female,60‐69,never,not very interested
R0289,F039,5,1,low,White,female,60‐69,never,not very interested
R0289,F059,6,0,low,Latina,female,60‐69,never,not very interested
R0289,F061,5,1,low,Latina,female,60‐69,never,not very interested
R0289,F063,3,0,high,Black,female,60‐69,never,not very interested
R0289,F065,5,0,high,White,female,60‐69,never,not very interested
R0290,F005,4,0,high,White,male,40‐49,never,not at all interested
R0290,F011,3,1,low,Latina,male,40‐49,never,not at all interested
R0290,F042,3,1,high,White,male,40‐49,never,not at all interested
R0290,F048,2,0,low,Black,male,40‐49,never,not at all interested
R0290,F060,3,1,low,Asian American,male,40‐49,never,not at all interested
R0290,F074,3,0,high,Latina,male,40‐49,never,not at all interested
R0290,F105,2,0,low,Asian American,male,40‐49,never,not at all interested
R0290,F113,3,1,high,Black,male,40‐49,never,not at all interested
R0291,F004,4,0,low,White,male,40‐49,never,not very interested
R0291,F010,3,1,low,Asian American,male,40‐49,never,not very interested
R0291,F067,3,0,high,Asian American,male,40‐49,never,not very interested
R0291,F075,2,1,high,Latina,male,40‐49,never,not very interested
R0291,F075,3,0,high,Latina,male,40‐49,never,not very interested
R0291,F080,4,1,high,White,male,40‐49,never,not very interested
R0291,F091,2,1,low,Black,male,40‐49,never,not very interested
R0291,F115,3,0,low,Black,male,40‐49,never,not very interested
R0292,F012,4,0,high,Latina,male,40‐49,never,not very interested
R0292,F019,4,0,low,White,male,40‐49,never,not very interested
R0292,F040,3,1,low,Black,male,40‐49,never,not very interested
R0292,F051,4,0,high,Asian American,male,40‐49,never,not very interested
R0292,F056,3,1,high,Latina,male,40‐49,never,not very interested
R0292,F069,3,0,low,Black,male,40‐49,never,not very interested
R0292,F071,3,1,high,White,male,40‐49,never,not very interested
R0292,F095,2,1,low,Asian American,male,40‐49,never,not very interested
R0293,F014,3,0,low,White,female,30‐39,2-4 days per week,somewhat interested
R0293,F025,2,1,high,Latina,female,30‐39,2-4 days per week,somewhat interested
R0293,F035,3,1,low,White,female,30‐39,2-4 days per week,somewhat interested
R0293,F066,3,0,high,Black,female,30‐39,2-4 days per week,somewhat interested
R0293,F067,4,0,high,Asian American,female,30‐39,2-4 days per week,somewhat interested
R0293,F083,3,1,high,Asian American,female,30‐39,2-4 days per week,somewhat interested
R0293,F102,2,1,low,Black,female,30‐39,2-4 days per week,somewhat interested
R0293,F103,3,0,low,Latina,female,30‐39,2-4 days per week,somewhat interested
R0294,F013,3,0,low,Black,female,40‐49,about once per week,very interested
R0294,F025,3,0,high,Latina,female,40‐49,about once per week,very interested
R0294,F028,3,0,high,White,female,40‐49,about once per week,very interested
R0294,F036,4,1,high,White,female,40‐49,about once per week,very interested
R0294,F055,3,1,low,Latina,female,40‐49,about once per week,very interested
R0294,F063,3,1,high,Black,female,40‐49,about once per week,very interested
R0294,F116,3,1,low,Asian American,female,40‐49,about once per week,very interested
R0294,F116,4,0,low,Asian American,female,40‐49,about once per week,very interested
R0295,F001,2,0,high,Asian American,male,40‐49,never,not very interested
R0295,F053,2,0,low,Latina,male,40‐49,never,not very interested
R0295,F067,2,1,high,Asian American,male,40‐49,never,not very interested
R0295,F069,1,1,low,Black,male,40‐49,never,not very interested
R0295,F074,1,1,high,Latina,male,40‐49,never,not very interested
R0295,F082,3,0,high,Black,male,40‐49,never,not very interested
R0295,F107,1,0,low,White,male,40‐49,never,not very interested
R0295,F112,2,1,low,White,male,40‐49,never,not very interested
R0296,F021,4,1,low,Latina,female,30‐39,5+ days per week,somewhat interested
R0296,F053,4,0,low,Latina,female,30‐39,5+ days per week,somewhat interested
R0296,F077,4,1,high,Black,female,30‐39,5+ days per week,somewhat interested
R0296,F086,4,0,high,Black,female,30‐39,5+ days per week,somewhat interested
R0296,F094,4,0,high,White,female,30‐39,5+ days per week,somewhat interested
R0296,F095,3,0,low,Asian American,female,30‐39,5+ days per week,somewhat interested
R0296,F110,4,1,high,Asian American,female,30‐39,5+ days per week,somewhat interested
R0296,F112,4,1,low,White,female,30‐39,5+ days per week,somewhat interested
R0297,F006,4,1,high,Asian American,female,50‐59,never,neutral
R0297,F019,4,1,low,White,female,50‐59,never,neutral
R0297,F055,4,0,low,Latina,female,50‐59,never,neutral
R0297,F059,5,1,low,Latina,female,50‐59,never,neutral
R0297,F060,2,0,low,Asian American,female,50‐59,never,neutral
R0297,F066,4,0,high,Black,female,50‐59,never,neutral
R0297,F066,3,1,high,Black,female,50‐59,never,neutral
R0297,F068,3,0,high,White,female,50‐59,never,neutral
R0298,F010,3,1,low,Asian American,male,50‐59,never,not at all interested
R0298,F016,2,0,high,White,male,50‐59,never,not at all interested
R0298,F030,2,0,high,Latina,male,50‐59,never,not at all interested
R0298,F037,1,1,high,Black,male,50‐59,never,not at all interested
R0298,F060,2,0,low,Asian American,male,50‐59,never,not at all interested
R0298,F064,3,1,high,White,male,50‐59,never,not at all interested
R0298,F103,4,1,low,Latina,male,50‐59,never,not at all interested
R0298,F106,2,0,low,Black,male,50‐59,never,not at all interested
R0299,F025,4,0,high,Latina,male,30‐39,never,neutral
R0299,F027,2,0,high,Asian American,male,30‐39,never,neutral
R0299,F028,2,1,high,White,male,30‐39,never,neutral
R0299,F032,3,1,high,Latina,male,30‐39,never,neutral
R0299,F048,1,0,low,Black,male,30‐39,never,neutral
R0299,F060,3,1,low,Asian American,male,30‐39,never,neutral
R0299,F093,4,0,low,White,male,30‐39,never,neutral
R0299,F102,1,1,low,Black,male,30‐39,never,neutral
R0300,F010,2,0,low,Asian American,male,60‐69,never,not very interested
R0300,F018,3,1,low,Asian American,male,60‐69,never,not very interested
R0300,F054,3,0,low,Black,male,60‐69,never,not very interested
R0300,F056,3,0,high,Latina,male,60‐69,never,not very interested
R0300,F058,4,1,high,Black,male,60‐69,never,not very interested
R0300,F059,4,1,low,Latina,male,60‐69,never,not very interested
R0300,F081,4,0,high,White,male,60‐69,never,not very interested
R0300,F084,5,1,high,White,male,60‐69,never,not very interested
R0301,F001,5,1,high,Asian American,female,50‐59,5+ days per week,neutral
R0301,F004,3,0,low,White,female,50‐59,5+ days per week,neutral
R0301,F013,3,1,low,Black,female,50‐59,5+ days per week,neutral
R0301,F027,3,0,high,Asian American,female,50‐59,5+ days per week,neutral
R0301,F056,3,1,high,Latina,female,50‐59,5+ days per week,neutral
R0301,F072,4,0,low,Latina,female,50‐59,5+ days per week,neutral
R0301,F098,6,0,high,Black,female,50‐59,5+ days per week,neutral
R0301,F108,4,1,low,White,female,50‐59,5+ days per week,neutral
R0302,F018,3,0,low,Asian American,male,40‐49,never,not at all interested
R0302,F029,3,1,low,White,male,40‐49,never,not at all interested
R0302,F037,2,1,high,Black,male,40‐49,never,not at all interested
R0302,F047,3,0,high,White,male,40‐49,never,not at all interested
R0302,F067,3,1,high,Asian American,male,40‐49,never,not at all interested
R0302,F103,4,0,low,Latina,male,40‐49,never,not at all interested
R0302,F104,3,1,low,Latina,male,40‐49,never,not at all interested
R0302,F109,3,0,high,Black,male,40‐49,never,not at all interested
R0303,F026,4,0,high,White,male,30‐39,never,neutral
R0303,F031,4,0,high,Black,male,30‐39,never,neutral
R0303,F038,2,0,low,Latina,male,30‐39,never,neutral
R0303,F062,3,1,high,Black,male,30‐39,never,neutral
R0303,F072,2,1,low,Latina,male,30‐39,never,neutral
R0303,F087,2,1,high,Asian American,male,30‐39,never,neutral
R0303,F107,4,1,low,White,male,30‐39,never,neutral
R0303,F116,1,0,low,Asian American,male,30‐39,never,neutral
R0304,F002,1,0,high,Latina,male,50‐59,never,not very interested
R0304,F019,3,0,low,White,male,50‐59,never,not very interested
R0304,F043,1,1,low,Black,male,50‐59,never,not very interested
R0304,F065,2,1,high,White,male,50‐59,never,not very interested
R0304,F083,2,0,high,Asian American,male,50‐59,never,not very interested
R0304,F091,1,0,low,Black,male,50‐59,never,not very interested
R0304,F092,2,1,high,Latina,male,50‐59,never,not very interested
R0304,F097,2,1,low,Asian American,male,50‐59,never,not very interested
R0305,F026,4,1,high,White,male,50‐59,never,not very interested
R0305,F050,4,0,low,Black,male,50‐59,never,not very interested
R0305,F053,4,1,low,Latina,male,50‐59,never,not very interested
R0305,F057,2,0,low,Asian American,male,50‐59,never,not very interested
R0305,F064,3,0,high,White,male,50‐59,never,not very interested
R0305,F077,4,1,high,Black,male,50‐59,never,not very interested
R0305,F089,4,0,high,Latina,male,50‐59,never,not very interested
R0305,F105,2,1,low,Asian American,male,50‐59,never,not very interested
R0306,F022,1,0,high,Black,male,20‐29,never,neutral
R0306,F030,2,1,high,Latina,male,20‐29,never,neutral
R0306,F034,1,0,high,Asian American,male,20‐29,never,neutral
R0306,F051,1,1,high,Asian American,male,20‐29,never,neutral
R0306,F059,1,0,low,Latina,male,20‐29,never,neutral
R0306,F073,1,0,low,White,male,20‐29,never,neutral
R0306,F091,1,1,low,Black,male,20‐29,never,neutral
R0306,F093,1,1,low,White,male,20‐29,never,neutral
R0307,F020,4,1,low,White,male,40‐49,never,not very interested
R0307,F022,3,0,high,Black,male,40‐49,never,not very interested
R0307,F057,4,0,low,Asian American,male,40‐49,never,not very interested
R0307,F059,5,1,low,Latina,male,40‐49,never,not very interested
R0307,F071,3,0,high,White,male,40‐49,never,not very interested
R0307,F076,4,1,high,Black,male,40‐49,never,not very interested
R0307,F078,4,0,low,Latina,male,40‐49,never,not very interested
R0307,F083,5,1,high,Asian American,male,40‐49,never,not very interested
R0308,F002,3,1,high,Latina,male,30‐39,never,not very interested
R0308,F018,3,1,low,Asian American,male,30‐39,never,not very interested
R0308,F025,4,0,high,Latina,male,30‐39,never,not very interested
R0308,F039,3,0,low,White,male,30‐39,never,not very interested
R0308,F068,4,1,high,White,male,30‐39,never,not very interested
R0308,F070,3,0,low,Black,male,30‐39,never,not very interested
R0308,F083,3,0,high,Asian American,male,30‐39,never,not very interested
R0308,F106,3,1,low,Black,male,30‐39,never,not very interested
R0309,F011,5,0,low,Latina,female,20‐29,5+ days per week,neutral
R0309,F016,4,0,high,White,female,20‐29,5+ days per week,neutral
R0309,F051,4,1,high,Asian American,female,20‐29,5+ days per week,neutral
R0309,F053,4,1,low,Latina,female,20‐29,5+ days per week,neutral
R0309,F058,4,0,high,Black,female,20‐29,5+ days per week,neutral
R0309,F060,2,0,low,Asian American,female,20‐29,5+ days per week,neutral
R0309,F101,4,1,high,Black,female,20‐29,5+ days per week,neutral
R0309,F108,3,1,low,White,female,20‐29,5+ days per week,neutral
R0310,F006,2,0,high,Asian American,female,20‐29,5+ days per week,neutral
R0310,F020,4,0,low,White,female,20‐29,5+ days per week,neutral
R0310,F034,3,1,high,Asian American,female,20‐29,5+ days per week,neutral
R0310,F055,3,0,low,Latina,female,20‐29,5+ days per week,neutral
R0310,F073,1,1,low,White,female,20‐29,5+ days per week,neutral
R0310,F075,4,1,high,Latina,female,20‐29,5+ days per week,neutral
R0310,F113,3,0,high,Black,female,20‐29,5+ days per week,neutral
R0310,F115,4,1,low,Black,female,20‐29,5+ days per week,neutral
R0311,F012,3,0,high,Latina,female,40‐49,5+ days per week,somewhat interested
R0311,F016,3,1,high,White,female,40‐49,5+ days per week,somewhat interested
R0311,F034,3,0,high,Asian American,female,40‐49,5+ days per week,somewhat interested
R0311,F070,4,1,low,Black,female,40‐49,5+ days per week,somewhat interested
R0311,F074,4,1,high,Latina,female,40‐49,5+ days per week,somewhat interested
R0311,F097,2,1,low,Asian American,female,40‐49,5+ days per week,somewhat interested
R0311,F102,3,0,low,Black,female,40‐49,5+ days per week,somewhat interested
R0311,F108,2,0,low,White,female,40‐49,5+ days per week,somewhat interested
R0312,F023,1,0,high,Black,male,60‐69,never,neutral
R0312,F034,2,1,high,Asian American,male,60‐69,never,neutral
R0312,F036,2,0,high,White,male,60‐69,never,neutral
R0312,F038,2,1,low,Latina,male,60‐69,never,neutral
R0312,F039,5,1,low,White,male,60‐69,never,neutral
R0312,F058,2,1,high,Black,male,60‐69,never,neutral
R0312,F072,2,0,low,Latina,male,60‐69,never,neutral
R0312,F097,2,0,low,Asian American,male,60‐69,never,neutral
R0313,F040,1,1,low,Black,male,20‐29,never,somewhat interested
R0313,F051,2,1,high,Asian American,male,20‐29,never,somewhat interested
R0313,F067,1,0,high,Asian American,male,20‐29,never,somewhat interested
R0313,F076,1,0,high,Black,male,20‐29,never,somewhat interested
R0313,F078,1,0,low,Latina,male,20‐29,never,somewhat interested
R0313,F079,1,0,low,White,male,20‐29,never,somewhat interested
R0313,F085,2,1,low,White,male,20‐29,never,somewhat interested
R0313,F089,1,1,high,Latina,male,20‐29,never,somewhat interested
R0314,F010,1,0,low,Asian American,female,40‐49,5+ days per week,very interested
R0314,F025,2,0,high,Latina,female,40‐49,5+ days per week,very interested
R0314,F061,3,1,low,Latina,female,40‐49,5+ days per week,very interested
R0314,F084,4,0,high,White,female,40‐49,5+ days per week,very interested
R0314,F090,1,1,low,Asian American,female,40‐49,5+ days per week,very interested
R0314,F091,1,0,low,Black,female,40‐49,5+ days per week,very interested
R0314,F094,1,1,high,White,female,40‐49,5+ days per week,very interested
R0314,F101,2,1,high,Black,female,40‐49,5+ days per week,very interested
R0315,F034,2,1,high,Asian American,male,40‐49,a few times per year,somewhat interested
R0315,F034,2,0,high,Asian American,male,40‐49,a few times per year,somewhat interested
R0315,F035,2,1,low,White,male,40‐49,a few times per year,somewhat interested
R0315,F038,4,0,low,Latina,male,40‐49,a few times per year,somewhat interested
R0315,F039,4,0,low,White,male,40‐49,a few times per year,somewhat interested
R0315,F049,2,0,high,Black,male,40‐49,a few times per year,somewhat interested
R0315,F050,2,1,low,Black,male,40‐49,a few times per year,somewhat interested
R0315,F092,4,1,high,Latina,male,40‐49,a few times per year,somewhat interested
R0316,F008,2,1,high,White,female,50‐59,never,not very interested
R0316,F012,2,0,high,Latina,female,50‐59,never,not very interested
R0316,F018,2,1,low,Asian American,female,50‐59,never,not very interested
R0316,F031,1,1,high,Black,female,50‐59,never,not very interested
R0316,F057,1,0,low,Asian American,female,50‐59,never,not very interested
R0316,F059,3,1,low,Latina,female,50‐59,never,not very interested
R0316,F068,2,0,high,White,female,50‐59,never,not very interested
R0316,F069,1,0,low,Black,female,50‐59,never,not very interested
R0317,F006,4,1,high,Asian American,female,60‐69,2-4 days per week,somewhat interested
R0317,F053,4,0,low,Latina,female,60‐69,2-4 days per week,somewhat interested
R0317,F063,2,0,high,Black,female,60‐69,2-4 days per week,somewhat interested
R0317,F079,4,1,low,White,female,60‐69,2-4 days per week,somewhat interested
R0317,F086,2,1,high,Black,female,60‐69,2-4 days per week,somewhat interested
R0317,F103,4,1,low,Latina,female,60‐69,2-4 days per week,somewhat interested
R0317,F105,3,0,low,Asian American,female,60‐69,2-4 days per week,somewhat interested
R0317,F111,4,0,high,White,female,60‐69,2-4 days per week,somewhat interested
R0318,F016,4,1,high,White,female,30‐39,5+ days per week,not very interested
R0318,F025,4,1,high,Latina,female,30‐39,5+ days per week,not very interested
R0318,F067,4,0,high,Asian American,female,30‐39,5+ days per week,not very interested
R0318,F088,1,1,low,Black,female,30‐39,5+ days per week,not very interested
R0318,F088,1,0,low,Black,female,30‐39,5+ days per week,not very interested
R0318,F089,2,0,high,Latina,female,30‐39,5+ days per week,not very interested
R0318,F090,2,1,low,Asian American,female,30‐39,5+ days per week,not very interested
R0318,F096,2,0,low,White,female,30‐39,5+ days per week,not very interested
R0319,F003,4,0,low,White,male,60‐69,never,not at all interested
R0319,F014,4,1,low,White,male,60‐69,never,not at all interested
R0319,F024,1,1,low,Black,male,60‐69,never,not at all interested
R0319,F025,3,1,high,Latina,male,60‐69,never,not at all interested
R0319,F027,1,1,high,Asian American,male,60‐69,never,not at all interested
R0319,F033,4,0,high,Black,male,60‐69,never,not at all interested
R0319,F051,4,0,high,Asian American,male,60‐69,never,not at all interested
R0319,F072,3,0,low,Latina,male,60‐69,never,not at all interested
R0320,F005,4,1,high,White,female,40‐49,5+ days per week,somewhat interested
R0320,F010,3,1,low,Asian American,female,40‐49,5+ days per week,somewhat interested
R0320,F017,2,0,high,Latina,female,40‐49,5+ days per week,somewhat interested
R0320,F024,2,0,low,Black,female,40‐49,5+ days per week,somewhat interested
R0320,F046,2,1,low,Black,female,40‐49,5+ days per week,somewhat interested
R0320,F075,2,1,high,Latina,female,40‐49,5+ days per week,somewhat interested
R0320,F079,4,0,low,White,female,40‐49,5+ days per week,somewhat interested
R0320,F110,3,0,high,Asian American,female,40‐49,5+ days per week,somewhat interested
R0321,F002,1,0,high,Latina,male,40‐49,never,not at all interested
R0321,F018,2,0,low,Asian American,male,40‐49,never,not at all interested
R0321,F021,1,1,low,Latina,male,40‐49,never,not at all interested
R0321,F042,2,1,high,White,male,40‐49,never,not at all interested
R0321,F057,1,1,low,Asian American,male,40‐49,never,not at all interested
R0321,F070,3,0,low,Black,male,40‐49,never,not at all interested
R0321,F094,3,0,high,White,male,40‐49,never,not at all interested
R0321,F100,2,1,high,Black,male,40‐49,never,not at all interested
R0322,F008,4,0,high,White,male,20‐29,a few times per year,not very interested
R0322,F011,3,1,low,Latina,male,20‐29,a few times per year,not very interested
R0322,F040,3,0,low,Black,male,20‐29,a few times per year,not very interested
R0322,F041,3,1,high,White,male,20‐29,a few times per year,not very interested
R0322,F060,3,1,low,Asian American,male,20‐29,a few times per year,not very interested
R0322,F060,2,0,low,Asian American,male,20‐29,a few times per year,not very interested
R0322,F076,3,1,high,Black,male,20‐29,a few times per year,not very interested
R0322,F092,3,0,high,Latina,male,20‐29,a few times per year,not very interested
R0323,F007,4,1,low,Black,male,50‐59,never,not at all interested
R0323,F028,3,1,high,White,male,50‐59,never,not at all interested
R0323,F032,3,1,high,Latina,male,50‐59,never,not at all interested
R0323,F046,4,0,low,Black,male,50‐59,never,not at all interested
R0323,F051,3,0,high,Asian American,male,50‐59,never,not at all interested
R0323,F075,5,0,high,Latina,male,50‐59,never,not at all interested
R0323,F085,3,0,low,White,male,50‐59,never,not at all interested
R0323,F095,4,1,low,Asian American,male,50‐59,never,not at all interested
R0324,F010,2,0,low,Asian American,female,30‐39,2-4 days per week,somewhat interested
R0324,F059,3,0,low,Latina,female,30‐39,2-4 days per week,somewhat interested
R0324,F076,4,0,high,Black,female,30‐39,2-4 days per week,somewhat interested
R0324,F081,3,0,high,White,female,30‐39,2-4 days per week,somewhat interested
R0324,F098,4,1,high,Black,female,30‐39,2-4 days per week,somewhat interested
R0324,F099,1,1,low,White,female,30‐39,2-4 days per week,somewhat interested
R0324,F104,4,1,low,Latina,female,30‐39,2-4 days per week,somewhat interested
R0324,F110,3,1,high,Asian American,female,30‐39,2-4 days per week,somewhat interested
R0325,F001,3,1,high,Asian American,male,70 and above,never,not very interested
R0325,F003,4,1,low,White,male,70 and above,never,not very interested
R0325,F012,2,1,high,Latina,male,70 and above,never,not very interested
R0325,F015,2,1,low,Black,male,70 and above,never,not very interested
R0325,F023,2,0,high,Black,male,70 and above,never,not very interested
R0325,F059,4,0,low,Latina,male,70 and above,never,not very interested
R0325,F085,3,0,low,White,male,70 and above,never,not very interested
R0325,F110,4,0,high,Asian American,male,70 and above,never,not very interested
R0326,F021,1,1,low,Latina,female,50‐59,5+ days per week,not very interested
R0326,F033,2,1,high,Black,female,50‐59,5+ days per week,not very interested
R0326,F038,3,0,low,Latina,female,50‐59,5+ days per week,not very interested
R0326,F067,3,1,high,Asian American,female,50‐59,5+ days per week,not very interested
R0326,F073,4,1,low,White,female,50‐59,5+ days per week,not very interested
R0326,F084,4,0,high,White,female,50‐59,5+ days per week,not very interested
R0326,F095,2,0,low,Asian American,female,50‐59,5+ days per week,not very interested
R0326,F113,2,0,high,Black,female,50‐59,5+ days per week,not very interested
R0327,F027,1,0,high,Asian American,female,40‐49,1-3 days per month,somewhat interested
R0327,F044,1,0,low,White,female,40‐49,1-3 days per month,somewhat interested
R0327,F055,2,0,low,Latina,female,40‐49,1-3 days per month,somewhat interested
R0327,F074,2,1,high,Latina,female,40‐49,1-3 days per month,somewhat interested
R0327,F083,3,1,high,Asian American,female,40‐49,1-3 days per month,somewhat interested
R0327,F101,1,0,high,Black,female,40‐49,1-3 days per month,somewhat interested
R0327,F112,1,1,low,White,female,40‐49,1-3 days per month,somewhat interested
R0327,F114,1,1,low,Black,female,40‐49,1-3 days per month,somewhat interested
R0328,F028,2,1,high,White,female,40‐49,5+ days per week,not very interested
R0328,F055,2,1,low,Latina,female,40‐49,5+ days per week,not very interested
R0328,F075,2,0,high,Latina,female,40‐49,5+ days per week,not very interested
R0328,F081,2,0,high,White,female,40‐49,5+ days per week,not very interested
R0328,F105,2,1,low,Asian American,female,40‐49,5+ days per week,not very interested
R0328,F105,2,0,low,Asian American,female,40‐49,5+ days per week,not very interested
R0328,F113,2,1,high,Black,female,40‐49,5+ days per week,not very interested
R0328,F114,2,0,low,Black,female,40‐49,5+ days per week,not very interested
R0329,F013,4,0,low,Black,female,40‐49,5+ days per week,very interested
R0329,F027,3,0,high,Asian American,female,40‐49,5+ days per week,very interested
R0329,F052,5,1,high,White,female,40‐49,5+ days per week,very interested
R0329,F056,4,0,high,Latina,female,40‐49,5+ days per week,very interested
R0329,F060,2,1,low,Asian American,female,40‐49,5+ days per week,very interested
R0329,F069,3,1,low,Black,female,40‐49,5+ days per week,very interested
R0329,F092,4,1,high,Latina,female,40‐49,5+ days per week,very interested
R0329,F112,3,0,low,White,female,40‐49,5+ days per week,very interested
R0330,F001,2,0,high,Asian American,female,30‐39,never,not at all interested
R0330,F043,1,0,low,Black,female,30‐39,never,not at all interested
R0330,F044,1,0,low,White,female,30‐39,never,not at all interested
R0330,F074,2,0,high,Latina,female,30‐39,never,not at all interested
R0330,F084,3,1,high,White,female,30‐39,never,not at all interested
R0330,F089,2,1,high,Latina,female,30‐39,never,not at all interested
R0330,F105,1,1,low,Asian American,female,30‐39,never,not at all interested
R0330,F114,2,1,low,Black,female,30‐39,never,not at all interested
R0331,F016,4,1,high,White,male,50‐59,never,not at all interested
R0331,F038,4,1,low,Latina,male,50‐59,never,not at all interested
R0331,F041,3,0,high,White,male,50‐59,never,not at all interested
R0331,F074,4,0,high,Latina,male,50‐59,never,not at all interested
R0331,F082,2,1,high,Black,male,50‐59,never,not at all interested
R0331,F090,2,0,low,Asian American,male,50‐59,never,not at all interested
R0331,F097,2,1,low,Asian American,male,50‐59,never,not at all interested
R0331,F102,2,0,low,Black,male,50‐59,never,not at all interested
R0332,F027,3,1,high,Asian American,female,30‐39,never,neutral
R0332,F049,3,0,high,Black,female,30‐39,never,neutral
R0332,F049,4,1,high,Black,female,30‐39,never,neutral
R0332,F057,3,0,low,Asian American,female,30‐39,never,neutral
R0332,F065,5,0,high,White,female,30‐39,never,neutral
R0332,F078,5,1,low,Latina,female,30‐39,never,neutral
R0332,F085,4,1,low,White,female,30‐39,never,neutral
R0332,F104,5,0,low,Latina,female,30‐39,never,neutral
R0333,F017,3,1,high,Latina,male,50‐59,never,neutral
R0333,F029,4,1,low,White,male,50‐59,never,neutral
R0333,F048,2,1,low,Black,male,50‐59,never,neutral
R0333,F053,4,0,low,Latina,male,50‐59,never,neutral
R0333,F063,2,0,high,Black,male,50‐59,never,neutral
R0333,F067,4,1,high,Asian American,male,50‐59,never,neutral
R0333,F087,2,0,high,Asian American,male,50‐59,never,neutral
R0333,F107,4,0,low,White,male,50‐59,never,neutral
R0334,F001,3,1,high,Asian American,male,40‐49,never,not at all interested
R0334,F023,2,1,high,Black,male,40‐49,never,not at all interested
R0334,F041,4,0,high,White,male,40‐49,never,not at all interested
R0334,F061,2,0,low,Latina,male,40‐49,never,not at all interested
R0334,F061,3,1,low,Latina,male,40‐49,never,not at all interested
R0334,F062,4,0,high,Black,male,40‐49,never,not at all interested
R0334,F090,1,0,low,Asian American,male,40‐49,never,not at all interested
R0334,F093,3,1,low,White,male,40‐49,never,not at all interested
R0335,F002,1,1,high,Latina,female,50‐59,never,not very interested
R0335,F003,2,0,low,White,female,50‐59,never,not very interested
R0335,F006,2,0,high,Asian American,female,50‐59,never,not very interested
R0335,F013,3,1,low,Black,female,50‐59,never,not very interested
R0335,F015,2,0,low,Black,female,50‐59,never,not very interested
R0335,F047,3,1,high,White,female,50‐59,never,not very interested
R0335,F057,2,1,low,Asian American,female,50‐59,never,not very interested
R0335,F092,4,0,high,Latina,female,50‐59,never,not very interested
R0336,F001,3,0,high,Asian American,female,40‐49,1-3 days per month,not very interested
R0336,F006,2,1,high,Asian American,female,40‐49,1-3 days per month,not very interested
R0336,F019,3,0,low,White,female,40‐49,1-3 days per month,not very interested
R0336,F021,3,0,low,Latina,female,40‐49,1-3 days per month,not very interested
R0336,F030,4,1,high,Latina,female,40‐49,1-3 days per month,not very interested
R0336,F054,1,1,low,Black,female,40‐49,1-3 days per month,not very interested
R0336,F079,5,1,low,White,female,40‐49,1-3 days per month,not very interested
R0336,F082,4,0,high,Black,female,40‐49,1-3 days per month,not very interested
R0337,F002,3,0,high,Latina,female,50‐59,5+ days per week,very interested
R0337,F007,4,0,low,Black,female,50‐59,5+ days per week,very interested
R0337,F014,4,0,low,White,female,50‐59,5+ days per week,very interested
R0337,F017,4,1,high,Latina,female,50‐59,5+ days per week,very interested
R0337,F024,3,1,low,Black,female,50‐59,5+ days per week,very interested
R0337,F071,4,1,high,White,female,50‐59,5+ days per week,very interested
R0337,F087,4,0,high,Asian American,female,50‐59,5+ days per week,very interested
R0337,F116,4,1,low,Asian American,female,50‐59,5+ days per week,very interested
R0338,F003,3,1,low,White,female,50‐59,5+ days per week,somewhat interested
R0338,F006,3,1,high,Asian American,female,50‐59,5+ days per week,somewhat interested
R0338,F011,2,1,low,Latina,female,50‐59,5+ days per week,somewhat interested
R0338,F018,3,0,low,Asian American,female,50‐59,5+ days per week,somewhat interested
R0338,F055,5,0,low,Latina,female,50‐59,5+ days per week,somewhat interested
R0338,F064,4,0,high,White,female,50‐59,5+ days per week,somewhat interested
R0338,F082,3,0,high,Black,female,50‐59,5+ days per week,somewhat interested
R0338,F082,4,1,high,Black,female,50‐59,5+ days per week,somewhat interested
R0339,F017,3,0,high,Latina,female,30‐39,about once per week,somewhat interested
R0339,F033,5,1,high,Black,female,30‐39,about once per week,somewhat interested
R0339,F043,4,0,low,Black,female,30‐39,about once per week,somewhat interested
R0339,F052,5,1,high,White,female,30‐39,about once per week,somewhat interested
R0339,F060,2,1,low,Asian American,female,30‐39,about once per week,somewhat interested
R0339,F078,5,1,low,Latina,female,30‐39,about once per week,somewhat interested
R0339,F111,5,0,high,White,female,30‐39,about once per week,somewhat interested
R0339,F116,2,0,low,Asian American,female,30‐39,about once per week,somewhat interested
R0340,F011,2,0,low,Latina,male,20‐29,never,neutral
R0340,F013,4,1,low,Black,male,20‐29,never,neutral
R0340,F014,4,0,low,White,male,20‐29,never,neutral
R0340,F032,4,1,high,Latina,male,20‐29,never,neutral
R0340,F039,4,1,low,White,male,20‐29,never,neutral
R0340,F083,4,0,high,Asian American,male,20‐29,never,neutral
R0340,F086,1,0,high,Black,male,20‐29,never,neutral
R0340,F087,1,1,high,Asian American,male,20‐29,never,neutral
R0341,F008,2,1,high,White,female,30‐39,5+ days per week,somewhat interested
R0341,F010,1,1,low,Asian American,female,30‐39,5+ days per week,somewhat interested
R0341,F012,2,1,high,Latina,female,30‐39,5+ days per week,somewhat interested
R0341,F030,1,0,high,Latina,female,30‐39,5+ days per week,somewhat interested
R0341,F034,2,0,high,Asian American,female,30‐39,5+ days per week,somewhat interested
R0341,F035,1,0,low,White,female,30‐39,5+ days per week,somewhat interested
R0341,F043,1,1,low,Black,female,30‐39,5+ days per week,somewhat interested
R0341,F050,1,0,low,Black,female,30‐39,5+ days per week,somewhat interested
R0342,F009,4,0,low,White,female,40‐49,5+ days per week,somewhat interested
R0342,F030,6,1,high,Latina,female,40‐49,5+ days per week,somewhat interested
R0342,F032,2,0,high,Latina,female,40‐49,5+ days per week,somewhat interested
R0342,F042,5,1,high,White,female,40‐49,5+ days per week,somewhat interested
R0342,F043,4,0,low,Black,female,40‐49,5+ days per week,somewhat interested
R0342,F087,3,0,high,Asian American,female,40‐49,5+ days per week,somewhat interested
R0342,F090,4,1,low,Asian American,female,40‐49,5+ days per week,somewhat interested
R0342,F102,3,1,low,Black,female,40‐49,5+ days per week,somewhat interested
R0343,F001,3,1,high,Asian American,female,40‐49,2-4 days per week,neutral
R0343,F014,4,1,low,White,female,40‐49,2-4 days per week,neutral
R0343,F018,2,0,low,Asian American,female,40‐49,2-4 days per week,neutral
R0343,F021,2,0,low,Latina,female,40‐49,2-4 days per week,neutral
R0343,F022,2,1,high,Black,female,40‐49,2-4 days per week,neutral
R0343,F068,4,0,high,White,female,40‐49,2-4 days per week,neutral
R0343,F100,2,0,high,Black,female,40‐49,2-4 days per week,neutral
R0343,F103,2,1,low,Latina,female,40‐49,2-4 days per week,neutral
R0344,F006,2,0,high,Asian American,female,30‐39,2-4 days per week,somewhat interested
R0344,F013,2,0,low,Black,female,30‐39,2-4 days per week,somewhat interested
R0344,F017,3,0,high,Latina,female,30‐39,2-4 days per week,somewhat interested
R0344,F018,3,1,low,Asian American,female,30‐39,2-4 days per week,somewhat interested
R0344,F054,3,1,low,Black,female,30‐39,2-4 days per week,somewhat interested
R0344,F056,5,1,high,Latina,female,30‐39,2-4 days per week,somewhat interested
R0344,F073,3,0,low,White,female,30‐39,2-4 days per week,somewhat interested
R0344,F111,6,1,high,White,female,30‐39,2-4 days per week,somewhat interested
R0345,F009,4,1,low,White,female,40‐49,5+ days per week,very interested
R0345,F028,2,0,high,White,female,40‐49,5+ days per week,very interested
R0345,F037,4,0,high,Black,female,40‐49,5+ days per week,very interested
R0345,F053,2,0,low,Latina,female,40‐49,5+ days per week,very interested
R0345,F095,2,0,low,Asian American,female,40‐49,5+ days per week,very interested
R0345,F104,4,1,low,Latina,female,40‐49,5+ days per week,very interested
R0345,F110,3,1,high,Asian American,female,40‐49,5+ days per week,very interested
R0345,F113,3,1,high,Black,female,40‐49,5+ days per week,very interested
R0346,F036,3,1,high,White,female,40‐49,2-4 days per week,somewhat interested
R0346,F050,2,0,low,Black,female,40‐49,2-4 days per week,somewhat interested
R0346,F052,2,0,high,White,female,40‐49,2-4 days per week,somewhat interested
R0346,F056,3,0,high,Latina,female,40‐49,2-4 days per week,somewhat interested
R0346,F057,3,0,low,Asian American,female,40‐49,2-4 days per week,somewhat interested
R0346,F086,2,1,high,Black,female,40‐49,2-4 days per week,somewhat interested
R0346,F104,3,1,low,Latina,female,40‐49,2-4 days per week,somewhat interested
R0346,F116,4,1,low,Asian American,female,40‐49,2-4 days per week,somewhat interested
R0347,F009,3,0,low,White,male,40‐49,never,not very interested
R0347,F019,4,1,low,White,male,40‐49,never,not very interested
R0347,F054,2,1,low,Black,male,40‐49,never,not very interested
R0347,F075,4,1,high,Latina,male,40‐49,never,not very interested
R0347,F077,4,0,high,Black,male,40‐49,never,not very interested
R0347,F083,3,1,high,Asian American,male,40‐49,never,not very interested
R0347,F103,5,0,low,Latina,male,40‐49,never,not very interested
R0347,F110,3,0,high,Asian American,male,40‐49,never,not very interested
R0348,F046,4,0,low,Black,female,40‐49,5+ days per week,somewhat interested
R0348,F053,5,1,low,Latina,female,40‐49,5+ days per week,somewhat interested
R0348,F066,3,1,high,Black,female,40‐49,5+ days per week,somewhat interested
R0348,F068,3,1,high,White,female,40‐49,5+ days per week,somewhat interested
R0348,F071,4,0,high,White,female,40‐49,5+ days per week,somewhat interested
R0348,F075,3,0,high,Latina,female,40‐49,5+ days per week,somewhat interested
R0348,F095,3,1,low,Asian American,female,40‐49,5+ days per week,somewhat interested
R0348,F105,2,0,low,Asian American,female,40‐49,5+ days per week,somewhat interested
R0349,F010,2,0,low,Asian American,female,30‐39,2-4 days per week,neutral
R0349,F021,3,1,low,Latina,female,30‐39,2-4 days per week,neutral
R0349,F023,4,1,high,Black,female,30‐39,2-4 days per week,neutral
R0349,F025,4,0,high,Latina,female,30‐39,2-4 days per week,neutral
R0349,F045,4,0,high,White,female,30‐39,2-4 days per week,neutral
R0349,F065,2,1,high,White,female,30‐39,2-4 days per week,neutral
R0349,F090,1,1,low,Asian American,female,30‐39,2-4 days per week,neutral
R0349,F114,1,0,low,Black,female,30‐39,2-4 days per week,neutral
R0350,F004,2,0,low,White,female,40‐49,5+ days per week,somewhat interested
R0350,F017,2,1,high,Latina,female,40‐49,5+ days per week,somewhat interested
R0350,F027,2,0,high,Asian American,female,40‐49,5+ days per week,somewhat interested
R0350,F046,2,1,low,Black,female,40‐49,5+ days per week,somewhat interested
R0350,F046,1,0,low,Black,female,40‐49,5+ days per week,somewhat interested
R0350,F081,4,1,high,White,female,40‐49,5+ days per week,somewhat interested
R0350,F092,2,0,high,Latina,female,40‐49,5+ days per week,somewhat interested
R0350,F105,2,1,low,Asian American,female,40‐49,5+ days per week,somewhat interested
R0351,F027,2,1,high,Asian American,male,60‐69,never,somewhat interested
R0351,F029,3,0,low,White,male,60‐69,never,somewhat interested
R0351,F067,3,0,high,Asian American,male,60‐69,never,somewhat interested
R0351,F074,3,1,high,Latina,male,60‐69,never,somewhat interested
R0351,F088,1,1,low,Black,male,60‐69,never,somewhat interested
R0351,F103,3,0,low,Latina,male,60‐69,never,somewhat interested
R0351,F107,2,1,low,White,male,60‐69,never,somewhat interested
R0351,F109,2,0,high,Black,male,60‐69,never,somewhat interested
R0352,F004,3,1,low,White,male,40‐49,never,somewhat interested
R0352,F027,2,1,high,Asian American,male,40‐49,never,somewhat interested
R0352,F042,4,0,high,White,male,40‐49,never,somewhat interested
R0352,F055,3,1,low,Latina,male,40‐49,never,somewhat interested
R0352,F063,5,1,high,Black,male,40‐49,never,somewhat interested
R0352,F101,4,0,high,Black,male,40‐49,never,somewhat interested
R0352,F104,3,0,low,Latina,male,40‐49,never,somewhat interested
R0352,F116,2,0,low,Asian American,male,40‐49,never,somewhat interested
R0353,F006,4,1,high,Asian American,male,50‐59,never,neutral
R0353,F012,3,1,high,Latina,male,50‐59,never,neutral
R0353,F021,3,0,low,Latina,male,50‐59,never,neutral
R0353,F058,3,0,high,Black,male,50‐59,never,neutral
R0353,F083,3,0,high,Asian American,male,50‐59,never,neutral
R0353,F096,2,1,low,White,male,50‐59,never,neutral
R0353,F096,4,0,low,White,male,50‐59,never,neutral
R0353,F102,3,1,low,Black,male,50‐59,never,neutral
R0354,F004,3,1,low,White,female,40‐49,2-4 days per week,neutral
R0354,F006,2,0,high,Asian American,female,40‐49,2-4 days per week,neutral
R0354,F007,2,1,low,Black,female,40‐49,2-4 days per week,neutral
R0354,F034,2,1,high,Asian American,female,40‐49,2-4 days per week,neutral
R0354,F035,2,0,low,White,female,40‐49,2-4 days per week,neutral
R0354,F078,3,0,low,Latina,female,40‐49,2-4 days per week,neutral
R0354,F092,4,1,high,Latina,female,40‐49,2-4 days per week,neutral
R0354,F100,1,0,high,Black,female,40‐49,2-4 days per week,neutral
R0355,F004,2,1,low,White,female,40‐49,5+ days per week,somewhat interested
R0355,F010,3,0,low,Asian American,female,40‐49,5+ days per week,somewhat interested
R0355,F033,4,0,high,Black,female,40‐49,5+ days per week,somewhat interested
R0355,F033,4,1,high,Black,female,40‐49,5+ days per week,somewhat interested
R0355,F038,5,0,low,Latina,female,40‐49,5+ days per week,somewhat interested
R0355,F038,4,1,low,Latina,female,40‐49,5+ days per week,somewhat interested
R0355,F067,4,1,high,Asian American,female,40‐49,5+ days per week,somewhat interested
R0355,F080,6,0,high,White,female,40‐49,5+ days per week,somewhat interested
R0356,F030,4,1,high,Latina,female,40‐49,2-4 days per week,somewhat interested
R0356,F030,4,0,high,Latina,female,40‐49,2-4 days per week,somewhat interested
R0356,F069,2,1,low,Black,female,40‐49,2-4 days per week,somewhat interested
R0356,F069,3,0,low,Black,female,40‐49,2-4 days per week,somewhat interested
R0356,F094,4,1,high,White,female,40‐49,2-4 days per week,somewhat interested
R0356,F099,2,0,low,White,female,40‐49,2-4 days per week,somewhat interested
R0356,F110,3,0,high,Asian American,female,40‐49,2-4 days per week,somewhat interested
R0356,F116,3,1,low,Asian American,female,40‐49,2-4 days per week,somewhat interested
R0357,F007,4,1,low,Black,male,60‐69,never,not very interested
R0357,F014,5,0,low,White,male,60‐69,never,not very interested
R0357,F025,4,1,high,Latina,male,60‐69,never,not very interested
R0357,F051,3,0,high,Asian American,male,60‐69,never,not very interested
R0357,F057,2,1,low,Asian American,male,60‐69,never,not very interested
R0357,F064,3,1,high,White,male,60‐69,never,not very interested
R0357,F089,5,0,high,Latina,male,60‐69,never,not very interested
R0357,F115,3,0,low,Black,male,60‐69,never,not very interested
R0358,F031,4,0,high,Black,female,50‐59,5+ days per week,somewhat interested
R0358,F034,2,0,high,Asian American,female,50‐59,5+ days per week,somewhat interested
R0358,F044,5,1,low,White,female,50‐59,5+ days per week,somewhat interested
R0358,F053,3,0,low,Latina,female,50‐59,5+ days per week,somewhat interested
R0358,F087,2,1,high,Asian American,female,50‐59,5+ days per week,somewhat interested
R0358,F089,4,1,high,Latina,female,50‐59,5+ days per week,somewhat interested
R0358,F108,4,0,low,White,female,50‐59,5+ days per week,somewhat interested
R0358,F115,3,1,low,Black,female,50‐59,5+ days per week,somewhat interested
R0359,F017,3,0,high,Latina,male,40‐49,never,not at all interested
R0359,F028,3,0,high,White,male,40‐49,never,not at all interested
R0359,F057,3,1,low,Asian American,male,40‐49,never,not at all interested
R0359,F060,1,0,low,Asian American,male,40‐49,never,not at all interested
R0359,F061,4,1,low,Latina,male,40‐49,never,not at all interested
R0359,F077,2,1,high,Black,male,40‐49,never,not at all interested
R0359,F081,4,1,high,White,male,40‐49,never,not at all interested
R0359,F115,3,0,low,Black,male,40‐49,never,not at all interested
R0360,F025,4,1,high,Latina,female,60‐69,2-4 days per week,neutral
R0360,F027,2,0,high,Asian American,female,60‐69,2-4 days per week,neutral
R0360,F035,3,0,low,White,female,60‐69,2-4 days per week,neutral
R0360,F043,3,1,low,Black,female,60‐69,2-4 days per week,neutral
R0360,F055,3,0,low,Latina,female,60‐69,2-4 days per week,neutral
R0360,F098,3,0,high,Black,female,60‐69,2-4 days per week,neutral
R0360,F110,3,1,high,Asian American,female,60‐69,2-4 days per week,neutral
R0360,F112,3,1,low,White,female,60‐69,2-4 days per week,neutral
R0361,F012,2,0,high,Latina,female,40‐49,about once per week,not very interested
R0361,F038,5,1,low,Latina,female,40‐49,about once per week,not very interested
R0361,F042,4,0,high,White,female,40‐49,about once per week,not very interested
R0361,F063,3,1,high,Black,female,40‐49,about once per week,not very interested
R0361,F069,4,0,low,Black,female,40‐49,about once per week,not very interested
R0361,F095,1,0,low,Asian American,female,40‐49,about once per week,not very interested
R0361,F105,2,1,low,Asian American,female,40‐49,about once per week,not very interested
R0361,F111,5,1,high,White,female,40‐49,about once per week,not very interested
R0362,F011,4,1,low,Latina,male,30‐39,about once per week,neutral
R0362,F027,2,1,high,Asian American,male,30‐39,about once per week,neutral
R0362,F038,2,0,low,Latina,male,30‐39,about once per week,neutral
R0362,F052,3,0,high,White,male,30‐39,about once per week,neutral
R0362,F057,2,0,low,Asian American,male,30‐39,about once per week,neutral
R0362,F063,2,0,high,Black,male,30‐39,about once per week,neutral
R0362,F079,4,1,low,White,male,30‐39,about once per week,neutral
R0362,F098,3,1,high,Black,male,30‐39,about once per week,neutral
R0363,F019,2,1,low,White,female,30‐39,5+ days per week,somewhat interested
R0363,F030,2,1,high,Latina,female,30‐39,5+ days per week,somewhat interested
R0363,F033,5,0,high,Black,female,30‐39,5+ days per week,somewhat interested
R0363,F051,3,0,high,Asian American,female,30‐39,5+ days per week,somewhat interested
R0363,F059,4,0,low,Latina,female,30‐39,5+ days per week,somewhat interested
R0363,F067,4,1,high,Asian American,female,30‐39,5+ days per week,somewhat interested
R0363,F070,2,1,low,Black,female,30‐39,5+ days per week,somewhat interested
R0363,F096,2,0,low,White,female,30‐39,5+ days per week,somewhat interested
R0364,F001,2,0,high,Asian American,female,40‐49,5+ days per week,very interested
R0364,F012,4,0,high,Latina,female,40‐49,5+ days per week,very interested
R0364,F048,3,0,low,Black,female,40‐49,5+ days per week,very interested
R0364,F068,4,1,high,White,female,40‐49,5+ days per week,very interested
R0364,F092,3,1,high,Latina,female,40‐49,5+ days per week,very interested
R0364,F097,2,1,low,Asian American,female,40‐49,5+ days per week,very interested
R0364,F106,4,1,low,Black,female,40‐49,5+ days per week,very interested
R0364,F107,3,0,low,White,female,40‐49,5+ days per week,very interested
R0365,F005,5,1,high,White,female,30‐39,2-4 days per week,somewhat interested
R0365,F005,4,0,high,White,female,30‐39,2-4 days per week,somewhat interested
R0365,F007,3,0,low,Black,female,30‐39,2-4 days per week,somewhat interested
R0365,F060,5,1,low,Asian American,female,30‐39,2-4 days per week,somewhat interested
R0365,F062,4,1,high,Black,female,30‐39,2-4 days per week,somewhat interested
R0365,F092,4,0,high,Latina,female,30‐39,2-4 days per week,somewhat interested
R0365,F095,3,0,low,Asian American,female,30‐39,2-4 days per week,somewhat interested
R0365,F103,2,1,low,Latina,female,30‐39,2-4 days per week,somewhat interested
R0366,F001,3,1,high,Asian American,female,30‐39,5+ days per week,somewhat interested
R0366,F001,4,0,high,Asian American,female,30‐39,5+ days per week,somewhat interested
R0366,F031,2,0,high,Black,female,30‐39,5+ days per week,somewhat interested
R0366,F032,6,1,high,Latina,female,30‐39,5+ days per week,somewhat interested
R0366,F039,5,0,low,White,female,30‐39,5+ days per week,somewhat interested
R0366,F069,4,1,low,Black,female,30‐39,5+ days per week,somewhat interested
R0366,F072,4,0,low,Latina,female,30‐39,5+ days per week,somewhat interested
R0366,F108,5,1,low,White,female,30‐39,5+ days per week,somewhat interested
R0367,F003,2,1,low,White,male,30‐39,never,somewhat interested
R0367,F006,4,1,high,Asian American,male,30‐39,never,somewhat interested
R0367,F021,3,1,low,Latina,male,30‐39,never,somewhat interested
R0367,F037,3,0,high,Black,male,30‐39,never,somewhat interested
R0367,F037,3,1,high,Black,male,30‐39,never,somewhat interested
R0367,F059,4,0,low,Latina,male,30‐39,never,somewhat interested
R0367,F071,3,0,high,White,male,30‐39,never,somewhat interested
R0367,F105,2,0,low,Asian American,male,30‐39,never,somewhat interested
R0368,F008,3,0,high,White,female,30‐39,5+ days per week,somewhat interested
R0368,F072,4,1,low,Latina,female,30‐39,5+ days per week,somewhat interested
R0368,F076,5,1,high,Black,female,30‐39,5+ days per week,somewhat interested
R0368,F077,4,0,high,Black,female,30‐39,5+ days per week,somewhat interested
R0368,F078,5,0,low,Latina,female,30‐39,5+ days per week,somewhat interested
R0368,F090,2,0,low,Asian American,female,30‐39,5+ days per week,somewhat interested
R0368,F099,2,1,low,White,female,30‐39,5+ days per week,somewhat interested
R0368,F110,4,1,high,Asian American,female,30‐39,5+ days per week,somewhat interested
R0369,F006,3,1,high,Asian American,female,60‐69,about once per week,neutral
R0369,F011,3,0,low,Latina,female,60‐69,about once per week,neutral
R0369,F015,2,1,low,Black,female,60‐69,about once per week,neutral
R0369,F020,4,1,low,White,female,60‐69,about once per week,neutral
R0369,F027,2,0,high,Asian American,female,60‐69,about once per week,neutral
R0369,F037,2,0,high,Black,female,60‐69,about once per week,neutral
R0369,F056,4,1,high,Latina,female,60‐69,about once per week,neutral
R0369,F085,2,0,low,White,female,60‐69,about once per week,neutral
R0370,F003,3,0,low,White,female,20‐29,2-4 days per week,somewhat interested
R0370,F012,3,1,high,Latina,female,20‐29,2-4 days per week,somewhat interested
R0370,F036,5,1,high,White,female,20‐29,2-4 days per week,somewhat interested
R0370,F050,2,1,low,Black,female,20‐29,2-4 days per week,somewhat interested
R0370,F056,3,0,high,Latina,female,20‐29,2-4 days per week,somewhat interested
R0370,F067,4,0,high,Asian American,female,20‐29,2-4 days per week,somewhat interested
R0370,F106,3,0,low,Black,female,20‐29,2-4 days per week,somewhat interested
R0370,F116,2,1,low,Asian American,female,20‐29,2-4 days per week,somewhat interested
R0371,F032,3,0,high,Latina,male,50‐59,never,not very interested
R0371,F057,3,1,low,Asian American,male,50‐59,never,not very interested
R0371,F059,3,1,low,Latina,male,50‐59,never,not very interested
R0371,F066,2,1,high,Black,male,50‐59,never,not very interested
R0371,F080,3,0,high,White,male,50‐59,never,not very interested
R0371,F084,4,1,high,White,male,50‐59,never,not very interested
R0371,F088,2,0,low,Black,male,50‐59,never,not very interested
R0371,F097,2,0,low,Asian American,male,50‐59,never,not very interested
R0372,F001,4,1,high,Asian American,male,40‐49,a few times per year,somewhat interested
R0372,F022,3,0,high,Black,male,40‐49,a few times per year,somewhat interested
R0372,F042,3,0,high,White,male,40‐49,a few times per year,somewhat interested
R0372,F044,2,1,low,White,male,40‐49,a few times per year,somewhat interested
R0372,F078,3,0,low,Latina,male,40‐49,a few times per year,somewhat interested
R0372,F078,4,1,low,Latina,male,40‐49,a few times per year,somewhat interested
R0372,F086,3,1,high,Black,male,40‐49,a few times per year,somewhat interested
R0372,F097,3,0,low,Asian American,male,40‐49,a few times per year,somewhat interested
R0373,F015,1,1,low,Black,female,30‐39,5+ days per week,somewhat interested
R0373,F065,3,1,high,White,female,30‐39,5+ days per week,somewhat interested
R0373,F074,2,1,high,Latina,female,30‐39,5+ days per week,somewhat interested
R0373,F074,2,0,high,Latina,female,30‐39,5+ days per week,somewhat interested
R0373,F085,3,0,low,White,female,30‐39,5+ days per week,somewhat interested
R0373,F087,2,0,high,Asian American,female,30‐39,5+ days per week,somewhat interested
R0373,F097,2,1,low,Asian American,female,30‐39,5+ days per week,somewhat interested
R0373,F114,3,0,low,Black,female,30‐39,5+ days per week,somewhat interested
R0374,F005,3,0,high,White,female,40‐49,2-4 days per week,somewhat interested
R0374,F051,2,1,high,Asian American,female,40‐49,2-4 days per week,somewhat interested
R0374,F057,2,0,low,Asian American,female,40‐49,2-4 days per week,somewhat interested
R0374,F058,4,1,high,Black,female,40‐49,2-4 days per week,somewhat interested
R0374,F061,2,1,low,Latina,female,40‐49,2-4 days per week,somewhat interested
R0374,F100,2,0,high,Black,female,40‐49,2-4 days per week,somewhat interested
R0374,F104,3,0,low,Latina,female,40‐49,2-4 days per week,somewhat interested
R0374,F107,3,1,low,White,female,40‐49,2-4 days per week,somewhat interested
R0375,F002,3,1,high,Latina,female,40‐49,1-3 days per month,somewhat interested
R0375,F049,4,0,high,Black,female,40‐49,1-3 days per month,somewhat interested
R0375,F061,2,0,low,Latina,female,40‐49,1-3 days per month,somewhat interested
R0375,F083,3,1,high,Asian American,female,40‐49,1-3 days per month,somewhat interested
R0375,F087,2,0,high,Asian American,female,40‐49,1-3 days per month,somewhat interested
R0375,F091,3,1,low,Black,female,40‐49,1-3 days per month,somewhat interested
R0375,F093,4,1,low,White,female,40‐49,1-3 days per month,somewhat interested
R0375,F107,5,0,low,White,female,40‐49,1-3 days per month,somewhat interested
R0376,F002,1,0,high,Latina,female,40‐49,5+ days per week,very interested
R0376,F019,4,0,low,White,female,40‐49,5+ days per week,very interested
R0376,F040,2,0,low,Black,female,40‐49,5+ days per week,very interested
R0376,F057,2,1,low,Asian American,female,40‐49,5+ days per week,very interested
R0376,F080,4,1,high,White,female,40‐49,5+ days per week,very interested
R0376,F083,2,0,high,Asian American,female,40‐49,5+ days per week,very interested
R0376,F088,1,1,low,Black,female,40‐49,5+ days per week,very interested
R0376,F089,2,1,high,Latina,female,40‐49,5+ days per week,very interested
R0377,F001,2,0,high,Asian American,female,40‐49,about once per week,not very interested
R0377,F007,3,0,low,Black,female,40‐49,about once per week,not very interested
R0377,F010,4,1,low,Asian American,female,40‐49,about once per week,not very interested
R0377,F047,4,1,high,White,female,40‐49,about once per week,not very interested
R0377,F056,4,1,high,Latina,female,40‐49,about once per week,not very interested
R0377,F092,3,0,high,Latina,female,40‐49,about once per week,not very interested
R0377,F108,4,0,low,White,female,40‐49,about once per week,not very interested
R0377,F114,4,1,low,Black,female,40‐49,about once per week,not very interested
R0378,F015,2,0,low,Black,female,50‐59,5+ days per week,somewhat interested
R0378,F045,3,0,high,White,female,50‐59,5+ days per week,somewhat interested
R0378,F060,1,0,low,Asian American,female,50‐59,5+ days per week,somewhat interested
R0378,F064,4,1,high,White,female,50‐59,5+ days per week,somewhat interested
R0378,F075,1,0,high,Latina,female,50‐59,5+ days per week,somewhat interested
R0378,F086,2,1,high,Black,female,50‐59,5+ days per week,somewhat interested
R0378,F095,2,1,low,Asian American,female,50‐59,5+ days per week,somewhat interested
R0378,F103,3,1,low,Latina,female,50‐59,5+ days per week,somewhat interested
R0379,F004,4,0,low,White,female,60‐69,5+ days per week,somewhat interested
R0379,F038,4,0,low,Latina,female,60‐69,5+ days per week,somewhat interested
R0379,F050,3,1,low,Black,female,60‐69,5+ days per week,somewhat interested
R0379,F075,4,1,high,Latina,female,60‐69,5+ days per week,somewhat interested
R0379,F082,4,0,high,Black,female,60‐69,5+ days per week,somewhat interested
R0379,F083,4,0,high,Asian American,female,60‐69,5+ days per week,somewhat interested
R0379,F087,4,1,high,Asian American,female,60‐69,5+ days per week,somewhat interested
R0379,F096,4,1,low,White,female,60‐69,5+ days per week,somewhat interested
R0380,F010,2,0,low,Asian American,female,40‐49,1-3 days per month,neutral
R0380,F016,2,1,high,White,female,40‐49,1-3 days per month,neutral
R0380,F032,2,0,high,Latina,female,40‐49,1-3 days per month,neutral
R0380,F041,2,0,high,White,female,40‐49,1-3 days per month,neutral
R0380,F048,2,0,low,Black,female,40‐49,1-3 days per month,neutral
R0380,F076,4,1,high,Black,female,40‐49,1-3 days per month,neutral
R0380,F078,2,1,low,Latina,female,40‐49,1-3 days per month,neutral
R0380,F105,2,1,low,Asian American,female,40‐49,1-3 days per month,neutral
R0381,F001,3,1,high,Asian American,female,30‐39,never,not very interested
R0381,F023,2,0,high,Black,female,30‐39,never,not very interested
R0381,F035,3,1,low,White,female,30‐39,never,not very interested
R0381,F051,3,0,high,Asian American,female,30‐39,never,not very interested
R0381,F059,2,0,low,Latina,female,30‐39,never,not very interested
R0381,F074,3,1,high,Latina,female,30‐39,never,not very interested
R0381,F106,3,1,low,Black,female,30‐39,never,not very interested
R0381,F108,3,0,low,White,female,30‐39,never,not very interested
R0382,F038,4,0,low,Latina,female,50‐59,never,neutral
R0382,F039,4,1,low,White,female,50‐59,never,neutral
R0382,F041,4,0,high,White,female,50‐59,never,neutral
R0382,F049,3,0,high,Black,female,50‐59,never,neutral
R0382,F060,3,0,low,Asian American,female,50‐59,never,neutral
R0382,F072,4,1,low,Latina,female,50‐59,never,neutral
R0382,F083,3,1,high,Asian American,female,50‐59,never,neutral
R0382,F113,4,1,high,Black,female,50‐59,never,neutral
R0383,F015,4,0,low,Black,female,40‐49,5+ days per week,somewhat interested
R0383,F027,3,0,high,Asian American,female,40‐49,5+ days per week,somewhat interested
R0383,F032,3,0,high,Latina,female,40‐49,5+ days per week,somewhat interested
R0383,F048,3,1,low,Black,female,40‐49,5+ days per week,somewhat interested
R0383,F064,4,1,high,White,female,40‐49,5+ days per week,somewhat interested
R0383,F073,4,0,low,White,female,40‐49,5+ days per week,somewhat interested
R0383,F075,4,1,high,Latina,female,40‐49,5+ days per week,somewhat interested
R0383,F095,4,1,low,Asian American,female,40‐49,5+ days per week,somewhat interested
R0384,F006,2,0,high,Asian American,male,20‐29,never,not very interested
R0384,F014,4,1,low,White,male,20‐29,never,not very interested
R0384,F019,4,0,low,White,male,20‐29,never,not very interested
R0384,F027,2,1,high,Asian American,male,20‐29,never,not very interested
R0384,F040,4,1,low,Black,male,20‐29,never,not very interested
R0384,F055,3,0,low,Latina,male,20‐29,never,not very interested
R0384,F086,3,0,high,Black,male,20‐29,never,not very interested
R0384,F092,3,1,high,Latina,male,20‐29,never,not very interested
R0385,F056,3,0,high,Latina,female,30‐39,5+ days per week,very interested
R0385,F058,2,1,high,Black,female,30‐39,5+ days per week,very interested
R0385,F072,2,1,low,Latina,female,30‐39,5+ days per week,very interested
R0385,F090,3,0,low,Asian American,female,30‐39,5+ days per week,very interested
R0385,F102,3,0,low,Black,female,30‐39,5+ days per week,very interested
R0385,F111,3,1,high,White,female,30‐39,5+ days per week,very interested
R0385,F111,3,0,high,White,female,30‐39,5+ days per week,very interested
R0385,F116,2,1,low,Asian American,female,30‐39,5+ days per week,very interested
R0386,F031,3,1,high,Black,female,40‐49,2-4 days per week,somewhat interested
R0386,F035,3,1,low,White,female,40‐49,2-4 days per week,somewhat interested
R0386,F052,4,0,high,White,female,40‐49,2-4 days per week,somewhat interested
R0386,F053,4,0,low,Latina,female,40‐49,2-4 days per week,somewhat interested
R0386,F078,4,1,low,Latina,female,40‐49,2-4 days per week,somewhat interested
R0386,F087,3,1,high,Asian American,female,40‐49,2-4 days per week,somewhat interested
R0386,F095,3,0,low,Asian American,female,40‐49,2-4 days per week,somewhat interested
R0386,F113,4,0,high,Black,female,40‐49,2-4 days per week,somewhat interested
R0387,F011,3,1,low,Latina,female,50‐59,a few times per year,not very interested
R0387,F030,3,0,high,Latina,female,50‐59,a few times per year,not very interested
R0387,F052,3,1,high,White,female,50‐59,a few times per year,not very interested
R0387,F070,3,0,low,Black,female,50‐59,a few times per year,not very interested
R0387,F071,4,0,high,White,female,50‐59,a few times per year,not very interested
R0387,F097,3,1,low,Asian American,female,50‐59,a few times per year,not very interested
R0387,F105,3,0,low,Asian American,female,50‐59,a few times per year,not very interested
R0387,F113,4,1,high,Black,female,50‐59,a few times per year,not very interested
R0388,F006,2,0,high,Asian American,male,40‐49,never,somewhat interested
R0388,F030,3,1,high,Latina,male,40‐49,never,somewhat interested
R0388,F040,3,1,low,Black,male,40‐49,never,somewhat interested
R0388,F041,4,1,high,White,male,40‐49,never,somewhat interested
R0388,F044,2,0,low,White,male,40‐49,never,somewhat interested
R0388,F089,4,0,high,Latina,male,40‐49,never,somewhat interested
R0388,F102,2,0,low,Black,male,40‐49,never,somewhat interested
R0388,F105,2,1,low,Asian American,male,40‐49,never,somewhat interested
R0389,F024,2,1,low,Black,female,40‐49,5+ days per week,not very interested
R0389,F025,2,1,high,Latina,female,40‐49,5+ days per week,not very interested
R0389,F034,2,0,high,Asian American,female,40‐49,5+ days per week,not very interested
R0389,F044,2,1,low,White,female,40‐49,5+ days per week,not very interested
R0389,F051,3,1,high,Asian American,female,40‐49,5+ days per week,not very interested
R0389,F062,3,0,high,Black,female,40‐49,5+ days per week,not very interested
R0389,F103,3,0,low,Latina,female,40‐49,5+ days per week,not very interested
R0389,F112,3,0,low,White,female,40‐49,5+ days per week,not very interested
R0390,F005,5,0,high,White,female,30‐39,5+ days per week,neutral
R0390,F010,3,1,low,Asian American,female,30‐39,5+ days per week,neutral
R0390,F018,3,0,low,Asian American,female,30‐39,5+ days per week,neutral
R0390,F025,5,0,high,Latina,female,30‐39,5+ days per week,neutral
R0390,F033,5,1,high,Black,female,30‐39,5+ days per week,neutral
R0390,F040,4,0,low,Black,female,30‐39,5+ days per week,neutral
R0390,F045,4,1,high,White,female,30‐39,5+ days per week,neutral
R0390,F055,4,1,low,Latina,female,30‐39,5+ days per week,neutral
R0391,F018,2,0,low,Asian American,male,40‐49,never,not very interested
R0391,F034,2,1,high,Asian American,male,40‐49,never,not very interested
R0391,F061,2,0,low,Latina,male,40‐49,never,not very interested
R0391,F063,2,1,high,Black,male,40‐49,never,not very interested
R0391,F080,4,0,high,White,male,40‐49,never,not very interested
R0391,F101,2,0,high,Black,male,40‐49,never,not very interested
R0391,F104,3,1,low,Latina,male,40‐49,never,not very interested
R0391,F108,4,1,low,White,male,40‐49,never,not very interested
R0392,F001,2,0,high,Asian American,male,40‐49,never,neutral
R0392,F003,3,1,low,White,male,40‐49,never,neutral
R0392,F009,4,0,low,White,male,40‐49,never,neutral
R0392,F061,4,0,low,Latina,male,40‐49,never,neutral
R0392,F089,3,1,high,Latina,male,40‐49,never,neutral
R0392,F100,3,0,high,Black,male,40‐49,never,neutral
R0392,F110,3,1,high,Asian American,male,40‐49,never,neutral
R0392,F114,4,1,low,Black,male,40‐49,never,neutral
R0393,F030,3,1,high,Latina,female,30‐39,5+ days per week,somewhat interested
R0393,F034,3,1,high,Asian American,female,30‐39,5+ days per week,somewhat interested
R0393,F053,4,0,low,Latina,female,30‐39,5+ days per week,somewhat interested
R0393,F073,3,1,low,White,female,30‐39,5+ days per week,somewhat interested
R0393,F077,5,0,high,Black,female,30‐39,5+ days per week,somewhat interested
R0393,F093,3,0,low,White,female,30‐39,5+ days per week,somewhat interested
R0393,F110,1,0,high,Asian American,female,30‐39,5+ days per week,somewhat interested
R0393,F114,3,1,low,Black,female,30‐39,5+ days per week,somewhat interested
R0394,F008,4,0,high,White,male,30‐39,a few times per year,neutral
R0394,F010,4,1,low,Asian American,male,30‐39,a few times per year,neutral
R0394,F012,3,0,high,Latina,male,30‐39,a few times per year,neutral
R0394,F046,2,0,low,Black,male,30‐39,a few times per year,neutral
R0394,F053,5,1,low,Latina,male,30‐39,a few times per year,neutral
R0394,F082,3,1,high,Black,male,30‐39,a few times per year,neutral
R0394,F094,3,1,high,White,male,30‐39,a few times per year,neutral
R0394,F116,2,0,low,Asian American,male,30‐39,a few times per year,neutral
R0395,F006,3,1,high,Asian American,female,20‐29,5+ days per week,somewhat interested
R0395,F009,1,1,low,White,female,20‐29,5+ days per week,somewhat interested
R0395,F022,1,1,high,Black,female,20‐29,5+ days per week,somewhat interested
R0395,F053,2,1,low,Latina,female,20‐29,5+ days per week,somewhat interested
R0395,F059,3,0,low,Latina,female,20‐29,5+ days per week,somewhat interested
R0395,F062,1,0,high,Black,female,20‐29,5+ days per week,somewhat interested
R0395,F068,4,0,high,White,female,20‐29,5+ days per week,somewhat interested
R0395,F095,2,0,low,Asian American,female,20‐29,5+ days per week,somewhat interested
R0396,F017,3,1,high,Latina,female,30‐39,5+ days per week,not very interested
R0396,F018,4,1,low,Asian American,female,30‐39,5+ days per week,not very interested
R0396,F030,3,0,high,Latina,female,30‐39,5+ days per week,not very interested
R0396,F042,4,1,high,White,female,30‐39,5+ days per week,not very interested
R0396,F050,2,1,low,Black,female,30‐39,5+ days per week,not very interested
R0396,F079,4,0,low,White,female,30‐39,5+ days per week,not very interested
R0396,F083,4,0,high,Asian American,female,30‐39,5+ days per week,not very interested
R0396,F088,2,0,low,Black,female,30‐39,5+ days per week,not very interested
R0397,F009,4,1,low,White,female,30‐39,never,not very interested
R0397,F020,3,0,low,White,female,30‐39,never,not very interested
R0397,F056,3,1,high,Latina,female,30‐39,never,not very interested
R0397,F063,4,0,high,Black,female,30‐39,never,not very interested
R0397,F067,2,1,high,Asian American,female,30‐39,never,not very interested
R0397,F072,3,0,low,Latina,female,30‐39,never,not very interested
R0397,F087,3,0,high,Asian American,female,30‐39,never,not very interested
R0397,F106,3,1,low,Black,female,30‐39,never,not very interested
R0398,F017,4,0,high,Latina,male,30‐39,never,not very interested
R0398,F037,4,1,high,Black,male,30‐39,never,not very interested
R0398,F061,4,1,low,Latina,male,30‐39,never,not very interested
R0398,F064,3,0,high,White,male,30‐39,never,not very interested
R0398,F069,3,0,low,Black,male,30‐39,never,not very interested
R0398,F071,3,1,high,White,male,30‐39,never,not very interested
R0398,F095,4,1,low,Asian American,male,30‐39,never,not very interested
R0398,F097,3,0,low,Asian American,male,30‐39,never,not very interested
R0399,F002,4,0,high,Latina,male,50‐59,never,not very interested
R0399,F018,3,1,low,Asian American,male,50‐59,never,not very interested
R0399,F021,3,1,low,Latina,male,50‐59,never,not very interested
R0399,F047,4,0,high,White,male,50‐59,never,not very interested
R0399,F081,4,1,high,White,male,50‐59,never,not very interested
R0399,F090,4,0,low,Asian American,male,50‐59,never,not very interested
R0399,F102,4,0,low,Black,male,50‐59,never,not very interested
R0399,F109,4,1,high,Black,male,50‐59,never,not very interested
R0400,F001,2,0,high,Asian American,female,20‐29,2-4 days per week,somewhat interested
R0400,F009,3,0,low,White,female,20‐29,2-4 days per week,somewhat interested
R0400,F040,2,0,low,Black,female,20‐29,2-4 days per week,somewhat interested
R0400,F054,1,1,low,Black,female,20‐29,2-4 days per week,somewhat interested
R0400,F074,2,1,high,Latina,female,20‐29,2-4 days per week,somewhat interested
R0400,F074,2,0,high,Latina,female,20‐29,2-4 days per week,somewhat interested
R0400,F090,1,1,low,Asian American,female,20‐29,2-4 days per week,somewhat interested
R0400,F111,4,1,high,White,female,20‐29,2-4 days per week,somewhat interested
R0401,F025,3,1,high,Latina,male,40‐49,never,neutral
R0401,F025,2,0,high,Latina,male,40‐49,never,neutral
R0401,F029,3,0,low,White,male,40‐49,never,neutral
R0401,F036,2,1,high,White,male,40‐49,never,neutral
R0401,F097,2,1,low,Asian American,male,40‐49,never,neutral
R0401,F102,1,1,low,Black,male,40‐49,never,neutral
R0401,F102,2,0,low,Black,male,40‐49,never,neutral
R0401,F110,2,0,high,Asian American,male,40‐49,never,neutral
R0402,F008,5,1,high,White,female,50‐59,1-3 days per month,somewhat interested
R0402,F022,4,1,high,Black,female,50‐59,1-3 days per month,somewhat interested
R0402,F059,4,1,low,Latina,female,50‐59,1-3 days per month,somewhat interested
R0402,F074,5,0,high,Latina,female,50‐59,1-3 days per month,somewhat interested
R0402,F084,4,0,high,White,female,50‐59,1-3 days per month,somewhat interested
R0402,F095,2,0,low,Asian American,female,50‐59,1-3 days per month,somewhat interested
R0402,F097,3,1,low,Asian American,female,50‐59,1-3 days per month,somewhat interested
R0402,F106,4,0,low,Black,female,50‐59,1-3 days per month,somewhat interested
R0403,F002,4,1,high,Latina,female,40‐49,a few times per year,somewhat interested
R0403,F027,4,0,high,Asian American,female,40‐49,a few times per year,somewhat interested
R0403,F029,4,0,low,White,female,40‐49,a few times per year,somewhat interested
R0403,F070,5,1,low,Black,female,40‐49,a few times per year,somewhat interested
R0403,F087,4,1,high,Asian American,female,40‐49,a few times per year,somewhat interested
R0403,F099,4,1,low,White,female,40‐49,a few times per year,somewhat interested
R0403,F101,4,0,high,Black,female,40‐49,a few times per year,somewhat interested
R0403,F104,4,0,low,Latina,female,40‐49,a few times per year,somewhat interested
R0404,F006,2,0,high,Asian American,female,40‐49,5+ days per week,somewhat interested
R0404,F039,4,0,low,White,female,40‐49,5+ days per week,somewhat interested
R0404,F046,2,1,low,Black,female,40‐49,5+ days per week,somewhat interested
R0404,F065,3,1,high,White,female,40‐49,5+ days per week,somewhat interested
R0404,F075,3,0,high,Latina,female,40‐49,5+ days per week,somewhat interested
R0404,F091,2,0,low,Black,female,40‐49,5+ days per week,somewhat interested
R0404,F092,4,1,high,Latina,female,40‐49,5+ days per week,somewhat interested
R0404,F116,2,1,low,Asian American,female,40‐49,5+ days per week,somewhat interested
R0405,F019,4,1,low,White,male,40‐49,never,somewhat interested
R0405,F027,3,1,high,Asian American,male,40‐49,never,somewhat interested
R0405,F038,4,1,low,Latina,male,40‐49,never,somewhat interested
R0405,F055,4,0,low,Latina,male,40‐49,never,somewhat interested
R0405,F057,2,0,low,Asian American,male,40‐49,never,somewhat interested
R0405,F064,3,0,high,White,male,40‐49,never,somewhat interested
R0405,F077,3,1,high,Black,male,40‐49,never,somewhat interested
R0405,F109,2,0,high,Black,male,40‐49,never,somewhat interested
R0406,F007,3,0,low,Black,female,20‐29,about once per week,somewhat interested
R0406,F038,3,1,low,Latina,female,20‐29,about once per week,somewhat interested
R0406,F080,5,1,high,White,female,20‐29,about once per week,somewhat interested
R0406,F080,5,0,high,White,female,20‐29,about once per week,somewhat interested
R0406,F090,2,1,low,Asian American,female,20‐29,about once per week,somewhat interested
R0406,F092,4,0,high,Latina,female,20‐29,about once per week,somewhat interested
R0406,F100,2,1,high,Black,female,20‐29,about once per week,somewhat interested
R0406,F105,2,0,low,Asian American,female,20‐29,about once per week,somewhat interested
R0407,F021,3,1,low,Latina,female,40‐49,5+ days per week,very interested
R0407,F023,3,1,high,Black,female,40‐49,5+ days per week,very interested
R0407,F031,3,0,high,Black,female,40‐49,5+ days per week,very interested
R0407,F038,3,0,low,Latina,female,40‐49,5+ days per week,very interested
R0407,F073,3,1,low,White,female,40‐49,5+ days per week,very interested
R0407,F087,3,1,high,Asian American,female,40‐49,5+ days per week,very interested
R0407,F094,4,0,high,White,female,40‐49,5+ days per week,very interested
R0407,F097,3,0,low,Asian American,female,40‐49,5+ days per week,very interested
R0408,F001,1,0,high,Asian American,male,60‐69,never,not very interested
R0408,F006,2,1,high,Asian American,male,60‐69,never,not very interested
R0408,F015,2,1,low,Black,male,60‐69,never,not very interested
R0408,F021,1,0,low,Latina,male,60‐69,never,not very interested
R0408,F029,4,1,low,White,male,60‐69,never,not very interested
R0408,F032,2,1,high,Latina,male,60‐69,never,not very interested
R0408,F079,4,0,low,White,male,60‐69,never,not very interested
R0408,F109,2,0,high,Black,male,60‐69,never,not very interested
R0409,F001,3,1,high,Asian American,female,30‐39,2-4 days per week,not very interested
R0409,F006,3,0,high,Asian American,female,30‐39,2-4 days per week,not very interested
R0409,F012,3,1,high,Latina,female,30‐39,2-4 days per week,not very interested
R0409,F014,4,0,low,White,female,30‐39,2-4 days per week,not very interested
R0409,F038,3,0,low,Latina,female,30‐39,2-4 days per week,not very interested
R0409,F043,3,1,low,Black,female,30‐39,2-4 days per week,not very interested
R0409,F079,3,1,low,White,female,30‐39,2-4 days per week,not very interested
R0409,F113,3,0,high,Black,female,30‐39,2-4 days per week,not very interested
R0410,F010,1,1,low,Asian American,female,30‐39,2-4 days per week,somewhat interested
R0410,F012,1,0,high,Latina,female,30‐39,2-4 days per week,somewhat interested
R0410,F024,2,0,low,Black,female,30‐39,2-4 days per week,somewhat interested
R0410,F032,1,1,high,Latina,female,30‐39,2-4 days per week,somewhat interested
R0410,F043,1,1,low,Black,female,30‐39,2-4 days per week,somewhat interested
R0410,F067,1,0,high,Asian American,female,30‐39,2-4 days per week,somewhat interested
R0410,F068,3,1,high,White,female,30‐39,2-4 days per week,somewhat interested
R0410,F099,1,0,low,White,female,30‐39,2-4 days per week,somewhat interested
R0411,F002,3,1,high,Latina,female,60‐69,5+ days per week,somewhat interested
R0411,F007,4,1,low,Black,female,60‐69,5+ days per week,somewhat interested
R0411,F034,4,1,high,Asian American,female,60‐69,5+ days per week,somewhat interested
R0411,F066,4,0,high,Black,female,60‐69,5+ days per week,somewhat interested
R0411,F073,4,0,low,White,female,60‐69,5+ days per week,somewhat interested
R0411,F078,4,0,low,Latina,female,60‐69,5+ days per week,somewhat interested
R0411,F083,5,0,high,Asian American,female,60‐69,5+ days per week,somewhat interested
R0411,F107,4,1,low,White,female,60‐69,5+ days per week,somewhat interested
R0412,F016,2,0,high,White,female,40‐49,5+ days per week,somewhat interested
R0412,F038,2,0,low,Latina,female,40‐49,5+ days per week,somewhat interested
R0412,F044,2,1,low,White,female,40‐49,5+ days per week,somewhat interested
R0412,F061,3,1,low,Latina,female,40‐49,5+ days per week,somewhat interested
R0412,F063,4,0,high,Black,female,40‐49,5+ days per week,somewhat interested
R0412,F066,3,1,high,Black,female,40‐49,5+ days per week,somewhat interested
R0412,F083,3,1,high,Asian American,female,40‐49,5+ days per week,somewhat interested
R0412,F116,2,0,low,Asian American,female,40‐49,5+ days per week,somewhat interested
R0413,F005,1,1,high,White,male,30‐39,never,neutral
R0413,F012,2,1,high,Latina,male,30‐39,never,neutral
R0413,F020,3,0,low,White,male,30‐39,never,neutral
R0413,F070,3,1,low,Black,male,30‐39,never,neutral
R0413,F074,1,0,high,Latina,male,30‐39,never,neutral
R0413,F087,1,0,high,Asian American,male,30‐39,never,neutral
R0413,F105,1,1,low,Asian American,male,30‐39,never,neutral
R0413,F114,1,0,low,Black,male,30‐39,never,neutral
R0414,F002,2,0,high,Latina,female,30‐39,2-4 days per week,somewhat interested
R0414,F038,2,1,low,Latina,female,30‐39,2-4 days per week,somewhat interested
R0414,F060,2,1,low,Asian American,female,30‐39,2-4 days per week,somewhat interested
R0414,F060,1,0,low,Asian American,female,30‐39,2-4 days per week,somewhat interested
R0414,F065,4,1,high,White,female,30‐39,2-4 days per week,somewhat interested
R0414,F081,5,0,high,White,female,30‐39,2-4 days per week,somewhat interested
R0414,F088,1,0,low,Black,female,30‐39,2-4 days per week,somewhat interested
R0414,F098,3,1,high,Black,female,30‐39,2-4 days per week,somewhat interested
R0415,F008,4,1,high,White,male,40‐49,never,neutral
R0415,F027,2,0,high,Asian American,male,40‐49,never,neutral
R0415,F030,4,1,high,Latina,male,40‐49,never,neutral
R0415,F040,4,1,low,Black,male,40‐49,never,neutral
R0415,F048,2,0,low,Black,male,40‐49,never,neutral
R0415,F057,2,1,low,Asian American,male,40‐49,never,neutral
R0415,F075,3,0,high,Latina,male,40‐49,never,neutral
R0415,F079,3,0,low,White,male,40‐49,never,neutral
R0416,F001,2,1,high,Asian American,male,40‐49,never,not very interested
R0416,F008,5,0,high,White,male,40‐49,never,not very interested
R0416,F029,3,1,low,White,male,40‐49,never,not very interested
R0416,F037,1,1,high,Black,male,40‐49,never,not very interested
R0416,F053,2,0,low,Latina,male,40‐49,never,not very interested
R0416,F086,1,0,high,Black,male,40‐49,never,not very interested
R0416,F090,1,0,low,Asian American,male,40‐49,never,not very interested
R0416,F104,3,1,low,Latina,male,40‐49,never,not very interested
R0417,F011,3,0,low,Latina,female,30‐39,5+ days per week,very interested
R0417,F013,4,1,low,Black,female,30‐39,5+ days per week,very interested
R0417,F022,4,0,high,Black,female,30‐39,5+ days per week,very interested
R0417,F044,3,0,low,White,female,30‐39,5+ days per week,very interested
R0417,F056,3,1,high,Latina,female,30‐39,5+ days per week,very interested
R0417,F067,4,0,high,Asian American,female,30‐39,5+ days per week,very interested
R0417,F083,4,1,high,Asian American,female,30‐39,5+ days per week,very interested
R0417,F085,3,1,low,White,female,30‐39,5+ days per week,very interested
R0418,F005,3,1,high,White,female,40‐49,5+ days per week,somewhat interested
R0418,F042,3,0,high,White,female,40‐49,5+ days per week,somewhat interested
R0418,F048,2,0,low,Black,female,40‐49,5+ days per week,somewhat interested
R0418,F057,1,0,low,Asian American,female,40‐49,5+ days per week,somewhat interested
R0418,F072,4,1,low,Latina,female,40‐49,5+ days per week,somewhat interested
R0418,F092,4,0,high,Latina,female,40‐49,5+ days per week,somewhat interested
R0418,F105,1,1,low,Asian American,female,40‐49,5+ days per week,somewhat interested
R0418,F109,4,1,high,Black,female,40‐49,5+ days per week,somewhat interested
R0419,F002,3,1,high,Latina,male,30‐39,never,somewhat interested
R0419,F016,4,1,high,White,male,30‐39,never,somewhat interested
R0419,F034,2,0,high,Asian American,male,30‐39,never,somewhat interested
R0419,F046,3,0,low,Black,male,30‐39,never,somewhat interested
R0419,F060,4,1,low,Asian American,male,30‐39,never,somewhat interested
R0419,F088,1,1,low,Black,male,30‐39,never,somewhat interested
R0419,F089,2,0,high,Latina,male,30‐39,never,somewhat interested
R0419,F099,3,0,low,White,male,30‐39,never,somewhat interested
R0420,F009,4,1,low,White,male,40‐49,never,not at all interested
R0420,F010,1,0,low,Asian American,male,40‐49,never,not at all interested
R0420,F023,1,0,high,Black,male,40‐49,never,not at all interested
R0420,F028,3,0,high,White,male,40‐49,never,not at all interested
R0420,F067,4,1,high,Asian American,male,40‐49,never,not at all interested
R0420,F072,3,1,low,Latina,male,40‐49,never,not at all interested
R0420,F101,3,1,high,Black,male,40‐49,never,not at all interested
R0420,F103,2,0,low,Latina,male,40‐49,never,not at all interested
R0421,F014,3,0,low,White,female,50‐59,2-4 days per week,neutral
R0421,F027,2,1,high,Asian American,female,50‐59,2-4 days per week,neutral
R0421,F030,4,1,high,Latina,female,50‐59,2-4 days per week,neutral
R0421,F050,3,1,low,Black,female,50‐59,2-4 days per week,neutral
R0421,F078,1,0,low,Latina,female,50‐59,2-4 days per week,neutral
R0421,F085,5,1,low,White,female,50‐59,2-4 days per week,neutral
R0421,F101,4,0,high,Black,female,50‐59,2-4 days per week,neutral
R0421,F110,2,0,high,Asian American,female,50‐59,2-4 days per week,neutral
R0422,F013,3,0,low,Black,male,20‐29,never,somewhat interested
R0422,F016,1,0,high,White,male,20‐29,never,somewhat interested
R0422,F018,1,0,low,Asian American,male,20‐29,never,somewhat interested
R0422,F026,2,1,high,White,male,20‐29,never,somewhat interested
R0422,F053,5,1,low,Latina,male,20‐29,never,somewhat interested
R0422,F056,2,0,high,Latina,male,20‐29,never,somewhat interested
R0422,F113,4,1,high,Black,male,20‐29,never,somewhat interested
R0422,F116,5,1,low,Asian American,male,20‐29,never,somewhat interested
R0423,F018,1,0,low,Asian American,female,50‐59,2-4 days per week,neutral
R0423,F021,1,1,low,Latina,female,50‐59,2-4 days per week,neutral
R0423,F023,2,1,high,Black,female,50‐59,2-4 days per week,neutral
R0423,F038,2,0,low,Latina,female,50‐59,2-4 days per week,neutral
R0423,F051,1,1,high,Asian American,female,50‐59,2-4 days per week,neutral
R0423,F066,2,0,high,Black,female,50‐59,2-4 days per week,neutral
R0423,F079,3,1,low,White,female,50‐59,2-4 days per week,neutral
R0423,F084,4,0,high,White,female,50‐59,2-4 days per week,neutral
R0424,F019,4,0,low,White,female,30‐39,5+ days per week,somewhat interested
R0424,F022,4,0,high,Black,female,30‐39,5+ days per week,somewhat interested
R0424,F025,5,1,high,Latina,female,30‐39,5+ days per week,somewhat interested
R0424,F051,3,0,high,Asian American,female,30‐39,5+ days per week,somewhat interested
R0424,F072,4,0,low,Latina,female,30‐39,5+ days per week,somewhat interested
R0424,F091,3,1,low,Black,female,30‐39,5+ days per week,somewhat interested
R0424,F108,4,1,low,White,female,30‐39,5+ days per week,somewhat interested
R0424,F110,4,1,high,Asian American,female,30‐39,5+ days per week,somewhat interested
R0425,F007,3,1,low,Black,female,50‐59,1-3 days per month,neutral
R0425,F010,3,1,low,Asian American,female,50‐59,1-3 days per month,neutral
R0425,F014,3,0,low,White,female,50‐59,1-3 days per month,neutral
R0425,F028,1,1,high,White,female,50‐59,1-3 days per month,neutral
R0425,F054,2,0,low,Black,female,50‐59,1-3 days per month,neutral
R0425,F056,2,0,high,Latina,female,50‐59,1-3 days per month,neutral
R0425,F067,3,0,high,Asian American,female,50‐59,1-3 days per month,neutral
R0425,F074,3,1,high,Latina,female,50‐59,1-3 days per month,neutral
R0426,F011,3,1,low,Latina,male,60‐69,never,not very interested
R0426,F025,4,0,high,Latina,male,60‐69,never,not very interested
R0426,F043,2,0,low,Black,male,60‐69,never,not very interested
R0426,F057,3,0,low,Asian American,male,60‐69,never,not very interested
R0426,F060,3,1,low,Asian American,male,60‐69,never,not very interested
R0426,F062,4,1,high,Black,male,60‐69,never,not very interested
R0426,F065,3,0,high,White,male,60‐69,never,not very interested
R0426,F068,4,1,high,White,male,60‐69,never,not very interested
R0427,F006,2,1,high,Asian American,female,50‐59,5+ days per week,very interested
R0427,F006,2,0,high,Asian American,female,50‐59,5+ days per week,very interested
R0427,F009,2,0,low,White,female,50‐59,5+ days per week,very interested
R0427,F046,2,1,low,Black,female,50‐59,5+ days per week,very interested
R0427,F053,2,0,low,Latina,female,50‐59,5+ days per week,very interested
R0427,F082,4,0,high,Black,female,50‐59,5+ days per week,very interested
R0427,F089,3,1,high,Latina,female,50‐59,5+ days per week,very interested
R0427,F112,3,1,low,White,female,50‐59,5+ days per week,very interested
R0428,F006,3,1,high,Asian American,male,20‐29,never,very interested
R0428,F011,2,1,low,Latina,male,20‐29,never,very interested
R0428,F031,4,0,high,Black,male,20‐29,never,very interested
R0428,F047,3,0,high,White,male,20‐29,never,very interested
R0428,F049,1,1,high,Black,male,20‐29,never,very interested
R0428,F078,2,0,low,Latina,male,20‐29,never,very interested
R0428,F085,3,1,low,White,male,20‐29,never,very interested
R0428,F090,1,0,low,Asian American,male,20‐29,never,very interested
R0429,F041,3,1,high,White,male,60‐69,never,not very interested
R0429,F058,3,1,high,Black,male,60‐69,never,not very interested
R0429,F089,3,0,high,Latina,male,60‐69,never,not very interested
R0429,F091,3,0,low,Black,male,60‐69,never,not very interested
R0429,F094,4,0,high,White,male,60‐69,never,not very interested
R0429,F103,3,1,low,Latina,male,60‐69,never,not very interested
R0429,F105,3,1,low,Asian American,male,60‐69,never,not very interested
R0429,F116,2,0,low,Asian American,male,60‐69,never,not very interested
R0430,F012,4,0,high,Latina,female,50‐59,5+ days per week,somewhat interested
R0430,F015,5,0,low,Black,female,50‐59,5+ days per week,somewhat interested
R0430,F026,5,1,high,White,female,50‐59,5+ days per week,somewhat interested
R0430,F039,6,0,low,White,female,50‐59,5+ days per week,somewhat interested
R0430,F051,3,0,high,Asian American,female,50‐59,5+ days per week,somewhat interested
R0430,F056,5,1,high,Latina,female,50‐59,5+ days per week,somewhat interested
R0430,F090,4,1,low,Asian American,female,50‐59,5+ days per week,somewhat interested
R0430,F115,5,1,low,Black,female,50‐59,5+ days per week,somewhat interested
R0431,F020,1,1,low,White,female,20‐29,5+ days per week,not very interested
R0431,F021,2,0,low,Latina,female,20‐29,5+ days per week,not very interested
R0431,F029,4,0,low,White,female,20‐29,5+ days per week,not very interested
R0431,F032,1,1,high,Latina,female,20‐29,5+ days per week,not very interested
R0431,F040,2,1,low,Black,female,20‐29,5+ days per week,not very interested
R0431,F051,2,1,high,Asian American,female,20‐29,5+ days per week,not very interested
R0431,F077,3,0,high,Black,female,20‐29,5+ days per week,not very interested
R0431,F087,2,0,high,Asian American,female,20‐29,5+ days per week,not very interested
R0432,F055,3,1,low,Latina,female,40‐49,5+ days per week,somewhat interested
R0432,F060,3,0,low,Asian American,female,40‐49,5+ days per week,somewhat interested
R0432,F061,3,0,low,Latina,female,40‐49,5+ days per week,somewhat interested
R0432,F071,4,0,high,White,female,40‐49,5+ days per week,somewhat interested
R0432,F098,2,1,high,Black,female,40‐49,5+ days per week,somewhat interested
R0432,F099,2,1,low,White,female,40‐49,5+ days per week,somewhat interested
R0432,F100,3,0,high,Black,female,40‐49,5+ days per week,somewhat interested
R0432,F110,4,1,high,Asian American,female,40‐49,5+ days per week,somewhat interested
R0433,F001,1,0,high,Asian American,female,40‐49,5+ days per week,neutral
R0433,F002,1,0,high,Latina,female,40‐49,5+ days per week,neutral
R0433,F009,4,0,low,White,female,40‐49,5+ days per week,neutral
R0433,F012,3,1,high,Latina,female,40‐49,5+ days per week,neutral
R0433,F024,4,1,low,Black,female,40‐49,5+ days per week,neutral
R0433,F050,2,0,low,Black,female,40‐49,5+ days per week,neutral
R0433,F071,4,1,high,White,female,40‐49,5+ days per week,neutral
R0433,F095,1,1,low,Asian American,female,40‐49,5+ days per week,neutral
R0434,F015,3,0,low,Black,female,40‐49,5+ days per week,somewhat interested
R0434,F017,3,0,high,Latina,female,40‐49,5+ days per week,somewhat interested
R0434,F018,4,1,low,Asian American,female,40‐49,5+ days per week,somewhat interested
R0434,F036,5,1,high,White,female,40‐49,5+ days per week,somewhat interested
R0434,F052,3,0,high,White,female,40‐49,5+ days per week,somewhat interested
R0434,F066,3,1,high,Black,female,40‐49,5+ days per week,somewhat interested
R0434,F090,3,0,low,Asian American,female,40‐49,5+ days per week,somewhat interested
R0434,F104,4,1,low,Latina,female,40‐49,5+ days per week,somewhat interested
R0435,F004,2,1,low,White,female,40‐49,2-4 days per week,somewhat interested
R0435,F027,2,1,high,Asian American,female,40‐49,2-4 days per week,somewhat interested
R0435,F038,3,0,low,Latina,female,40‐49,2-4 days per week,somewhat interested
R0435,F051,2,0,high,Asian American,female,40‐49,2-4 days per week,somewhat interested
R0435,F063,4,0,high,Black,female,40‐49,2-4 days per week,somewhat interested
R0435,F074,3,1,high,Latina,female,40‐49,2-4 days per week,somewhat interested
R0435,F102,2,1,low,Black,female,40‐49,2-4 days per week,somewhat interested
R0435,F107,2,0,low,White,female,40‐49,2-4 days per week,somewhat interested
R0436,F019,3,1,low,White,male,40‐49,never,not very interested
R0436,F021,3,0,low,Latina,male,40‐49,never,not very interested
R0436,F026,3,0,high,White,male,40‐49,never,not very interested
R0436,F034,3,1,high,Asian American,male,40‐49,never,not very interested
R0436,F038,3,1,low,Latina,male,40‐49,never,not very interested
R0436,F082,3,1,high,Black,male,40‐49,never,not very interested
R0436,F097,2,0,low,Asian American,male,40‐49,never,not very interested
R0436,F113,4,0,high,Black,male,40‐49,never,not very interested
R0437,F055,3,0,low,Latina,female,30‐39,5+ days per week,somewhat interested
R0437,F073,3,1,low,White,female,30‐39,5+ days per week,somewhat interested
R0437,F078,4,1,low,Latina,female,30‐39,5+ days per week,somewhat interested
R0437,F081,3,0,high,White,female,30‐39,5+ days per week,somewhat interested
R0437,F083,4,1,high,Asian American,female,30‐39,5+ days per week,somewhat interested
R0437,F095,2,0,low,Asian American,female,30‐39,5+ days per week,somewhat interested
R0437,F098,4,0,high,Black,female,30‐39,5+ days per week,somewhat interested
R0437,F109,4,1,high,Black,female,30‐39,5+ days per week,somewhat interested
R0438,F026,5,0,high,White,female,40‐49,5+ days per week,somewhat interested
R0438,F028,2,1,high,White,female,40‐49,5+ days per week,somewhat interested
R0438,F032,3,0,high,Latina,female,40‐49,5+ days per week,somewhat interested
R0438,F055,2,1,low,Latina,female,40‐49,5+ days per week,somewhat interested
R0438,F060,2,0,low,Asian American,female,40‐49,5+ days per week,somewhat interested
R0438,F063,3,1,high,Black,female,40‐49,5+ days per week,somewhat interested
R0438,F090,3,1,low,Asian American,female,40‐49,5+ days per week,somewhat interested
R0438,F114,3,0,low,Black,female,40‐49,5+ days per week,somewhat interested
R0439,F018,3,0,low,Asian American,female,40‐49,5+ days per week,somewhat interested
R0439,F028,3,0,high,White,female,40‐49,5+ days per week,somewhat interested
R0439,F054,3,0,low,Black,female,40‐49,5+ days per week,somewhat interested
R0439,F059,5,1,low,Latina,female,40‐49,5+ days per week,somewhat interested
R0439,F064,4,1,high,White,female,40‐49,5+ days per week,somewhat interested
R0439,F075,3,0,high,Latina,female,40‐49,5+ days per week,somewhat interested
R0439,F077,3,1,high,Black,female,40‐49,5+ days per week,somewhat interested
R0439,F097,3,1,low,Asian American,female,40‐49,5+ days per week,somewhat interested
R0440,F010,2,0,low,Asian American,female,40‐49,about once per week,somewhat interested
R0440,F026,4,0,high,White,female,40‐49,about once per week,somewhat interested
R0440,F027,1,1,high,Asian American,female,40‐49,about once per week,somewhat interested
R0440,F037,2,0,high,Black,female,40‐49,about once per week,somewhat interested
R0440,F053,4,1,low,Latina,female,40‐49,about once per week,somewhat interested
R0440,F072,2,0,low,Latina,female,40‐49,about once per week,somewhat interested
R0440,F077,3,1,high,Black,female,40‐49,about once per week,somewhat interested
R0440,F112,4,1,low,White,female,40‐49,about once per week,somewhat interested
R0441,F034,2,0,high,Asian American,female,50‐59,5+ days per week,somewhat interested
R0441,F054,3,1,low,Black,female,50‐59,5+ days per week,somewhat interested
R0441,F075,4,1,high,Latina,female,50‐59,5+ days per week,somewhat interested
R0441,F079,4,1,low,White,female,50‐59,5+ days per week,somewhat interested
R0441,F083,5,1,high,Asian American,female,50‐59,5+ days per week,somewhat interested
R0441,F086,3,0,high,Black,female,50‐59,5+ days per week,somewhat interested
R0441,F104,4,0,low,Latina,female,50‐59,5+ days per week,somewhat interested
R0441,F112,3,0,low,White,female,50‐59,5+ days per week,somewhat interested
R0442,F015,2,1,low,Black,male,50‐59,never,neutral
R0442,F026,5,1,high,White,male,50‐59,never,neutral
R0442,F029,4,0,low,White,male,50‐59,never,neutral
R0442,F032,5,1,high,Latina,male,50‐59,never,neutral
R0442,F032,1,0,high,Latina,male,50‐59,never,neutral
R0442,F060,4,1,low,Asian American,male,50‐59,never,neutral
R0442,F069,2,0,low,Black,male,50‐59,never,neutral
R0442,F087,1,0,high,Asian American,male,50‐59,never,neutral
R0443,F020,4,0,low,White,male,60‐69,never,not very interested
R0443,F025,4,0,high,Latina,male,60‐69,never,not very interested
R0443,F027,1,0,high,Asian American,male,60‐69,never,not very interested
R0443,F052,4,1,high,White,male,60‐69,never,not very interested
R0443,F075,5,1,high,Latina,male,60‐69,never,not very interested
R0443,F091,3,1,low,Black,male,60‐69,never,not very interested
R0443,F097,5,1,low,Asian American,male,60‐69,never,not very interested
R0443,F106,3,0,low,Black,male,60‐69,never,not very interested
R0444,F009,4,1,low,White,female,20‐29,2-4 days per week,very interested
R0444,F012,4,1,high,Latina,female,20‐29,2-4 days per week,very interested
R0444,F031,4,0,high,Black,female,20‐29,2-4 days per week,very interested
R0444,F044,2,0,low,White,female,20‐29,2-4 days per week,very interested
R0444,F059,4,0,low,Latina,female,20‐29,2-4 days per week,very interested
R0444,F069,2,1,low,Black,female,20‐29,2-4 days per week,very interested
R0444,F083,3,0,high,Asian American,female,20‐29,2-4 days per week,very interested
R0444,F087,2,1,high,Asian American,female,20‐29,2-4 days per week,very interested
R0445,F001,3,1,high,Asian American,female,30‐39,2-4 days per week,somewhat interested
R0445,F004,4,1,low,White,female,30‐39,2-4 days per week,somewhat interested
R0445,F047,4,0,high,White,female,30‐39,2-4 days per week,somewhat interested
R0445,F059,4,0,low,Latina,female,30‐39,2-4 days per week,somewhat interested
R0445,F077,4,0,high,Black,female,30‐39,2-4 days per week,somewhat interested
R0445,F100,3,1,high,Black,female,30‐39,2-4 days per week,somewhat interested
R0445,F103,3,1,low,Latina,female,30‐39,2-4 days per week,somewhat interested
R0445,F116,3,0,low,Asian American,female,30‐39,2-4 days per week,somewhat interested
R0446,F012,4,0,high,Latina,male,40‐49,never,not very interested
R0446,F061,5,1,low,Latina,male,40‐49,never,not very interested
R0446,F065,4,0,high,White,male,40‐49,never,not very interested
R0446,F071,5,1,high,White,male,40‐49,never,not very interested
R0446,F086,4,1,high,Black,male,40‐49,never,not very interested
R0446,F095,4,1,low,Asian American,male,40‐49,never,not very interested
R0446,F105,3,0,low,Asian American,male,40‐49,never,not very interested
R0446,F115,4,0,low,Black,male,40‐49,never,not very interested
R0447,F010,1,1,low,Asian American,male,40‐49,never,not at all interested
R0447,F010,2,0,low,Asian American,male,40‐49,never,not at all interested
R0447,F030,2,0,high,Latina,male,40‐49,never,not at all interested
R0447,F031,3,1,high,Black,male,40‐49,never,not at all interested
R0447,F050,3,0,low,Black,male,40‐49,never,not at all interested
R0447,F065,2,1,high,White,male,40‐49,never,not at all interested
R0447,F078,2,1,low,Latina,male,40‐49,never,not at all interested
R0447,F111,3,0,high,White,male,40‐49,never,not at all interested
R0448,F027,2,0,high,Asian American,female,20‐29,about once per week,somewhat interested
R0448,F067,6,1,high,Asian American,female,20‐29,about once per week,somewhat interested
R0448,F076,5,0,high,Black,female,20‐29,about once per week,somewhat interested
R0448,F085,4,0,low,White,female,20‐29,about once per week,somewhat interested
R0448,F092,6,1,high,Latina,female,20‐29,about once per week,somewhat interested
R0448,F099,3,1,low,White,female,20‐29,about once per week,somewhat interested
R0448,F103,6,0,low,Latina,female,20‐29,about once per week,somewhat interested
R0448,F115,5,1,low,Black,female,20‐29,about once per week,somewhat interested
R0449,F030,3,0,high,Latina,male,60‐69,never,not very interested
R0449,F034,3,0,high,Asian American,male,60‐69,never,not very interested
R0449,F057,4,1,low,Asian American,male,60‐69,never,not very interested
R0449,F069,1,1,low,Black,male,60‐69,never,not very interested
R0449,F092,4,1,high,Latina,male,60‐69,never,not very interested
R0449,F093,3,0,low,White,male,60‐69,never,not very interested
R0449,F111,5,1,high,White,male,60‐69,never,not very interested
R0449,F115,1,0,low,Black,male,60‐69,never,not very interested
R0450,F022,3,0,high,Black,female,60‐69,5+ days per week,somewhat interested
R0450,F027,2,1,high,Asian American,female,60‐69,5+ days per week,somewhat interested
R0450,F038,5,0,low,Latina,female,60‐69,5+ days per week,somewhat interested
R0450,F038,5,1,low,Latina,female,60‐69,5+ days per week,somewhat interested
R0450,F057,4,0,low,Asian American,female,60‐69,5+ days per week,somewhat interested
R0450,F058,3,1,high,Black,female,60‐69,5+ days per week,somewhat interested
R0450,F068,5,0,high,White,female,60‐69,5+ days per week,somewhat interested
R0450,F108,2,1,low,White,female,60‐69,5+ days per week,somewhat interested
R0451,F001,2,0,high,Asian American,female,30‐39,2-4 days per week,somewhat interested
R0451,F033,4,0,high,Black,female,30‐39,2-4 days per week,somewhat interested
R0451,F035,1,0,low,White,female,30‐39,2-4 days per week,somewhat interested
R0451,F074,2,1,high,Latina,female,30‐39,2-4 days per week,somewhat interested
R0451,F093,1,1,low,White,female,30‐39,2-4 days per week,somewhat interested
R0451,F104,2,0,low,Latina,female,30‐39,2-4 days per week,somewhat interested
R0451,F106,1,1,low,Black,female,30‐39,2-4 days per week,somewhat interested
R0451,F110,1,1,high,Asian American,female,30‐39,2-4 days per week,somewhat interested
R0452,F013,3,0,low,Black,female,40‐49,2-4 days per week,neutral
R0452,F018,3,1,low,Asian American,female,40‐49,2-4 days per week,neutral
R0452,F025,4,1,high,Latina,female,40‐49,2-4 days per week,neutral
R0452,F035,3,0,low,White,female,40‐49,2-4 days per week,neutral
R0452,F041,3,1,high,White,female,40‐49,2-4 days per week,neutral
R0452,F074,4,0,high,Latina,female,40‐49,2-4 days per week,neutral
R0452,F083,4,0,high,Asian American,female,40‐49,2-4 days per week,neutral
R0452,F114,2,1,low,Black,female,40‐49,2-4 days per week,neutral
R0453,F017,4,0,high,Latina,female,40‐49,2-4 days per week,neutral
R0453,F040,4,0,low,Black,female,40‐49,2-4 days per week,neutral
R0453,F068,4,1,high,White,female,40‐49,2-4 days per week,neutral
R0453,F071,4,0,high,White,female,40‐49,2-4 days per week,neutral
R0453,F072,3,1,low,Latina,female,40‐49,2-4 days per week,neutral
R0453,F082,4,1,high,Black,female,40‐49,2-4 days per week,neutral
R0453,F095,4,0,low,Asian American,female,40‐49,2-4 days per week,neutral
R0453,F116,3,1,low,Asian American,female,40‐49,2-4 days per week,neutral
R0454,F018,4,0,low,Asian American,female,50‐59,5+ days per week,very interested
R0454,F031,5,1,high,Black,female,50‐59,5+ days per week,very interested
R0454,F039,3,1,low,White,female,50‐59,5+ days per week,very interested
R0454,F052,5,0,high,White,female,50‐59,5+ days per week,very interested
R0454,F053,2,0,low,Latina,female,50‐59,5+ days per week,very interested
R0454,F058,4,0,high,Black,female,50‐59,5+ days per week,very interested
R0454,F061,2,1,low,Latina,female,50‐59,5+ days per week,very interested
R0454,F087,4,1,high,Asian American,female,50‐59,5+ days per week,very interested
R0455,F002,1,0,high,Latina,male,60‐69,never,not very interested
R0455,F030,2,1,high,Latina,male,60‐69,never,not very interested
R0455,F044,1,0,low,White,male,60‐69,never,not very interested
R0455,F069,1,0,low,Black,male,60‐69,never,not very interested
R0455,F081,2,1,high,White,male,60‐69,never,not very interested
R0455,F090,2,1,low,Asian American,male,60‐69,never,not very interested
R0455,F110,2,0,high,Asian American,male,60‐69,never,not very interested
R0455,F114,1,1,low,Black,male,60‐69,never,not very interested
R0456,F012,2,1,high,Latina,male,40‐49,never,not very interested
R0456,F024,1,0,low,Black,male,40‐49,never,not very interested
R0456,F047,1,1,high,White,male,40‐49,never,not very interested
R0456,F075,1,0,high,Latina,male,40‐49,never,not very interested
R0456,F083,3,0,high,Asian American,male,40‐49,never,not very interested
R0456,F096,2,0,low,White,male,40‐49,never,not very interested
R0456,F115,1,1,low,Black,male,40‐49,never,not very interested
R0456,F116,2,1,low,Asian American,male,40‐49,never,not very interested
R0457,F007,3,1,low,Black,male,50‐59,never,neutral
R0457,F023,3,0,high,Black,male,50‐59,never,neutral
R0457,F027,2,0,high,Asian American,male,50‐59,never,neutral
R0457,F039,4,1,low,White,male,50‐59,never,neutral
R0457,F053,3,0,low,Latina,male,50‐59,never,neutral
R0457,F079,3,0,low,White,male,50‐59,never,neutral
R0457,F087,2,1,high,Asian American,male,50‐59,never,neutral
R0457,F092,3,1,high,Latina,male,50‐59,never,neutral
R0458,F002,1,1,high,Latina,female,40‐49,5+ days per week,somewhat interested
R0458,F010,2,1,low,Asian American,female,40‐49,5+ days per week,somewhat interested
R0458,F017,5,0,high,Latina,female,40‐49,5+ days per week,somewhat interested
R0458,F036,6,1,high,White,female,40‐49,5+ days per week,somewhat interested
R0458,F046,3,1,low,Black,female,40‐49,5+ days per week,somewhat interested
R0458,F048,2,0,low,Black,female,40‐49,5+ days per week,somewhat interested
R0458,F087,2,0,high,Asian American,female,40‐49,5+ days per week,somewhat interested
R0458,F112,4,0,low,White,female,40‐49,5+ days per week,somewhat interested
R0459,F011,4,1,low,Latina,female,50‐59,2-4 days per week,somewhat interested
R0459,F015,3,0,low,Black,female,50‐59,2-4 days per week,somewhat interested
R0459,F045,2,0,high,White,female,50‐59,2-4 days per week,somewhat interested
R0459,F060,1,1,low,Asian American,female,50‐59,2-4 days per week,somewhat interested
R0459,F074,3,0,high,Latina,female,50‐59,2-4 days per week,somewhat interested
R0459,F080,4,1,high,White,female,50‐59,2-4 days per week,somewhat interested
R0459,F100,3,1,high,Black,female,50‐59,2-4 days per week,somewhat interested
R0459,F105,2,0,low,Asian American,female,50‐59,2-4 days per week,somewhat interested
R0460,F019,5,1,low,White,female,30‐39,5+ days per week,somewhat interested
R0460,F046,4,1,low,Black,female,30‐39,5+ days per week,somewhat interested
R0460,F066,4,0,high,Black,female,30‐39,5+ days per week,somewhat interested
R0460,F078,5,0,low,Latina,female,30‐39,5+ days per week,somewhat interested
R0460,F089,5,1,high,Latina,female,30‐39,5+ days per week,somewhat interested
R0460,F093,5,0,low,White,female,30‐39,5+ days per week,somewhat interested
R0460,F110,3,1,high,Asian American,female,30‐39,5+ days per week,somewhat interested
R0460,F110,4,0,high,Asian American,female,30‐39,5+ days per week,somewhat interested
R0461,F005,4,1,high,White,female,40‐49,5+ days per week,not very interested
R0461,F005,5,0,high,White,female,40‐49,5+ days per week,not very interested
R0461,F010,2,0,low,Asian American,female,40‐49,5+ days per week,not very interested
R0461,F018,2,1,low,Asian American,female,40‐49,5+ days per week,not very interested
R0461,F025,2,0,high,Latina,female,40‐49,5+ days per week,not very interested
R0461,F037,4,1,high,Black,female,40‐49,5+ days per week,not very interested
R0461,F104,5,1,low,Latina,female,40‐49,5+ days per week,not very interested
R0461,F106,3,0,low,Black,female,40‐49,5+ days per week,not very interested
R0462,F007,5,1,low,Black,female,40‐49,2-4 days per week,somewhat interested
R0462,F007,4,0,low,Black,female,40‐49,2-4 days per week,somewhat interested
R0462,F032,4,1,high,Latina,female,40‐49,2-4 days per week,somewhat interested
R0462,F042,5,1,high,White,female,40‐49,2-4 days per week,somewhat interested
R0462,F051,4,0,high,Asian American,female,40‐49,2-4 days per week,somewhat interested
R0462,F057,6,1,low,Asian American,female,40‐49,2-4 days per week,somewhat interested
R0462,F092,6,0,high,Latina,female,40‐49,2-4 days per week,somewhat interested
R0462,F108,4,0,low,White,female,40‐49,2-4 days per week,somewhat interested
R0463,F003,4,0,low,White,female,40‐49,2-4 days per week,somewhat interested
R0463,F006,3,1,high,Asian American,female,40‐49,2-4 days per week,somewhat interested
R0463,F032,4,1,high,Latina,female,40‐49,2-4 days per week,somewhat interested
R0463,F034,3,0,high,Asian American,female,40‐49,2-4 days per week,somewhat interested
R0463,F038,3,0,low,Latina,female,40‐49,2-4 days per week,somewhat interested
R0463,F069,2,1,low,Black,female,40‐49,2-4 days per week,somewhat interested
R0463,F096,3,1,low,White,female,40‐49,2-4 days per week,somewhat interested
R0463,F109,2,0,high,Black,female,40‐49,2-4 days per week,somewhat interested
R0464,F016,5,0,high,White,female,30‐39,2-4 days per week,somewhat interested
R0464,F020,4,1,low,White,female,30‐39,2-4 days per week,somewhat interested
R0464,F033,2,1,high,Black,female,30‐39,2-4 days per week,somewhat interested
R0464,F059,2,0,low,Latina,female,30‐39,2-4 days per week,somewhat interested
R0464,F067,4,1,high,Asian American,female,30‐39,2-4 days per week,somewhat interested
R0464,F082,4,0,high,Black,female,30‐39,2-4 days per week,somewhat interested
R0464,F097,3,0,low,Asian American,female,30‐39,2-4 days per week,somewhat interested
R0464,F103,4,1,low,Latina,female,30‐39,2-4 days per week,somewhat interested
R0465,F013,3,0,low,Black,male,60‐69,never,neutral
R0465,F018,3,0,low,Asian American,male,60‐69,never,neutral
R0465,F033,3,1,high,Black,male,60‐69,never,neutral
R0465,F038,4,1,low,Latina,male,60‐69,never,neutral
R0465,F041,4,0,high,White,male,60‐69,never,neutral
R0465,F092,3,0,high,Latina,male,60‐69,never,neutral
R0465,F094,4,1,high,White,male,60‐69,never,neutral
R0465,F097,4,1,low,Asian American,male,60‐69,never,neutral
R0466,F011,2,0,low,Latina,female,50‐59,never,neutral
R0466,F025,1,1,high,Latina,female,50‐59,never,neutral
R0466,F027,2,1,high,Asian American,female,50‐59,never,neutral
R0466,F037,2,0,high,Black,female,50‐59,never,neutral
R0466,F070,1,1,low,Black,female,50‐59,never,neutral
R0466,F083,2,0,high,Asian American,female,50‐59,never,neutral
R0466,F107,1,1,low,White,female,50‐59,never,neutral
R0466,F108,2,0,low,White,female,50‐59,never,neutral
R0467,F003,3,1,low,White,male,60‐69,never,not very interested
R0467,F034,2,1,high,Asian American,male,60‐69,never,not very interested
R0467,F055,2,0,low,Latina,male,60‐69,never,not very interested
R0467,F056,3,1,high,Latina,male,60‐69,never,not very interested
R0467,F067,3,0,high,Asian American,male,60‐69,never,not very interested
R0467,F091,2,1,low,Black,male,60‐69,never,not very interested
R0467,F099,2,0,low,White,male,60‐69,never,not very interested
R0467,F100,2,0,high,Black,male,60‐69,never,not very interested
R0468,F008,6,1,high,White,male,20‐29,never,neutral
R0468,F008,6,0,high,White,male,20‐29,never,neutral
R0468,F021,4,1,low,Latina,male,20‐29,never,neutral
R0468,F048,4,0,low,Black,male,20‐29,never,neutral
R0468,F057,4,1,low,Asian American,male,20‐29,never,neutral
R0468,F076,5,1,high,Black,male,20‐29,never,neutral
R0468,F089,3,0,high,Latina,male,20‐29,never,neutral
R0468,F116,3,0,low,Asian American,male,20‐29,never,neutral
R0469,F002,5,1,high,Latina,female,40‐49,5+ days per week,very interested
R0469,F029,2,1,low,White,female,40‐49,5+ days per week,very interested
R0469,F039,3,0,low,White,female,40‐49,5+ days per week,very interested
R0469,F049,4,0,high,Black,female,40‐49,5+ days per week,very interested
R0469,F050,5,1,low,Black,female,40‐49,5+ days per week,very interested
R0469,F051,2,0,high,Asian American,female,40‐49,5+ days per week,very interested
R0469,F059,3,0,low,Latina,female,40‐49,5+ days per week,very interested
R0469,F067,4,1,high,Asian American,female,40‐49,5+ days per week,very interested
R0470,F034,3,1,high,Asian American,female,30‐39,5+ days per week,somewhat interested
R0470,F057,3,0,low,Asian American,female,30‐39,5+ days per week,somewhat interested
R0470,F076,2,1,high,Black,female,30‐39,5+ days per week,somewhat interested
R0470,F078,4,0,low,Latina,female,30‐39,5+ days per week,somewhat interested
R0470,F078,4,1,low,Latina,female,30‐39,5+ days per week,somewhat interested
R0470,F084,6,0,high,White,female,30‐39,5+ days per week,somewhat interested
R0470,F096,3,1,low,White,female,30‐39,5+ days per week,somewhat interested
R0470,F109,3,0,high,Black,female,30‐39,5+ days per week,somewhat interested
R0471,F012,4,0,high,Latina,female,40‐49,a few times per year,neutral
R0471,F052,3,1,high,White,female,40‐49,a few times per year,neutral
R0471,F054,1,0,low,Black,female,40‐49,a few times per year,neutral
R0471,F055,4,1,low,Latina,female,40‐49,a few times per year,neutral
R0471,F057,2,0,low,Asian American,female,40‐49,a few times per year,neutral
R0471,F084,5,0,high,White,female,40‐49,a few times per year,neutral
R0471,F101,3,1,high,Black,female,40‐49,a few times per year,neutral
R0471,F116,4,1,low,Asian American,female,40‐49,a few times per year,neutral
R0472,F006,4,1,high,Asian American,female,40‐49,2-4 days per week,not very interested
R0472,F022,4,1,high,Black,female,40‐49,2-4 days per week,not very interested
R0472,F028,4,0,high,White,female,40‐49,2-4 days per week,not very interested
R0472,F038,4,0,low,Latina,female,40‐49,2-4 days per week,not very interested
R0472,F060,3,0,low,Asian American,female,40‐49,2-4 days per week,not very interested
R0472,F062,4,0,high,Black,female,40‐49,2-4 days per week,not very interested
R0472,F072,4,1,low,Latina,female,40‐49,2-4 days per week,not very interested
R0472,F093,5,1,low,White,female,40‐49,2-4 days per week,not very interested
R0473,F016,3,1,high,White,female,30‐39,1-3 days per month,somewhat interested
R0473,F032,3,0,high,Latina,female,30‐39,1-3 days per month,somewhat interested
R0473,F034,2,0,high,Asian American,female,30‐39,1-3 days per month,somewhat interested
R0473,F040,3,1,low,Black,female,30‐39,1-3 days per month,somewhat interested
R0473,F040,3,0,low,Black,female,30‐39,1-3 days per month,somewhat interested
R0473,F089,5,1,high,Latina,female,30‐39,1-3 days per month,somewhat interested
R0473,F095,3,1,low,Asian American,female,30‐39,1-3 days per month,somewhat interested
R0473,F107,3,0,low,White,female,30‐39,1-3 days per month,somewhat interested
R0474,F014,4,1,low,White,female,30‐39,5+ days per week,somewhat interested
R0474,F021,3,1,low,Latina,female,30‐39,5+ days per week,somewhat interested
R0474,F022,3,1,high,Black,female,30‐39,5+ days per week,somewhat interested
R0474,F051,3,1,high,Asian American,female,30‐39,5+ days per week,somewhat interested
R0474,F072,3,0,low,Latina,female,30‐39,5+ days per week,somewhat interested
R0474,F098,5,0,high,Black,female,30‐39,5+ days per week,somewhat interested
R0474,F111,4,0,high,White,female,30‐39,5+ days per week,somewhat interested
R0474,F116,2,0,low,Asian American,female,30‐39,5+ days per week,somewhat interested
R0475,F006,3,0,high,Asian American,female,50‐59,5+ days per week,neutral
R0475,F020,3,0,low,White,female,50‐59,5+ days per week,neutral
R0475,F035,3,1,low,White,female,50‐59,5+ days per week,neutral
R0475,F040,4,1,low,Black,female,50‐59,5+ days per week,neutral
R0475,F061,3,0,low,Latina,female,50‐59,5+ days per week,neutral
R0475,F075,3,1,high,Latina,female,50‐59,5+ days per week,neutral
R0475,F083,3,1,high,Asian American,female,50‐59,5+ days per week,neutral
R0475,F098,4,0,high,Black,female,50‐59,5+ days per week,neutral
R0476,F001,3,0,high,Asian American,female,40‐49,2-4 days per week,somewhat interested
R0476,F008,4,1,high,White,female,40‐49,2-4 days per week,somewhat interested
R0476,F024,4,1,low,Black,female,40‐49,2-4 days per week,somewhat interested
R0476,F050,2,0,low,Black,female,40‐49,2-4 days per week,somewhat interested
R0476,F056,4,0,high,Latina,female,40‐49,2-4 days per week,somewhat interested
R0476,F074,4,1,high,Latina,female,40‐49,2-4 days per week,somewhat interested
R0476,F085,3,0,low,White,female,40‐49,2-4 days per week,somewhat interested
R0476,F105,3,1,low,Asian American,female,40‐49,2-4 days per week,somewhat interested
R0477,F030,4,1,high,Latina,female,50‐59,2-4 days per week,somewhat interested
R0477,F044,2,1,low,White,female,50‐59,2-4 days per week,somewhat interested
R0477,F048,1,1,low,Black,female,50‐59,2-4 days per week,somewhat interested
R0477,F051,2,1,high,Asian American,female,50‐59,2-4 days per week,somewhat interested
R0477,F062,3,0,high,Black,female,50‐59,2-4 days per week,somewhat interested
R0477,F073,3,0,low,White,female,50‐59,2-4 days per week,somewhat interested
R0477,F087,2,0,high,Asian American,female,50‐59,2-4 days per week,somewhat interested
R0477,F103,4,0,low,Latina,female,50‐59,2-4 days per week,somewhat interested
R0478,F010,4,1,low,Asian American,female,40‐49,5+ days per week,somewhat interested
R0478,F030,4,0,high,Latina,female,40‐49,5+ days per week,somewhat interested
R0478,F033,3,1,high,Black,female,40‐49,5+ days per week,somewhat interested
R0478,F042,4,0,high,White,female,40‐49,5+ days per week,somewhat interested
R0478,F043,3,0,low,Black,female,40‐49,5+ days per week,somewhat interested
R0478,F060,4,0,low,Asian American,female,40‐49,5+ days per week,somewhat interested
R0478,F103,4,1,low,Latina,female,40‐49,5+ days per week,somewhat interested
R0478,F111,5,1,high,White,female,40‐49,5+ days per week,somewhat interested
R0479,F006,2,1,high,Asian American,male,50‐59,never,somewhat interested
R0479,F031,4,1,high,Black,male,50‐59,never,somewhat interested
R0479,F041,4,0,high,White,male,50‐59,never,somewhat interested
R0479,F055,2,0,low,Latina,male,50‐59,never,somewhat interested
R0479,F059,4,1,low,Latina,male,50‐59,never,somewhat interested
R0479,F062,2,0,high,Black,male,50‐59,never,somewhat interested
R0479,F095,2,0,low,Asian American,male,50‐59,never,somewhat interested
R0479,F099,3,1,low,White,male,50‐59,never,somewhat interested
R0480,F006,4,0,high,Asian American,female,40‐49,2-4 days per week,somewhat interested
R0480,F046,3,0,low,Black,female,40‐49,2-4 days per week,somewhat interested
R0480,F048,2,1,low,Black,female,40‐49,2-4 days per week,somewhat interested
R0480,F056,4,1,high,Latina,female,40‐49,2-4 days per week,somewhat interested
R0480,F060,2,1,low,Asian American,female,40‐49,2-4 days per week,somewhat interested
R0480,F071,2,1,high,White,female,40‐49,2-4 days per week,somewhat interested
R0480,F089,4,0,high,Latina,female,40‐49,2-4 days per week,somewhat interested
R0480,F108,3,0,low,White,female,40‐49,2-4 days per week,somewhat interested
R0481,F001,3,1,high,Asian American,female,40‐49,2-4 days per week,somewhat interested
R0481,F001,2,0,high,Asian American,female,40‐49,2-4 days per week,somewhat interested
R0481,F009,3,1,low,White,female,40‐49,2-4 days per week,somewhat interested
R0481,F017,4,1,high,Latina,female,40‐49,2-4 days per week,somewhat interested
R0481,F072,4,0,low,Latina,female,40‐49,2-4 days per week,somewhat interested
R0481,F085,3,0,low,White,female,40‐49,2-4 days per week,somewhat interested
R0481,F101,5,0,high,Black,female,40‐49,2-4 days per week,somewhat interested
R0481,F115,2,1,low,Black,female,40‐49,2-4 days per week,somewhat interested
R0482,F025,3,0,high,Latina,female,40‐49,5+ days per week,neutral
R0482,F028,3,1,high,White,female,40‐49,5+ days per week,neutral
R0482,F075,3,1,high,Latina,female,40‐49,5+ days per week,neutral
R0482,F087,4,0,high,Asian American,female,40‐49,5+ days per week,neutral
R0482,F091,3,1,low,Black,female,40‐49,5+ days per week,neutral
R0482,F091,3,0,low,Black,female,40‐49,5+ days per week,neutral
R0482,F105,3,1,low,Asian American,female,40‐49,5+ days per week,neutral
R0482,F107,4,0,low,White,female,40‐49,5+ days per week,neutral
R0483,F017,2,1,high,Latina,male,30‐39,a few times per year,not at all interested
R0483,F018,1,1,low,Asian American,male,30‐39,a few times per year,not at all interested
R0483,F035,1,0,low,White,male,30‐39,a few times per year,not at all interested
R0483,F067,2,0,high,Asian American,male,30‐39,a few times per year,not at all interested
R0483,F074,2,0,high,Latina,male,30‐39,a few times per year,not at all interested
R0483,F080,2,1,high,White,male,30‐39,a few times per year,not at all interested
R0483,F106,2,1,low,Black,male,30‐39,a few times per year,not at all interested
R0483,F115,1,0,low,Black,male,30‐39,a few times per year,not at all interested
R0484,F001,3,0,high,Asian American,female,20‐29,5+ days per week,very interested
R0484,F020,3,0,low,White,female,20‐29,5+ days per week,very interested
R0484,F021,4,0,low,Latina,female,20‐29,5+ days per week,very interested
R0484,F027,3,1,high,Asian American,female,20‐29,5+ days per week,very interested
R0484,F082,5,0,high,Black,female,20‐29,5+ days per week,very interested
R0484,F088,2,1,low,Black,female,20‐29,5+ days per week,very interested
R0484,F089,4,1,high,Latina,female,20‐29,5+ days per week,very interested
R0484,F107,3,1,low,White,female,20‐29,5+ days per week,very interested
R0485,F020,3,1,low,White,male,40‐49,never,not very interested
R0485,F021,3,1,low,Latina,male,40‐49,never,not very interested
R0485,F023,3,1,high,Black,male,40‐49,never,not very interested
R0485,F058,3,0,high,Black,male,40‐49,never,not very interested
R0485,F061,3,0,low,Latina,male,40‐49,never,not very interested
R0485,F071,4,0,high,White,male,40‐49,never,not very interested
R0485,F087,3,1,high,Asian American,male,40‐49,never,not very interested
R0485,F105,2,0,low,Asian American,male,40‐49,never,not very interested
R0486,F011,3,1,low,Latina,female,30‐39,about once per week,very interested
R0486,F022,4,1,high,Black,female,30‐39,about once per week,very interested
R0486,F025,4,0,high,Latina,female,30‐39,about once per week,very interested
R0486,F040,4,0,low,Black,female,30‐39,about once per week,very interested
R0486,F047,5,1,high,White,female,30‐39,about once per week,very interested
R0486,F057,3,1,low,Asian American,female,30‐39,about once per week,very interested
R0486,F064,3,0,high,White,female,30‐39,about once per week,very interested
R0486,F090,2,0,low,Asian American,female,30‐39,about once per week,very interested
R0487,F025,3,1,high,Latina,female,40‐49,about once per week,somewhat interested
R0487,F034,3,0,high,Asian American,female,40‐49,about once per week,somewhat interested
R0487,F061,3,0,low,Latina,female,40‐49,about once per week,somewhat interested
R0487,F067,4,1,high,Asian American,female,40‐49,about once per week,somewhat interested
R0487,F079,4,1,low,White,female,40‐49,about once per week,somewhat interested
R0487,F086,4,0,high,Black,female,40‐49,about once per week,somewhat interested
R0487,F093,3,0,low,White,female,40‐49,about once per week,somewhat interested
R0487,F102,3,1,low,Black,female,40‐49,about once per week,somewhat interested
R0488,F001,3,0,high,Asian American,male,50‐59,never,neutral
R0488,F012,5,1,high,Latina,male,50‐59,never,neutral
R0488,F032,4,0,high,Latina,male,50‐59,never,neutral
R0488,F043,3,1,low,Black,male,50‐59,never,neutral
R0488,F065,5,1,high,White,male,50‐59,never,neutral
R0488,F085,4,0,low,White,male,50‐59,never,neutral
R0488,F090,4,1,low,Asian American,male,50‐59,never,neutral
R0488,F114,4,0,low,Black,male,50‐59,never,neutral
R0489,F006,3,1,high,Asian American,female,20‐29,5+ days per week,very interested
R0489,F006,2,0,high,Asian American,female,20‐29,5+ days per week,very interested
R0489,F029,3,1,low,White,female,20‐29,5+ days per week,very interested
R0489,F043,2,1,low,Black,female,20‐29,5+ days per week,very interested
R0489,F053,4,0,low,Latina,female,20‐29,5+ days per week,very interested
R0489,F056,4,1,high,Latina,female,20‐29,5+ days per week,very interested
R0489,F107,4,0,low,White,female,20‐29,5+ days per week,very interested
R0489,F109,3,0,high,Black,female,20‐29,5+ days per week,very interested
R0490,F002,4,1,high,Latina,male,20‐29,never,not at all interested
R0490,F015,3,1,low,Black,male,20‐29,never,not at all interested
R0490,F030,5,0,high,Latina,male,20‐29,never,not at all interested
R0490,F043,2,0,low,Black,male,20‐29,never,not at all interested
R0490,F044,2,0,low,White,male,20‐29,never,not at all interested
R0490,F094,4,1,high,White,male,20‐29,never,not at all interested
R0490,F097,3,1,low,Asian American,male,20‐29,never,not at all interested
R0490,F110,3,0,high,Asian American,male,20‐29,never,not at all interested
R0491,F012,4,1,high,Latina,female,30‐39,a few times per year,not very interested
R0491,F066,2,0,high,Black,female,30‐39,a few times per year,not very interested
R0491,F067,2,0,high,Asian American,female,30‐39,a few times per year,not very interested
R0491,F078,4,0,low,Latina,female,30‐39,a few times per year,not very interested
R0491,F110,3,1,high,Asian American,female,30‐39,a few times per year,not very interested
R0491,F112,3,1,low,White,female,30‐39,a few times per year,not very interested
R0491,F112,3,0,low,White,female,30‐39,a few times per year,not very interested
R0491,F114,3,1,low,Black,female,30‐39,a few times per year,not very interested
R0492,F006,2,0,high,Asian American,female,20‐29,5+ days per week,very interested
R0492,F013,4,0,low,Black,female,20‐29,5+ days per week,very interested
R0492,F025,2,0,high,Latina,female,20‐29,5+ days per week,very interested
R0492,F060,2,1,low,Asian American,female,20‐29,5+ days per week,very interested
R0492,F068,4,1,high,White,female,20‐29,5+ days per week,very interested
R0492,F069,3,1,low,Black,female,20‐29,5+ days per week,very interested
R0492,F074,5,1,high,Latina,female,20‐29,5+ days per week,very interested
R0492,F112,2,0,low,White,female,20‐29,5+ days per week,very interested
R0493,F002,1,0,high,Latina,female,40‐49,5+ days per week,very interested
R0493,F031,4,1,high,Black,female,40‐49,5+ days per week,very interested
R0493,F036,4,0,high,White,female,40‐49,5+ days per week,very interested
R0493,F042,2,1,high,White,female,40‐49,5+ days per week,very interested
R0493,F078,4,1,low,Latina,female,40‐49,5+ days per week,very interested
R0493,F090,2,1,low,Asian American,female,40‐49,5+ days per week,very interested
R0493,F105,1,0,low,Asian American,female,40‐49,5+ days per week,very interested
R0493,F115,2,0,low,Black,female,40‐49,5+ days per week,very interested
R0494,F010,3,1,low,Asian American,male,60‐69,never,neutral
R0494,F010,1,0,low,Asian American,male,60‐69,never,neutral
R0494,F016,2,0,high,White,male,60‐69,never,neutral
R0494,F017,3,0,high,Latina,male,60‐69,never,neutral
R0494,F045,4,1,high,White,male,60‐69,never,neutral
R0494,F046,3,0,low,Black,male,60‐69,never,neutral
R0494,F076,1,1,high,Black,male,60‐69,never,neutral
R0494,F103,3,1,low,Latina,male,60‐69,never,neutral
R0495,F004,2,0,low,White,female,30‐39,5+ days per week,neutral
R0495,F045,2,1,high,White,female,30‐39,5+ days per week,neutral
R0495,F050,1,1,low,Black,female,30‐39,5+ days per week,neutral
R0495,F051,5,0,high,Asian American,female,30‐39,5+ days per week,neutral
R0495,F057,2,1,low,Asian American,female,30‐39,5+ days per week,neutral
R0495,F070,4,0,low,Black,female,30‐39,5+ days per week,neutral
R0495,F089,2,1,high,Latina,female,30‐39,5+ days per week,neutral
R0495,F089,3,0,high,Latina,female,30‐39,5+ days per week,neutral
R0496,F036,4,0,high,White,female,60‐69,1-3 days per month,neutral
R0496,F038,4,0,low,Latina,female,60‐69,1-3 days per month,neutral
R0496,F061,3,1,low,Latina,female,60‐69,1-3 days per month,neutral
R0496,F076,3,1,high,Black,female,60‐69,1-3 days per month,neutral
R0496,F077,1,0,high,Black,female,60‐69,1-3 days per month,neutral
R0496,F095,2,0,low,Asian American,female,60‐69,1-3 days per month,neutral
R0496,F107,3,1,low,White,female,60‐69,1-3 days per month,neutral
R0496,F110,3,1,high,Asian American,female,60‐69,1-3 days per month,neutral
R0497,F013,3,1,low,Black,female,50‐59,5+ days per week,somewhat interested
R0497,F020,4,1,low,White,female,50‐59,5+ days per week,somewhat interested
R0497,F023,3,0,high,Black,female,50‐59,5+ days per week,somewhat interested
R0497,F027,2,0,high,Asian American,female,50‐59,5+ days per week,somewhat interested
R0497,F051,3,1,high,Asian American,female,50‐59,5+ days per week,somewhat interested
R0497,F092,3,1,high,Latina,female,50‐59,5+ days per week,somewhat interested
R0497,F096,2,0,low,White,female,50‐59,5+ days per week,somewhat interested
R0497,F103,4,0,low,Latina,female,50‐59,5+ days per week,somewhat interested
R0498,F003,3,1,low,White,female,60‐69,a few times per year,not very interested
R0498,F021,4,0,low,Latina,female,60‐69,a few times per year,not very interested
R0498,F066,3,1,high,Black,female,60‐69,a few times per year,not very interested
R0498,F078,4,1,low,Latina,female,60‐69,a few times per year,not very interested
R0498,F080,5,0,high,White,female,60‐69,a few times per year,not very interested
R0498,F083,4,1,high,Asian American,female,60‐69,a few times per year,not very interested
R0498,F090,3,0,low,Asian American,female,60‐69,a few times per year,not very interested
R0498,F109,3,0,high,Black,female,60‐69,a few times per year,not very interested
R0499,F007,4,0,low,Black,female,40‐49,2-4 days per week,somewhat interested
R0499,F012,4,0,high,Latina,female,40‐49,2-4 days per week,somewhat interested
R0499,F016,5,1,high,White,female,40‐49,2-4 days per week,somewhat interested
R0499,F018,4,0,low,Asian American,female,40‐49,2-4 days per week,somewhat interested
R0499,F061,4,1,low,Latina,female,40‐49,2-4 days per week,somewhat interested
R0499,F066,4,1,high,Black,female,40‐49,2-4 days per week,somewhat interested
R0499,F068,4,0,high,White,female,40‐49,2-4 days per week,somewhat interested
R0499,F095,4,1,low,Asian American,female,40‐49,2-4 days per week,somewhat interested
R0500,F010,1,0,low,Asian American,female,50‐59,2-4 days per week,very interested
R0500,F027,1,1,high,Asian American,female,50‐59,2-4 days per week,very interested
R0500,F033,1,1,high,Black,female,50‐59,2-4 days per week,very interested
R0500,F055,2,0,low,Latina,female,50‐59,2-4 days per week,very interested
R0500,F065,2,0,high,White,female,50‐59,2-4 days per week,very interested
R0500,F072,3,1,low,Latina,female,50‐59,2-4 days per week,very interested
R0500,F079,4,1,low,White,female,50‐59,2-4 days per week,very interested
R0500,F113,1,0,high,Black,female,50‐59,2-4 days per week,very interested
R0501,F026,4,1,high,White,female,50‐59,2-4 days per week,somewhat interested
R0501,F030,4,0,high,Latina,female,50‐59,2-4 days per week,somewhat interested
R0501,F047,5,0,high,White,female,50‐59,2-4 days per week,somewhat interested
R0501,F059,4,1,low,Latina,female,50‐59,2-4 days per week,somewhat interested
R0501,F101,5,1,high,Black,female,50‐59,2-4 days per week,somewhat interested
R0501,F105,2,1,low,Asian American,female,50‐59,2-4 days per week,somewhat interested
R0501,F114,3,0,low,Black,female,50‐59,2-4 days per week,somewhat interested
R0501,F116,3,0,low,Asian American,female,50‐59,2-4 days per week,somewhat interested
R0502,F002,2,1,high,Latina,female,50‐59,5+ days per week,somewhat interested
R0502,F034,2,1,high,Asian American,female,50‐59,5+ days per week,somewhat interested
R0502,F038,2,0,low,Latina,female,50‐59,5+ days per week,somewhat interested
R0502,F039,2,1,low,White,female,50‐59,5+ days per week,somewhat interested
R0502,F049,2,0,high,Black,female,50‐59,5+ days per week,somewhat interested
R0502,F054,2,1,low,Black,female,50‐59,5+ days per week,somewhat interested
R0502,F079,2,0,low,White,female,50‐59,5+ days per week,somewhat interested
R0502,F087,2,0,high,Asian American,female,50‐59,5+ days per week,somewhat interested
R0503,F010,3,1,low,Asian American,female,40‐49,2-4 days per week,not very interested
R0503,F012,3,0,high,Latina,female,40‐49,2-4 days per week,not very interested
R0503,F014,4,0,low,White,female,40‐49,2-4 days per week,not very interested
R0503,F015,2,0,low,Black,female,40‐49,2-4 days per week,not very interested
R0503,F027,2,0,high,Asian American,female,40‐49,2-4 days per week,not very interested
R0503,F032,3,1,high,Latina,female,40‐49,2-4 days per week,not very interested
R0503,F084,5,1,high,White,female,40‐49,2-4 days per week,not very interested
R0503,F102,3,1,low,Black,female,40‐49,2-4 days per week,not very interested
R0504,F005,4,1,high,White,male,50‐59,never,somewhat interested
R0504,F010,2,1,low,Asian American,male,50‐59,never,somewhat interested
R0504,F029,3,0,low,White,male,50‐59,never,somewhat interested
R0504,F054,1,0,low,Black,male,50‐59,never,somewhat interested
R0504,F056,2,0,high,Latina,male,50‐59,never,somewhat interested
R0504,F070,2,1,low,Black,male,50‐59,never,somewhat interested
R0504,F083,5,0,high,Asian American,male,50‐59,never,somewhat interested
R0504,F092,3,1,high,Latina,male,50‐59,never,somewhat interested
R0505,F004,2,1,low,White,female,30‐39,about once per week,very interested
R0505,F017,3,1,high,Latina,female,30‐39,about once per week,very interested
R0505,F019,5,0,low,White,female,30‐39,about once per week,very interested
R0505,F024,2,1,low,Black,female,30‐39,about once per week,very interested
R0505,F072,4,0,low,Latina,female,30‐39,about once per week,very interested
R0505,F076,2,0,high,Black,female,30‐39,about once per week,very interested
R0505,F087,2,1,high,Asian American,female,30‐39,about once per week,very interested
R0505,F110,2,0,high,Asian American,female,30‐39,about once per week,very interested
R0506,F018,2,1,low,Asian American,female,30‐39,a few times per year,very interested
R0506,F021,2,1,low,Latina,female,30‐39,a few times per year,very interested
R0506,F028,3,0,high,White,female,30‐39,a few times per year,very interested
R0506,F036,6,1,high,White,female,30‐39,a few times per year,very interested
R0506,F070,5,0,low,Black,female,30‐39,a few times per year,very interested
R0506,F092,4,0,high,Latina,female,30‐39,a few times per year,very interested
R0506,F097,2,0,low,Asian American,female,30‐39,a few times per year,very interested
R0506,F098,5,1,high,Black,female,30‐39,a few times per year,very interested
R0507,F001,3,1,high,Asian American,male,40‐49,1-3 days per month,somewhat interested
R0507,F037,3,0,high,Black,male,40‐49,1-3 days per month,somewhat interested
R0507,F060,2,0,low,Asian American,male,40‐49,1-3 days per month,somewhat interested
R0507,F080,4,0,high,White,male,40‐49,1-3 days per month,somewhat interested
R0507,F103,4,0,low,Latina,male,40‐49,1-3 days per month,somewhat interested
R0507,F103,4,1,low,Latina,male,40‐49,1-3 days per month,somewhat interested
R0507,F108,5,1,low,White,male,40‐49,1-3 days per month,somewhat interested
R0507,F109,4,1,high,Black,male,40‐49,1-3 days per month,somewhat interested
R0508,F002,2,0,high,Latina,male,70 and above,never,somewhat interested
R0508,F030,6,1,high,Latina,male,70 and above,never,somewhat interested
R0508,F034,2,0,high,Asian American,male,70 and above,never,somewhat interested
R0508,F054,3,1,low,Black,male,70 and above,never,somewhat interested
R0508,F079,4,0,low,White,male,70 and above,never,somewhat interested
R0508,F094,5,1,high,White,male,70 and above,never,somewhat interested
R0508,F095,3,1,low,Asian American,male,70 and above,never,somewhat interested
R0508,F106,2,0,low,Black,male,70 and above,never,somewhat interested
R0509,F009,3,0,low,White,female,40‐49,2-4 days per week,somewhat interested
R0509,F015,4,1,low,Black,female,40‐49,2-4 days per week,somewhat interested
R0509,F021,3,0,low,Latina,female,40‐49,2-4 days per week,somewhat interested
R0509,F031,3,0,high,Black,female,40‐49,2-4 days per week,somewhat interested
R0509,F075,4,1,high,Latina,female,40‐49,2-4 days per week,somewhat interested
R0509,F083,4,1,high,Asian American,female,40‐49,2-4 days per week,somewhat interested
R0509,F083,4,0,high,Asian American,female,40‐49,2-4 days per week,somewhat interested
R0509,F108,3,1,low,White,female,40‐49,2-4 days per week,somewhat interested
R0510,F008,6,0,high,White,female,50‐59,5+ days per week,somewhat interested
R0510,F011,3,1,low,Latina,female,50‐59,5+ days per week,somewhat interested
R0510,F029,4,1,low,White,female,50‐59,5+ days per week,somewhat interested
R0510,F034,4,1,high,Asian American,female,50‐59,5+ days per week,somewhat interested
R0510,F049,4,0,high,Black,female,50‐59,5+ days per week,somewhat interested
R0510,F057,6,0,low,Asian American,female,50‐59,5+ days per week,somewhat interested
R0510,F059,5,0,low,Latina,female,50‐59,5+ days per week,somewhat interested
R0510,F077,3,1,high,Black,female,50‐59,5+ days per week,somewhat interested
R0511,F032,3,0,high,Latina,male,60‐69,a few times per year,not very interested
R0511,F038,3,1,low,Latina,male,60‐69,a few times per year,not very interested
R0511,F058,3,1,high,Black,male,60‐69,a few times per year,not very interested
R0511,F065,4,0,high,White,male,60‐69,a few times per year,not very interested
R0511,F069,3,0,low,Black,male,60‐69,a few times per year,not very interested
R0511,F095,3,0,low,Asian American,male,60‐69,a few times per year,not very interested
R0511,F111,3,1,high,White,male,60‐69,a few times per year,not very interested
R0511,F116,3,1,low,Asian American,male,60‐69,a few times per year,not very interested
R0512,F008,4,1,high,White,male,20‐29,never,not very interested
R0512,F020,3,0,low,White,male,20‐29,never,not very interested
R0512,F046,4,0,low,Black,male,20‐29,never,not very interested
R0512,F048,2,1,low,Black,male,20‐29,never,not very interested
R0512,F056,3,1,high,Latina,male,20‐29,never,not very interested
R0512,F087,4,0,high,Asian American,male,20‐29,never,not very interested
R0512,F092,4,0,high,Latina,male,20‐29,never,not very interested
R0512,F116,2,1,low,Asian American,male,20‐29,never,not very interested
R0513,F007,4,0,low,Black,female,30‐39,2-4 days per week,somewhat interested
R0513,F010,3,0,low,Asian American,female,30‐39,2-4 days per week,somewhat interested
R0513,F016,4,1,high,White,female,30‐39,2-4 days per week,somewhat interested
R0513,F026,5,0,high,White,female,30‐39,2-4 days per week,somewhat interested
R0513,F049,3,1,high,Black,female,30‐39,2-4 days per week,somewhat interested
R0513,F053,4,1,low,Latina,female,30‐39,2-4 days per week,somewhat interested
R0513,F074,2,0,high,Latina,female,30‐39,2-4 days per week,somewhat interested
R0513,F097,2,1,low,Asian American,female,30‐39,2-4 days per week,somewhat interested
R0514,F001,3,1,high,Asian American,female,20‐29,5+ days per week,somewhat interested
R0514,F044,2,1,low,White,female,20‐29,5+ days per week,somewhat interested
R0514,F045,4,0,high,White,female,20‐29,5+ days per week,somewhat interested
R0514,F049,4,1,high,Black,female,20‐29,5+ days per week,somewhat interested
R0514,F053,3,0,low,Latina,female,20‐29,5+ days per week,somewhat interested
R0514,F055,5,1,low,Latina,female,20‐29,5+ days per week,somewhat interested
R0514,F060,1,0,low,Asian American,female,20‐29,5+ days per week,somewhat interested
R0514,F063,4,0,high,Black,female,20‐29,5+ days per week,somewhat interested
R0515,F007,4,0,low,Black,male,70 and above,never,not very interested
R0515,F019,4,0,low,White,male,70 and above,never,not very interested
R0515,F025,3,1,high,Latina,male,70 and above,never,not very interested
R0515,F027,2,0,high,Asian American,male,70 and above,never,not very interested
R0515,F054,2,1,low,Black,male,70 and above,never,not very interested
R0515,F075,4,0,high,Latina,male,70 and above,never,not very interested
R0515,F097,3,1,low,Asian American,male,70 and above,never,not very interested
R0515,F111,4,1,high,White,male,70 and above,never,not very interested
R0516,F010,3,1,low,Asian American,male,40‐49,never,not very interested
R0516,F043,3,0,low,Black,male,40‐49,never,not very interested
R0516,F064,4,1,high,White,male,40‐49,never,not very interested
R0516,F072,4,1,low,Latina,male,40‐49,never,not very interested
R0516,F077,3,1,high,Black,male,40‐49,never,not very interested
R0516,F080,5,0,high,White,male,40‐49,never,not very interested
R0516,F089,5,0,high,Latina,male,40‐49,never,not very interested
R0516,F116,3,0,low,Asian American,male,40‐49,never,not very interested
R0517,F016,5,0,high,White,female,30‐39,5+ days per week,not very interested
R0517,F018,3,0,low,Asian American,female,30‐39,5+ days per week,not very interested
R0517,F023,3,0,high,Black,female,30‐39,5+ days per week,not very interested
R0517,F038,4,0,low,Latina,female,30‐39,5+ days per week,not very interested
R0517,F058,4,1,high,Black,female,30‐39,5+ days per week,not very interested
R0517,F059,3,1,low,Latina,female,30‐39,5+ days per week,not very interested
R0517,F067,4,1,high,Asian American,female,30‐39,5+ days per week,not very interested
R0517,F093,4,1,low,White,female,30‐39,5+ days per week,not very interested
R0518,F001,1,0,high,Asian American,female,40‐49,5+ days per week,somewhat interested
R0518,F014,5,1,low,White,female,40‐49,5+ days per week,somewhat interested
R0518,F027,2,1,high,Asian American,female,40‐49,5+ days per week,somewhat interested
R0518,F033,4,0,high,Black,female,40‐49,5+ days per week,somewhat interested
R0518,F074,3,1,high,Latina,female,40‐49,5+ days per week,somewhat interested
R0518,F088,3,1,low,Black,female,40‐49,5+ days per week,somewhat interested
R0518,F099,4,0,low,White,female,40‐49,5+ days per week,somewhat interested
R0518,F104,3,0,low,Latina,female,40‐49,5+ days per week,somewhat interested
R0519,F003,4,0,low,White,male,40‐49,never,not very interested
R0519,F006,3,1,high,Asian American,male,40‐49,never,not very interested
R0519,F030,3,1,high,Latina,male,40‐49,never,not very interested
R0519,F035,4,1,low,White,male,40‐49,never,not very interested
R0519,F058,4,0,high,Black,male,40‐49,never,not very interested
R0519,F059,4,0,low,Latina,male,40‐49,never,not very interested
R0519,F087,2,0,high,Asian American,male,40‐49,never,not very interested
R0519,F102,4,1,low,Black,male,40‐49,never,not very interested
R0520,F050,4,0,low,Black,male,50‐59,never,not very interested
R0520,F071,4,1,high,White,male,50‐59,never,not very interested
R0520,F071,3,0,high,White,male,50‐59,never,not very interested
R0520,F075,5,0,high,Latina,male,50‐59,never,not very interested
R0520,F086,4,1,high,Black,male,50‐59,never,not very interested
R0520,F095,3,1,low,Asian American,male,50‐59,never,not very interested
R0520,F095,4,0,low,Asian American,male,50‐59,never,not very interested
R0520,F104,4,1,low,Latina,male,50‐59,never,not very interested
R0521,F018,3,1,low,Asian American,female,30‐39,2-4 days per week,somewhat interested
R0521,F024,3,0,low,Black,female,30‐39,2-4 days per week,somewhat interested
R0521,F032,3,0,high,Latina,female,30‐39,2-4 days per week,somewhat interested
R0521,F037,3,1,high,Black,female,30‐39,2-4 days per week,somewhat interested
R0521,F038,3,1,low,Latina,female,30‐39,2-4 days per week,somewhat interested
R0521,F094,4,1,high,White,female,30‐39,2-4 days per week,somewhat interested
R0521,F094,4,0,high,White,female,30‐39,2-4 days per week,somewhat interested
R0521,F105,2,0,low,Asian American,female,30‐39,2-4 days per week,somewhat interested
R0522,F006,4,0,high,Asian American,female,30‐39,2-4 days per week,somewhat interested
R0522,F044,3,0,low,White,female,30‐39,2-4 days per week,somewhat interested
R0522,F051,4,1,high,Asian American,female,30‐39,2-4 days per week,somewhat interested
R0522,F055,4,0,low,Latina,female,30‐39,2-4 days per week,somewhat interested
R0522,F056,4,1,high,Latina,female,30‐39,2-4 days per week,somewhat interested
R0522,F098,5,0,high,Black,female,30‐39,2-4 days per week,somewhat interested
R0522,F099,4,1,low,White,female,30‐39,2-4 days per week,somewhat interested
R0522,F114,4,1,low,Black,female,30‐39,2-4 days per week,somewhat interested
R0523,F011,5,0,low,Latina,male,60‐69,never,not at all interested
R0523,F019,5,1,low,White,male,60‐69,never,not at all interested
R0523,F021,3,1,low,Latina,male,60‐69,never,not at all interested
R0523,F026,5,0,high,White,male,60‐69,never,not at all interested
R0523,F033,5,0,high,Black,male,60‐69,never,not at all interested
R0523,F051,3,1,high,Asian American,male,60‐69,never,not at all interested
R0523,F057,4,0,low,Asian American,male,60‐69,never,not at all interested
R0523,F063,5,1,high,Black,male,60‐69,never,not at all interested
R0524,F021,2,1,low,Latina,female,40‐49,2-4 days per week,not very interested
R0524,F030,3,0,high,Latina,female,40‐49,2-4 days per week,not very interested
R0524,F036,3,0,high,White,female,40‐49,2-4 days per week,not very interested
R0524,F042,4,1,high,White,female,40‐49,2-4 days per week,not very interested
R0524,F082,3,1,high,Black,female,40‐49,2-4 days per week,not very interested
R0524,F088,2,0,low,Black,female,40‐49,2-4 days per week,not very interested
R0524,F097,4,0,low,Asian American,female,40‐49,2-4 days per week,not very interested
R0524,F116,3,1,low,Asian American,female,40‐49,2-4 days per week,not very interested
R0525,F003,4,0,low,White,male,60‐69,never,neutral
R0525,F015,2,0,low,Black,male,60‐69,never,neutral
R0525,F017,4,1,high,Latina,male,60‐69,never,neutral
R0525,F030,3,0,high,Latina,male,60‐69,never,neutral
R0525,F046,4,1,low,Black,male,60‐69,never,neutral
R0525,F080,5,1,high,White,male,60‐69,never,neutral
R0525,F110,2,0,high,Asian American,male,60‐69,never,neutral
R0525,F116,3,1,low,Asian American,male,60‐69,never,neutral
R0526,F016,3,1,high,White,female,50‐59,5+ days per week,very interested
R0526,F039,4,0,low,White,female,50‐59,5+ days per week,very interested
R0526,F051,3,0,high,Asian American,female,50‐59,5+ days per week,very interested
R0526,F056,3,0,high,Latina,female,50‐59,5+ days per week,very interested
R0526,F060,2,1,low,Asian American,female,50‐59,5+ days per week,very interested
R0526,F075,3,1,high,Latina,female,50‐59,5+ days per week,very interested
R0526,F088,2,1,low,Black,female,50‐59,5+ days per week,very interested
R0526,F102,2,0,low,Black,female,50‐59,5+ days per week,very interested
R0527,F013,4,1,low,Black,female,60‐69,a few times per year,not very interested
R0527,F019,5,1,low,White,female,60‐69,a few times per year,not very interested
R0527,F063,3,0,high,Black,female,60‐69,a few times per year,not very interested
R0527,F072,4,0,low,Latina,female,60‐69,a few times per year,not very interested
R0527,F073,5,0,low,White,female,60‐69,a few times per year,not very interested
R0527,F075,3,1,high,Latina,female,60‐69,a few times per year,not very interested
R0527,F110,3,1,high,Asian American,female,60‐69,a few times per year,not very interested
R0527,F110,3,0,high,Asian American,female,60‐69,a few times per year,not very interested
R0528,F012,3,0,high,Latina,female,40‐49,5+ days per week,neutral
R0528,F018,3,1,low,Asian American,female,40‐49,5+ days per week,neutral
R0528,F064,3,1,high,White,female,40‐49,5+ days per week,neutral
R0528,F067,3,0,high,Asian American,female,40‐49,5+ days per week,neutral
R0528,F089,4,1,high,Latina,female,40‐49,5+ days per week,neutral
R0528,F096,3,0,low,White,female,40‐49,5+ days per week,neutral
R0528,F106,3,1,low,Black,female,40‐49,5+ days per week,neutral
R0528,F106,4,0,low,Black,female,40‐49,5+ days per week,neutral
R0529,F011,4,1,low,Latina,male,under 20,2-4 days per week,somewhat interested
R0529,F017,3,0,high,Latina,male,under 20,2-4 days per week,somewhat interested
R0529,F028,2,1,high,White,male,under 20,2-4 days per week,somewhat interested
R0529,F048,2,0,low,Black,male,under 20,2-4 days per week,somewhat interested
R0529,F052,2,0,high,White,male,under 20,2-4 days per week,somewhat interested
R0529,F057,3,1,low,Asian American,male,under 20,2-4 days per week,somewhat interested
R0529,F062,4,1,high,Black,male,under 20,2-4 days per week,somewhat interested
R0529,F090,4,0,low,Asian American,male,under 20,2-4 days per week,somewhat interested
R0530,F027,1,0,high,Asian American,female,30‐39,5+ days per week,somewhat interested
R0530,F032,1,1,high,Latina,female,30‐39,5+ days per week,somewhat interested
R0530,F035,2,0,low,White,female,30‐39,5+ days per week,somewhat interested
R0530,F059,2,0,low,Latina,female,30‐39,5+ days per week,somewhat interested
R0530,F070,4,1,low,Black,female,30‐39,5+ days per week,somewhat interested
R0530,F073,3,1,low,White,female,30‐39,5+ days per week,somewhat interested
R0530,F083,3,1,high,Asian American,female,30‐39,5+ days per week,somewhat interested
R0530,F113,3,0,high,Black,female,30‐39,5+ days per week,somewhat interested
R0531,F015,4,0,low,Black,male,50‐59,never,neutral
R0531,F026,5,1,high,White,male,50‐59,never,neutral
R0531,F045,4,0,high,White,male,50‐59,never,neutral
R0531,F057,6,0,low,Asian American,male,50‐59,never,neutral
R0531,F059,6,1,low,Latina,male,50‐59,never,neutral
R0531,F063,4,1,high,Black,male,50‐59,never,neutral
R0531,F075,5,0,high,Latina,male,50‐59,never,neutral
R0531,F105,6,1,low,Asian American,male,50‐59,never,neutral
R0532,F017,3,1,high,Latina,female,50‐59,about once per week,neutral
R0532,F041,4,1,high,White,female,50‐59,about once per week,neutral
R0532,F050,3,0,low,Black,female,50‐59,about once per week,neutral
R0532,F073,4,0,low,White,female,50‐59,about once per week,neutral
R0532,F075,3,0,high,Latina,female,50‐59,about once per week,neutral
R0532,F083,4,0,high,Asian American,female,50‐59,about once per week,neutral
R0532,F095,3,1,low,Asian American,female,50‐59,about once per week,neutral
R0532,F114,3,1,low,Black,female,50‐59,about once per week,neutral
R0533,F004,4,0,low,White,female,30‐39,2-4 days per week,neutral
R0533,F021,2,0,low,Latina,female,30‐39,2-4 days per week,neutral
R0533,F022,4,0,high,Black,female,30‐39,2-4 days per week,neutral
R0533,F025,3,1,high,Latina,female,30‐39,2-4 days per week,neutral
R0533,F034,4,0,high,Asian American,female,30‐39,2-4 days per week,neutral
R0533,F050,2,1,low,Black,female,30‐39,2-4 days per week,neutral
R0533,F067,4,1,high,Asian American,female,30‐39,2-4 days per week,neutral
R0533,F085,5,1,low,White,female,30‐39,2-4 days per week,neutral
R0534,F011,3,0,low,Latina,female,20‐29,2-4 days per week,somewhat interested
R0534,F024,3,1,low,Black,female,20‐29,2-4 days per week,somewhat interested
R0534,F034,2,1,high,Asian American,female,20‐29,2-4 days per week,somewhat interested
R0534,F044,5,1,low,White,female,20‐29,2-4 days per week,somewhat interested
R0534,F062,6,0,high,Black,female,20‐29,2-4 days per week,somewhat interested
R0534,F067,4,0,high,Asian American,female,20‐29,2-4 days per week,somewhat interested
R0534,F092,3,1,high,Latina,female,20‐29,2-4 days per week,somewhat interested
R0534,F108,2,0,low,White,female,20‐29,2-4 days per week,somewhat interested
R0535,F006,4,1,high,Asian American,male,under 20,never,not very interested
R0535,F010,2,0,low,Asian American,male,under 20,never,not very interested
R0535,F055,3,1,low,Latina,male,under 20,never,not very interested
R0535,F064,2,0,high,White,male,under 20,never,not very interested
R0535,F076,3,0,high,Black,male,under 20,never,not very interested
R0535,F085,3,1,low,White,male,under 20,never,not very interested
R0535,F086,3,1,high,Black,male,under 20,never,not very interested
R0535,F104,4,0,low,Latina,male,under 20,never,not very interested
R0536,F018,1,0,low,Asian American,female,20‐29,2-4 days per week,somewhat interested
R0536,F041,2,0,high,White,female,20‐29,2-4 days per week,somewhat interested
R0536,F060,1,1,low,Asian American,female,20‐29,2-4 days per week,somewhat interested
R0536,F065,3,1,high,White,female,20‐29,2-4 days per week,somewhat interested
R0536,F070,1,0,low,Black,female,20‐29,2-4 days per week,somewhat interested
R0536,F074,2,0,high,Latina,female,20‐29,2-4 days per week,somewhat interested
R0536,F078,4,1,low,Latina,female,20‐29,2-4 days per week,somewhat interested
R0536,F113,2,1,high,Black,female,20‐29,2-4 days per week,somewhat interested
R0537,F002,3,0,high,Latina,female,30‐39,about once per week,very interested
R0537,F012,3,1,high,Latina,female,30‐39,about once per week,very interested
R0537,F024,5,1,low,Black,female,30‐39,about once per week,very interested
R0537,F028,3,1,high,White,female,30‐39,about once per week,very interested
R0537,F034,3,0,high,Asian American,female,30‐39,about once per week,very interested
R0537,F088,2,0,low,Black,female,30‐39,about once per week,very interested
R0537,F090,3,1,low,Asian American,female,30‐39,about once per week,very interested
R0537,F099,4,0,low,White,female,30‐39,about once per week,very interested
R0538,F012,5,1,high,Latina,female,30‐39,5+ days per week,very interested
R0538,F029,4,0,low,White,female,30‐39,5+ days per week,very interested
R0538,F046,4,1,low,Black,female,30‐39,5+ days per week,very interested
R0538,F055,4,0,low,Latina,female,30‐39,5+ days per week,very interested
R0538,F077,5,0,high,Black,female,30‐39,5+ days per week,very interested
R0538,F083,4,0,high,Asian American,female,30‐39,5+ days per week,very interested
R0538,F087,4,1,high,Asian American,female,30‐39,5+ days per week,very interested
R0538,F093,3,1,low,White,female,30‐39,5+ days per week,very interested
R0539,F001,2,0,high,Asian American,female,30‐39,1-3 days per month,not very interested
R0539,F007,5,1,low,Black,female,30‐39,1-3 days per month,not very interested
R0539,F024,3,0,low,Black,female,30‐39,1-3 days per month,not very interested
R0539,F030,4,1,high,Latina,female,30‐39,1-3 days per month,not very interested
R0539,F052,3,1,high,White,female,30‐39,1-3 days per month,not very interested
R0539,F074,4,0,high,Latina,female,30‐39,1-3 days per month,not very interested
R0539,F093,3,0,low,White,female,30‐39,1-3 days per month,not very interested
R0539,F105,2,1,low,Asian American,female,30‐39,1-3 days per month,not very interested
R0540,F019,5,1,low,White,female,30‐39,2-4 days per week,not very interested
R0540,F027,4,1,high,Asian American,female,30‐39,2-4 days per week,not very interested
R0540,F031,4,0,high,Black,female,30‐39,2-4 days per week,not very interested
R0540,F059,5,0,low,Latina,female,30‐39,2-4 days per week,not very interested
R0540,F061,5,1,low,Latina,female,30‐39,2-4 days per week,not very interested
R0540,F082,5,1,high,Black,female,30‐39,2-4 days per week,not very interested
R0540,F094,5,0,high,White,female,30‐39,2-4 days per week,not very interested
R0540,F095,4,0,low,Asian American,female,30‐39,2-4 days per week,not very interested
R0541,F013,1,0,low,Black,female,50‐59,a few times per year,not at all interested
R0541,F025,2,0,high,Latina,female,50‐59,a few times per year,not at all interested
R0541,F052,1,1,high,White,female,50‐59,a few times per year,not at all interested
R0541,F060,1,0,low,Asian American,female,50‐59,a few times per year,not at all interested
R0541,F061,1,1,low,Latina,female,50‐59,a few times per year,not at all interested
R0541,F084,2,0,high,White,female,50‐59,a few times per year,not at all interested
R0541,F090,2,1,low,Asian American,female,50‐59,a few times per year,not at all interested
R0541,F109,1,1,high,Black,female,50‐59,a few times per year,not at all interested
R0542,F055,3,1,low,Latina,female,50‐59,a few times per year,not very interested
R0542,F060,2,1,low,Asian American,female,50‐59,a few times per year,not very interested
R0542,F081,3,1,high,White,female,50‐59,a few times per year,not very interested
R0542,F089,2,0,high,Latina,female,50‐59,a few times per year,not very interested
R0542,F095,2,0,low,Asian American,female,50‐59,a few times per year,not very interested
R0542,F109,3,1,high,Black,female,50‐59,a few times per year,not very interested
R0542,F111,2,0,high,White,female,50‐59,a few times per year,not very interested
R0542,F114,3,0,low,Black,female,50‐59,a few times per year,not very interested
R0543,F023,4,1,high,Black,female,20‐29,5+ days per week,somewhat interested
R0543,F036,5,0,high,White,female,20‐29,5+ days per week,somewhat interested
R0543,F038,3,0,low,Latina,female,20‐29,5+ days per week,somewhat interested
R0543,F078,5,1,low,Latina,female,20‐29,5+ days per week,somewhat interested
R0543,F087,4,1,high,Asian American,female,20‐29,5+ days per week,somewhat interested
R0543,F095,2,0,low,Asian American,female,20‐29,5+ days per week,somewhat interested
R0543,F099,4,1,low,White,female,20‐29,5+ days per week,somewhat interested
R0543,F100,3,0,high,Black,female,20‐29,5+ days per week,somewhat interested
R0544,F001,3,0,high,Asian American,male,30‐39,never,somewhat interested
R0544,F009,4,0,low,White,male,30‐39,never,somewhat interested
R0544,F040,4,0,low,Black,male,30‐39,never,somewhat interested
R0544,F056,4,1,high,Latina,male,30‐39,never,somewhat interested
R0544,F065,3,1,high,White,male,30‐39,never,somewhat interested
R0544,F092,4,0,high,Latina,male,30‐39,never,somewhat interested
R0544,F102,3,1,low,Black,male,30‐39,never,somewhat interested
R0544,F105,4,1,low,Asian American,male,30‐39,never,somewhat interested
R0545,F030,4,1,high,Latina,female,40‐49,5+ days per week,somewhat interested
R0545,F035,3,1,low,White,female,40‐49,5+ days per week,somewhat interested
R0545,F037,4,0,high,Black,female,40‐49,5+ days per week,somewhat interested
R0545,F043,2,1,low,Black,female,40‐49,5+ days per week,somewhat interested
R0545,F073,3,0,low,White,female,40‐49,5+ days per week,somewhat interested
R0545,F087,4,1,high,Asian American,female,40‐49,5+ days per week,somewhat interested
R0545,F103,4,0,low,Latina,female,40‐49,5+ days per week,somewhat interested
R0545,F110,4,0,high,Asian American,female,40‐49,5+ days per week,somewhat interested
R0546,F031,4,1,high,Black,female,30‐39,5+ days per week,neutral
R0546,F046,5,0,low,Black,female,30‐39,5+ days per week,neutral
R0546,F056,2,0,high,Latina,female,30‐39,5+ days per week,neutral
R0546,F057,2,0,low,Asian American,female,30‐39,5+ days per week,neutral
R0546,F068,4,1,high,White,female,30‐39,5+ days per week,neutral
R0546,F068,5,0,high,White,female,30‐39,5+ days per week,neutral
R0546,F072,3,1,low,Latina,female,30‐39,5+ days per week,neutral
R0546,F090,3,1,low,Asian American,female,30‐39,5+ days per week,neutral
R0547,F002,1,1,high,Latina,female,20‐29,never,not very interested
R0547,F004,3,0,low,White,female,20‐29,never,not very interested
R0547,F013,1,1,low,Black,female,20‐29,never,not very interested
R0547,F017,2,0,high,Latina,female,20‐29,never,not very interested
R0547,F026,4,1,high,White,female,20‐29,never,not very interested
R0547,F060,1,1,low,Asian American,female,20‐29,never,not very interested
R0547,F091,1,0,low,Black,female,20‐29,never,not very interested
R0547,F110,1,0,high,Asian American,female,20‐29,never,not very interested
R0548,F013,3,0,low,Black,female,40‐49,5+ days per week,neutral
R0548,F020,4,0,low,White,female,40‐49,5+ days per week,neutral
R0548,F025,4,1,high,Latina,female,40‐49,5+ days per week,neutral
R0548,F032,3,0,high,Latina,female,40‐49,5+ days per week,neutral
R0548,F051,3,0,high,Asian American,female,40‐49,5+ days per week,neutral
R0548,F057,3,1,low,Asian American,female,40‐49,5+ days per week,neutral
R0548,F069,3,1,low,Black,female,40‐49,5+ days per week,neutral
R0548,F081,4,1,high,White,female,40‐49,5+ days per week,neutral
R0549,F005,2,1,high,White,female,40‐49,2-4 days per week,somewhat interested
R0549,F010,3,1,low,Asian American,female,40‐49,2-4 days per week,somewhat interested
R0549,F016,3,0,high,White,female,40‐49,2-4 days per week,somewhat interested
R0549,F053,2,1,low,Latina,female,40‐49,2-4 days per week,somewhat interested
R0549,F054,1,0,low,Black,female,40‐49,2-4 days per week,somewhat interested
R0549,F063,1,1,high,Black,female,40‐49,2-4 days per week,somewhat interested
R0549,F092,3,0,high,Latina,female,40‐49,2-4 days per week,somewhat interested
R0549,F116,2,0,low,Asian American,female,40‐49,2-4 days per week,somewhat interested
R0550,F014,3,1,low,White,female,50‐59,never,neutral
R0550,F019,4,0,low,White,female,50‐59,never,neutral
R0550,F040,4,1,low,Black,female,50‐59,never,neutral
R0550,F049,3,0,high,Black,female,50‐59,never,neutral
R0550,F061,3,0,low,Latina,female,50‐59,never,neutral
R0550,F067,4,1,high,Asian American,female,50‐59,never,neutral
R0550,F087,3,0,high,Asian American,female,50‐59,never,neutral
R0550,F089,4,1,high,Latina,female,50‐59,never,neutral
R0551,F011,2,0,low,Latina,male,30‐39,never,not very interested
R0551,F011,2,1,low,Latina,male,30‐39,never,not very interested
R0551,F018,2,0,low,Asian American,male,30‐39,never,not very interested
R0551,F029,3,1,low,White,male,30‐39,never,not very interested
R0551,F051,3,1,high,Asian American,male,30‐39,never,not very interested
R0551,F082,3,0,high,Black,male,30‐39,never,not very interested
R0551,F084,3,0,high,White,male,30‐39,never,not very interested
R0551,F098,3,1,high,Black,male,30‐39,never,not very interested
R0552,F057,4,0,low,Asian American,female,20‐29,about once per week,somewhat interested
R0552,F059,3,1,low,Latina,female,20‐29,about once per week,somewhat interested
R0552,F072,4,0,low,Latina,female,20‐29,about once per week,somewhat interested
R0552,F081,2,0,high,White,female,20‐29,about once per week,somewhat interested
R0552,F086,3,1,high,Black,female,20‐29,about once per week,somewhat interested
R0552,F101,4,0,high,Black,female,20‐29,about once per week,somewhat interested
R0552,F110,2,1,high,Asian American,female,20‐29,about once per week,somewhat interested
R0552,F112,3,1,low,White,female,20‐29,about once per week,somewhat interested
R0553,F014,2,0,low,White,female,30‐39,5+ days per week,not at all interested
R0553,F017,1,1,high,Latina,female,30‐39,5+ days per week,not at all interested
R0553,F020,2,1,low,White,female,30‐39,5+ days per week,not at all interested
R0553,F053,3,0,low,Latina,female,30‐39,5+ days per week,not at all interested
R0553,F058,2,0,high,Black,female,30‐39,5+ days per week,not at all interested
R0553,F083,3,0,high,Asian American,female,30‐39,5+ days per week,not at all interested
R0553,F091,1,1,low,Black,female,30‐39,5+ days per week,not at all interested
R0553,F110,4,1,high,Asian American,female,30‐39,5+ days per week,not at all interested
R0554,F010,3,0,low,Asian American,male,60‐69,never,somewhat interested
R0554,F012,2,0,high,Latina,male,60‐69,never,somewhat interested
R0554,F022,1,1,high,Black,male,60‐69,never,somewhat interested
R0554,F047,3,0,high,White,male,60‐69,never,somewhat interested
R0554,F084,4,1,high,White,male,60‐69,never,somewhat interested
R0554,F097,4,1,low,Asian American,male,60‐69,never,somewhat interested
R0554,F103,3,1,low,Latina,male,60‐69,never,somewhat interested
R0554,F115,1,0,low,Black,male,60‐69,never,somewhat interested
R0555,F025,4,0,high,Latina,female,30‐39,5+ days per week,somewhat interested
R0555,F032,4,1,high,Latina,female,30‐39,5+ days per week,somewhat interested
R0555,F034,3,0,high,Asian American,female,30‐39,5+ days per week,somewhat interested
R0555,F042,5,1,high,White,female,30‐39,5+ days per week,somewhat interested
R0555,F043,5,1,low,Black,female,30‐39,5+ days per week,somewhat interested
R0555,F043,5,0,low,Black,female,30‐39,5+ days per week,somewhat interested
R0555,F095,4,1,low,Asian American,female,30‐39,5+ days per week,somewhat interested
R0555,F099,4,0,low,White,female,30‐39,5+ days per week,somewhat interested
R0556,F002,3,0,high,Latina,female,50‐59,5+ days per week,somewhat interested
R0556,F005,3,0,high,White,female,50‐59,5+ days per week,somewhat interested
R0556,F040,3,0,low,Black,female,50‐59,5+ days per week,somewhat interested
R0556,F045,4,1,high,White,female,50‐59,5+ days per week,somewhat interested
R0556,F095,4,1,low,Asian American,female,50‐59,5+ days per week,somewhat interested
R0556,F097,2,0,low,Asian American,female,50‐59,5+ days per week,somewhat interested
R0556,F098,4,1,high,Black,female,50‐59,5+ days per week,somewhat interested
R0556,F104,4,1,low,Latina,female,50‐59,5+ days per week,somewhat interested
R0557,F003,4,1,low,White,female,30‐39,5+ days per week,somewhat interested
R0557,F010,3,0,low,Asian American,female,30‐39,5+ days per week,somewhat interested
R0557,F041,2,0,high,White,female,30‐39,5+ days per week,somewhat interested
R0557,F058,3,0,high,Black,female,30‐39,5+ days per week,somewhat interested
R0557,F067,4,1,high,Asian American,female,30‐39,5+ days per week,somewhat interested
R0557,F077,2,1,high,Black,female,30‐39,5+ days per week,somewhat interested
R0557,F078,3,0,low,Latina,female,30‐39,5+ days per week,somewhat interested
R0557,F104,3,1,low,Latina,female,30‐39,5+ days per week,somewhat interested
R0558,F014,2,0,low,White,female,20‐29,a few times per year,not very interested
R0558,F036,5,1,high,White,female,20‐29,a few times per year,not very interested
R0558,F050,3,1,low,Black,female,20‐29,a few times per year,not very interested
R0558,F087,2,0,high,Asian American,female,20‐29,a few times per year,not very interested
R0558,F089,3,0,high,Latina,female,20‐29,a few times per year,not very interested
R0558,F090,4,1,low,Asian American,female,20‐29,a few times per year,not very interested
R0558,F092,6,1,high,Latina,female,20‐29,a few times per year,not very interested
R0558,F114,2,0,low,Black,female,20‐29,a few times per year,not very interested
R0559,F002,2,1,high,Latina,male,40‐49,never,somewhat interested
R0559,F003,4,1,low,White,male,40‐49,never,somewhat interested
R0559,F038,2,0,low,Latina,male,40‐49,never,somewhat interested
R0559,F051,2,0,high,Asian American,male,40‐49,never,somewhat interested
R0559,F063,4,0,high,Black,male,40‐49,never,somewhat interested
R0559,F083,5,1,high,Asian American,male,40‐49,never,somewhat interested
R0559,F085,4,0,low,White,male,40‐49,never,somewhat interested
R0559,F115,3,1,low,Black,male,40‐49,never,somewhat interested
R0560,F001,4,1,high,Asian American,male,50‐59,never,somewhat interested
R0560,F031,4,1,high,Black,male,50‐59,never,somewhat interested
R0560,F053,3,0,low,Latina,male,50‐59,never,somewhat interested
R0560,F053,4,1,low,Latina,male,50‐59,never,somewhat interested
R0560,F076,3,0,high,Black,male,50‐59,never,somewhat interested
R0560,F105,2,0,low,Asian American,male,50‐59,never,somewhat interested
R0560,F107,3,1,low,White,male,50‐59,never,somewhat interested
R0560,F111,3,0,high,White,male,50‐59,never,somewhat interested
R0561,F018,2,1,low,Asian American,female,40‐49,1-3 days per month,not very interested
R0561,F041,3,1,high,White,female,40‐49,1-3 days per month,not very interested
R0561,F060,2,0,low,Asian American,female,40‐49,1-3 days per month,not very interested
R0561,F069,1,0,low,Black,female,40‐49,1-3 days per month,not very interested
R0561,F078,3,1,low,Latina,female,40‐49,1-3 days per month,not very interested
R0561,F081,3,0,high,White,female,40‐49,1-3 days per month,not very interested
R0561,F092,3,0,high,Latina,female,40‐49,1-3 days per month,not very interested
R0561,F113,2,1,high,Black,female,40‐49,1-3 days per month,not very interested
R0562,F005,4,1,high,White,female,20‐29,1-3 days per month,somewhat interested
R0562,F040,4,1,low,Black,female,20‐29,1-3 days per month,somewhat interested
R0562,F054,2,0,low,Black,female,20‐29,1-3 days per month,somewhat interested
R0562,F067,3,0,high,Asian American,female,20‐29,1-3 days per month,somewhat interested
R0562,F074,2,1,high,Latina,female,20‐29,1-3 days per month,somewhat interested
R0562,F074,3,0,high,Latina,female,20‐29,1-3 days per month,somewhat interested
R0562,F112,3,0,low,White,female,20‐29,1-3 days per month,somewhat interested
R0562,F116,1,1,low,Asian American,female,20‐29,1-3 days per month,somewhat interested
R0563,F009,4,0,low,White,female,30‐39,about once per week,somewhat interested
R0563,F015,3,1,low,Black,female,30‐39,about once per week,somewhat interested
R0563,F029,4,1,low,White,female,30‐39,about once per week,somewhat interested
R0563,F034,5,1,high,Asian American,female,30‐39,about once per week,somewhat interested
R0563,F034,4,0,high,Asian American,female,30‐39,about once per week,somewhat interested
R0563,F056,5,1,high,Latina,female,30‐39,about once per week,somewhat interested
R0563,F076,4,0,high,Black,female,30‐39,about once per week,somewhat interested
R0563,F078,3,0,low,Latina,female,30‐39,about once per week,somewhat interested
R0564,F001,2,0,high,Asian American,male,40‐49,never,not very interested
R0564,F044,3,0,low,White,male,40‐49,never,not very interested
R0564,F048,2,1,low,Black,male,40‐49,never,not very interested
R0564,F051,4,1,high,Asian American,male,40‐49,never,not very interested
R0564,F082,3,0,high,Black,male,40‐49,never,not very interested
R0564,F092,4,1,high,Latina,male,40‐49,never,not very interested
R0564,F093,4,1,low,White,male,40‐49,never,not very interested
R0564,F104,4,0,low,Latina,male,40‐49,never,not very interested
R0565,F005,5,0,high,White,male,40‐49,never,not very interested
R0565,F006,3,1,high,Asian American,male,40‐49,never,not very interested
R0565,F011,4,1,low,Latina,male,40‐49,never,not very interested
R0565,F023,2,0,high,Black,male,40‐49,never,not very interested
R0565,F038,3,0,low,Latina,male,40‐49,never,not very interested
R0565,F076,3,1,high,Black,male,40‐49,never,not very interested
R0565,F090,2,0,low,Asian American,male,40‐49,never,not very interested
R0565,F108,4,1,low,White,male,40‐49,never,not very interested
R0566,F034,5,1,high,Asian American,male,60‐69,never,not very interested
R0566,F038,4,1,low,Latina,male,60‐69,never,not very interested
R0566,F039,5,1,low,White,male,60‐69,never,not very interested
R0566,F060,3,0,low,Asian American,male,60‐69,never,not very interested
R0566,F061,4,0,low,Latina,male,60‐69,never,not very interested
R0566,F071,4,0,high,White,male,60‐69,never,not very interested
R0566,F086,5,0,high,Black,male,60‐69,never,not very interested
R0566,F109,4,1,high,Black,male,60‐69,never,not very interested
R0567,F012,2,1,high,Latina,female,50‐59,a few times per year,somewhat interested
R0567,F068,2,1,high,White,female,50‐59,a few times per year,somewhat interested
R0567,F075,1,0,high,Latina,female,50‐59,a few times per year,somewhat interested
R0567,F083,2,0,high,Asian American,female,50‐59,a few times per year,somewhat interested
R0567,F085,1,0,low,White,female,50‐59,a few times per year,somewhat interested
R0567,F091,2,1,low,Black,female,50‐59,a few times per year,somewhat interested
R0567,F097,2,1,low,Asian American,female,50‐59,a few times per year,somewhat interested
R0567,F115,2,0,low,Black,female,50‐59,a few times per year,somewhat interested
R0568,F001,3,1,high,Asian American,female,40‐49,5+ days per week,somewhat interested
R0568,F007,2,1,low,Black,female,40‐49,5+ days per week,somewhat interested
R0568,F038,2,0,low,Latina,female,40‐49,5+ days per week,somewhat interested
R0568,F067,3,0,high,Asian American,female,40‐49,5+ days per week,somewhat interested
R0568,F075,4,1,high,Latina,female,40‐49,5+ days per week,somewhat interested
R0568,F085,3,1,low,White,female,40‐49,5+ days per week,somewhat interested
R0568,F098,2,0,high,Black,female,40‐49,5+ days per week,somewhat interested
R0568,F112,3,0,low,White,female,40‐49,5+ days per week,somewhat interested
R0569,F008,3,0,high,White,female,40‐49,5+ days per week,somewhat interested
R0569,F018,2,0,low,Asian American,female,40‐49,5+ days per week,somewhat interested
R0569,F047,5,1,high,White,female,40‐49,5+ days per week,somewhat interested
R0569,F056,3,0,high,Latina,female,40‐49,5+ days per week,somewhat interested
R0569,F059,4,1,low,Latina,female,40‐49,5+ days per week,somewhat interested
R0569,F076,3,1,high,Black,female,40‐49,5+ days per week,somewhat interested
R0569,F106,2,0,low,Black,female,40‐49,5+ days per week,somewhat interested
R0569,F116,3,1,low,Asian American,female,40‐49,5+ days per week,somewhat interested
R0570,F006,4,1,high,Asian American,male,40‐49,never,somewhat interested
R0570,F014,4,1,low,White,male,40‐49,never,somewhat interested
R0570,F055,1,0,low,Latina,male,40‐49,never,somewhat interested
R0570,F066,2,1,high,Black,male,40‐49,never,somewhat interested
R0570,F077,1,0,high,Black,male,40‐49,never,somewhat interested
R0570,F080,4,0,high,White,male,40‐49,never,somewhat interested
R0570,F103,3,1,low,Latina,male,40‐49,never,somewhat interested
R0570,F116,2,0,low,Asian American,male,40‐49,never,somewhat interested
R0571,F017,2,0,high,Latina,female,20‐29,5+ days per week,very interested
R0571,F057,1,1,low,Asian American,female,20‐29,5+ days per week,very interested
R0571,F064,2,0,high,White,female,20‐29,5+ days per week,very interested
R0571,F080,4,1,high,White,female,20‐29,5+ days per week,very interested
R0571,F086,2,1,high,Black,female,20‐29,5+ days per week,very interested
R0571,F090,1,0,low,Asian American,female,20‐29,5+ days per week,very interested
R0571,F102,2,0,low,Black,female,20‐29,5+ days per week,very interested
R0571,F104,4,1,low,Latina,female,20‐29,5+ days per week,very interested
R0572,F006,3,1,high,Asian American,male,40‐49,never,somewhat interested
R0572,F006,2,0,high,Asian American,male,40‐49,never,somewhat interested
R0572,F032,3,1,high,Latina,male,40‐49,never,somewhat interested
R0572,F033,4,0,high,Black,male,40‐49,never,somewhat interested
R0572,F055,2,0,low,Latina,male,40‐49,never,somewhat interested
R0572,F073,4,1,low,White,male,40‐49,never,somewhat interested
R0572,F093,4,0,low,White,male,40‐49,never,somewhat interested
R0572,F106,3,1,low,Black,male,40‐49,never,somewhat interested
R0573,F002,1,0,high,Latina,female,40‐49,about once per week,neutral
R0573,F018,3,1,low,Asian American,female,40‐49,about once per week,neutral
R0573,F027,1,0,high,Asian American,female,40‐49,about once per week,neutral
R0573,F044,3,0,low,White,female,40‐49,about once per week,neutral
R0573,F048,3,0,low,Black,female,40‐49,about once per week,neutral
R0573,F070,4,1,low,Black,female,40‐49,about once per week,neutral
R0573,F084,5,1,high,White,female,40‐49,about once per week,neutral
R0573,F092,4,1,high,Latina,female,40‐49,about once per week,neutral
R0574,F020,4,1,low,White,female,20‐29,about once per week,somewhat interested
R0574,F037,3,0,high,Black,female,20‐29,about once per week,somewhat interested
R0574,F038,4,0,low,Latina,female,20‐29,about once per week,somewhat interested
R0574,F055,5,1,low,Latina,female,20‐29,about once per week,somewhat interested
R0574,F065,5,0,high,White,female,20‐29,about once per week,somewhat interested
R0574,F110,6,1,high,Asian American,female,20‐29,about once per week,somewhat interested
R0574,F113,3,1,high,Black,female,20‐29,about once per week,somewhat interested
R0574,F116,2,0,low,Asian American,female,20‐29,about once per week,somewhat interested
R0575,F035,4,1,low,White,female,30‐39,2-4 days per week,neutral
R0575,F059,5,1,low,Latina,female,30‐39,2-4 days per week,neutral
R0575,F062,5,1,high,Black,female,30‐39,2-4 days per week,neutral
R0575,F071,3,0,high,White,female,30‐39,2-4 days per week,neutral
R0575,F083,5,1,high,Asian American,female,30‐39,2-4 days per week,neutral
R0575,F097,4,0,low,Asian American,female,30‐39,2-4 days per week,neutral
R0575,F103,4,0,low,Latina,female,30‐39,2-4 days per week,neutral
R0575,F113,4,0,high,Black,female,30‐39,2-4 days per week,neutral
R0576,F002,2,1,high,Latina,female,60‐69,about once per week,neutral
R0576,F051,4,0,high,Asian American,female,60‐69,about once per week,neutral
R0576,F061,3,0,low,Latina,female,60‐69,about once per week,neutral
R0576,F083,3,1,high,Asian American,female,60‐69,about once per week,neutral
R0576,F099,2,1,low,White,female,60‐69,about once per week,neutral
R0576,F108,2,0,low,White,female,60‐69,about once per week,neutral
R0576,F109,3,0,high,Black,female,60‐69,about once per week,neutral
R0576,F114,2,1,low,Black,female,60‐69,about once per week,neutral
R0577,F008,3,0,high,White,female,30‐39,5+ days per week,very interested
R0577,F021,4,1,low,Latina,female,30‐39,5+ days per week,very interested
R0577,F025,4,0,high,Latina,female,30‐39,5+ days per week,very interested
R0577,F045,4,1,high,White,female,30‐39,5+ days per week,very interested
R0577,F060,3,0,low,Asian American,female,30‐39,5+ days per week,very interested
R0577,F101,3,1,high,Black,female,30‐39,5+ days per week,very interested
R0577,F106,3,0,low,Black,female,30‐39,5+ days per week,very interested
R0577,F116,3,1,low,Asian American,female,30‐39,5+ days per week,very interested
R0578,F001,6,1,high,Asian American,female,30‐39,2-4 days per week,somewhat interested
R0578,F005,6,0,high,White,female,30‐39,2-4 days per week,somewhat interested
R0578,F009,3,1,low,White,female,30‐39,2-4 days per week,somewhat interested
R0578,F033,6,0,high,Black,female,30‐39,2-4 days per week,somewhat interested
R0578,F037,6,1,high,Black,female,30‐39,2-4 days per week,somewhat interested
R0578,F061,5,0,low,Latina,female,30‐39,2-4 days per week,somewhat interested
R0578,F061,5,1,low,Latina,female,30‐39,2-4 days per week,somewhat interested
R0578,F090,4,0,low,Asian American,female,30‐39,2-4 days per week,somewhat interested
R0579,F011,3,1,low,Latina,female,40‐49,5+ days per week,somewhat interested
R0579,F033,4,1,high,Black,female,40‐49,5+ days per week,somewhat interested
R0579,F036,4,0,high,White,female,40‐49,5+ days per week,somewhat interested
R0579,F068,4,1,high,White,female,40‐49,5+ days per week,somewhat interested
R0579,F074,2,0,high,Latina,female,40‐49,5+ days per week,somewhat interested
R0579,F088,2,0,low,Black,female,40‐49,5+ days per week,somewhat interested
R0579,F090,2,1,low,Asian American,female,40‐49,5+ days per week,somewhat interested
R0579,F116,2,0,low,Asian American,female,40‐49,5+ days per week,somewhat interested
R0580,F006,2,0,high,Asian American,male,70 and above,never,not very interested
R0580,F030,3,1,high,Latina,male,70 and above,never,not very interested
R0580,F030,2,0,high,Latina,male,70 and above,never,not very interested
R0580,F047,4,1,high,White,male,70 and above,never,not very interested
R0580,F057,2,1,low,Asian American,male,70 and above,never,not very interested
R0580,F073,2,0,low,White,male,70 and above,never,not very interested
R0580,F088,1,1,low,Black,male,70 and above,never,not very interested
R0580,F106,2,0,low,Black,male,70 and above,never,not very interested
R0581,F002,2,0,high,Latina,female,40‐49,2-4 days per week,somewhat interested
R0581,F018,1,0,low,Asian American,female,40‐49,2-4 days per week,somewhat interested
R0581,F040,1,0,low,Black,female,40‐49,2-4 days per week,somewhat interested
R0581,F047,2,0,high,White,female,40‐49,2-4 days per week,somewhat interested
R0581,F061,4,1,low,Latina,female,40‐49,2-4 days per week,somewhat interested
R0581,F081,4,1,high,White,female,40‐49,2-4 days per week,somewhat interested
R0581,F095,3,1,low,Asian American,female,40‐49,2-4 days per week,somewhat interested
R0581,F100,1,1,high,Black,female,40‐49,2-4 days per week,somewhat interested
R0582,F025,2,1,high,Latina,female,30‐39,about once per week,not very interested
R0582,F056,3,0,high,Latina,female,30‐39,about once per week,not very interested
R0582,F065,2,1,high,White,female,30‐39,about once per week,not very interested
R0582,F079,3,0,low,White,female,30‐39,about once per week,not very interested
R0582,F083,4,0,high,Asian American,female,30‐39,about once per week,not very interested
R0582,F088,2,0,low,Black,female,30‐39,about once per week,not very interested
R0582,F090,1,1,low,Asian American,female,30‐39,about once per week,not very interested
R0582,F102,2,1,low,Black,female,30‐39,about once per week,not very interested
R0583,F019,4,1,low,White,female,30‐39,5+ days per week,somewhat interested
R0583,F034,3,1,high,Asian American,female,30‐39,5+ days per week,somewhat interested
R0583,F062,2,0,high,Black,female,30‐39,5+ days per week,somewhat interested
R0583,F078,4,0,low,Latina,female,30‐39,5+ days per week,somewhat interested
R0583,F083,4,0,high,Asian American,female,30‐39,5+ days per week,somewhat interested
R0583,F089,4,1,high,Latina,female,30‐39,5+ days per week,somewhat interested
R0583,F091,1,1,low,Black,female,30‐39,5+ days per week,somewhat interested
R0583,F099,3,0,low,White,female,30‐39,5+ days per week,somewhat interested
R0584,F021,4,0,low,Latina,female,60‐69,a few times per year,not very interested
R0584,F044,3,1,low,White,female,60‐69,a few times per year,not very interested
R0584,F072,3,1,low,Latina,female,60‐69,a few times per year,not very interested
R0584,F081,4,0,high,White,female,60‐69,a few times per year,not very interested
R0584,F087,4,1,high,Asian American,female,60‐69,a few times per year,not very interested
R0584,F098,4,0,high,Black,female,60‐69,a few times per year,not very interested
R0584,F101,4,1,high,Black,female,60‐69,a few times per year,not very interested
R0584,F105,3,0,low,Asian American,female,60‐69,a few times per year,not very interested
R0585,F004,3,1,low,White,female,50‐59,about once per week,somewhat interested
R0585,F021,3,1,low,Latina,female,50‐59,about once per week,somewhat interested
R0585,F022,3,0,high,Black,female,50‐59,about once per week,somewhat interested
R0585,F033,4,1,high,Black,female,50‐59,about once per week,somewhat interested
R0585,F051,3,1,high,Asian American,female,50‐59,about once per week,somewhat interested
R0585,F059,4,0,low,Latina,female,50‐59,about once per week,somewhat interested
R0585,F064,4,0,high,White,female,50‐59,about once per week,somewhat interested
R0585,F095,3,0,low,Asian American,female,50‐59,about once per week,somewhat interested
R0586,F025,4,0,high,Latina,female,30‐39,2-4 days per week,somewhat interested
R0586,F034,2,0,high,Asian American,female,30‐39,2-4 days per week,somewhat interested
R0586,F035,3,0,low,White,female,30‐39,2-4 days per week,somewhat interested
R0586,F042,4,1,high,White,female,30‐39,2-4 days per week,somewhat interested
R0586,F048,2,0,low,Black,female,30‐39,2-4 days per week,somewhat interested
R0586,F075,3,1,high,Latina,female,30‐39,2-4 days per week,somewhat interested
R0586,F105,2,1,low,Asian American,female,30‐39,2-4 days per week,somewhat interested
R0586,F106,3,1,low,Black,female,30‐39,2-4 days per week,somewhat interested
R0587,F010,4,1,low,Asian American,female,40‐49,5+ days per week,somewhat interested
R0587,F012,5,0,high,Latina,female,40‐49,5+ days per week,somewhat interested
R0587,F057,4,0,low,Asian American,female,40‐49,5+ days per week,somewhat interested
R0587,F064,5,1,high,White,female,40‐49,5+ days per week,somewhat interested
R0587,F066,3,1,high,Black,female,40‐49,5+ days per week,somewhat interested
R0587,F072,4,1,low,Latina,female,40‐49,5+ days per week,somewhat interested
R0587,F094,4,0,high,White,female,40‐49,5+ days per week,somewhat interested
R0587,F115,3,0,low,Black,female,40‐49,5+ days per week,somewhat interested
R0588,F010,3,0,low,Asian American,female,30‐39,5+ days per week,somewhat interested
R0588,F011,4,1,low,Latina,female,30‐39,5+ days per week,somewhat interested
R0588,F047,3,0,high,White,female,30‐39,5+ days per week,somewhat interested
R0588,F062,3,0,high,Black,female,30‐39,5+ days per week,somewhat interested
R0588,F063,4,1,high,Black,female,30‐39,5+ days per week,somewhat interested
R0588,F067,3,1,high,Asian American,female,30‐39,5+ days per week,somewhat interested
R0588,F096,3,1,low,White,female,30‐39,5+ days per week,somewhat interested
R0588,F104,3,0,low,Latina,female,30‐39,5+ days per week,somewhat interested
R0589,F003,5,0,low,White,female,30‐39,5+ days per week,somewhat interested
R0589,F006,4,0,high,Asian American,female,30‐39,5+ days per week,somewhat interested
R0589,F012,5,1,high,Latina,female,30‐39,5+ days per week,somewhat interested
R0589,F015,3,1,low,Black,female,30‐39,5+ days per week,somewhat interested
R0589,F031,3,0,high,Black,female,30‐39,5+ days per week,somewhat interested
R0589,F053,4,0,low,Latina,female,30‐39,5+ days per week,somewhat interested
R0589,F067,4,1,high,Asian American,female,30‐39,5+ days per week,somewhat interested
R0589,F096,3,1,low,White,female,30‐39,5+ days per week,somewhat interested
R0590,F011,2,0,low,Latina,female,40‐49,5+ days per week,somewhat interested
R0590,F017,2,1,high,Latina,female,40‐49,5+ days per week,somewhat interested
R0590,F027,1,1,high,Asian American,female,40‐49,5+ days per week,somewhat interested
R0590,F067,3,0,high,Asian American,female,40‐49,5+ days per week,somewhat interested
R0590,F079,4,0,low,White,female,40‐49,5+ days per week,somewhat interested
R0590,F086,4,0,high,Black,female,40‐49,5+ days per week,somewhat interested
R0590,F088,1,1,low,Black,female,40‐49,5+ days per week,somewhat interested
R0590,F108,4,1,low,White,female,40‐49,5+ days per week,somewhat interested
R0591,F015,1,0,low,Black,female,40‐49,about once per week,somewhat interested
R0591,F018,1,1,low,Asian American,female,40‐49,about once per week,somewhat interested
R0591,F039,3,0,low,White,female,40‐49,about once per week,somewhat interested
R0591,F071,2,1,high,White,female,40‐49,about once per week,somewhat interested
R0591,F089,2,1,high,Latina,female,40‐49,about once per week,somewhat interested
R0591,F091,1,1,low,Black,female,40‐49,about once per week,somewhat interested
R0591,F092,3,0,high,Latina,female,40‐49,about once per week,somewhat interested
R0591,F110,1,0,high,Asian American,female,40‐49,about once per week,somewhat interested
R0592,F012,3,0,high,Latina,female,40‐49,5+ days per week,very interested
R0592,F018,3,1,low,Asian American,female,40‐49,5+ days per week,very interested
R0592,F045,4,0,high,White,female,40‐49,5+ days per week,very interested
R0592,F048,1,0,low,Black,female,40‐49,5+ days per week,very interested
R0592,F072,2,1,low,Latina,female,40‐49,5+ days per week,very interested
R0592,F082,2,1,high,Black,female,40‐49,5+ days per week,very interested
R0592,F090,2,0,low,Asian American,female,40‐49,5+ days per week,very interested
R0592,F111,4,1,high,White,female,40‐49,5+ days per week,very interested
R0593,F011,3,0,low,Latina,female,40‐49,about once per week,very interested
R0593,F034,4,1,high,Asian American,female,40‐49,about once per week,very interested
R0593,F036,5,0,high,White,female,40‐49,about once per week,very interested
R0593,F049,3,0,high,Black,female,40‐49,about once per week,very interested
R0593,F055,4,1,low,Latina,female,40‐49,about once per week,very interested
R0593,F057,2,0,low,Asian American,female,40‐49,about once per week,very interested
R0593,F085,3,1,low,White,female,40‐49,about once per week,very interested
R0593,F100,3,1,high,Black,female,40‐49,about once per week,very interested
R0594,F022,1,1,high,Black,male,40‐49,never,not very interested
R0594,F042,1,0,high,White,male,40‐49,never,not very interested
R0594,F060,2,0,low,Asian American,male,40‐49,never,not very interested
R0594,F063,1,0,high,Black,male,40‐49,never,not very interested
R0594,F072,1,1,low,Latina,male,40‐49,never,not very interested
R0594,F073,1,1,low,White,male,40‐49,never,not very interested
R0594,F078,1,0,low,Latina,male,40‐49,never,not very interested
R0594,F110,1,1,high,Asian American,male,40‐49,never,not very interested
R0595,F021,2,1,low,Latina,female,20‐29,5+ days per week,somewhat interested
R0595,F036,4,1,high,White,female,20‐29,5+ days per week,somewhat interested
R0595,F052,2,0,high,White,female,20‐29,5+ days per week,somewhat interested
R0595,F070,4,0,low,Black,female,20‐29,5+ days per week,somewhat interested
R0595,F074,3,0,high,Latina,female,20‐29,5+ days per week,somewhat interested
R0595,F077,4,1,high,Black,female,20‐29,5+ days per week,somewhat interested
R0595,F095,2,0,low,Asian American,female,20‐29,5+ days per week,somewhat interested
R0595,F097,2,1,low,Asian American,female,20‐29,5+ days per week,somewhat interested
R0596,F019,2,0,low,White,female,40‐49,5+ days per week,somewhat interested
R0596,F024,2,1,low,Black,female,40‐49,5+ days per week,somewhat interested
R0596,F025,1,0,high,Latina,female,40‐49,5+ days per week,somewhat interested
R0596,F050,1,0,low,Black,female,40‐49,5+ days per week,somewhat interested
R0596,F067,4,0,high,Asian American,female,40‐49,5+ days per week,somewhat interested
R0596,F075,3,1,high,Latina,female,40‐49,5+ days per week,somewhat interested
R0596,F080,4,1,high,White,female,40‐49,5+ days per week,somewhat interested
R0596,F095,2,1,low,Asian American,female,40‐49,5+ days per week,somewhat interested
R0597,F030,5,1,high,Latina,female,40‐49,a few times per year,somewhat interested
R0597,F034,3,0,high,Asian American,female,40‐49,a few times per year,somewhat interested
R0597,F035,2,0,low,White,female,40‐49,a few times per year,somewhat interested
R0597,F055,3,0,low,Latina,female,40‐49,a few times per year,somewhat interested
R0597,F066,4,0,high,Black,female,40‐49,a few times per year,somewhat interested
R0597,F087,4,1,high,Asian American,female,40‐49,a few times per year,somewhat interested
R0597,F102,5,1,low,Black,female,40‐49,a few times per year,somewhat interested
R0597,F112,3,1,low,White,female,40‐49,a few times per year,somewhat interested
R0598,F004,3,1,low,White,male,30‐39,never,somewhat interested
R0598,F006,6,1,high,Asian American,male,30‐39,never,somewhat interested
R0598,F020,4,0,low,White,male,30‐39,never,somewhat interested
R0598,F022,3,0,high,Black,male,30‐39,never,somewhat interested
R0598,F025,5,1,high,Latina,male,30‐39,never,somewhat interested
R0598,F027,2,0,high,Asian American,male,30‐39,never,somewhat interested
R0598,F043,5,1,low,Black,male,30‐39,never,somewhat interested
R0598,F103,2,0,low,Latina,male,30‐39,never,somewhat interested
R0599,F010,2,1,low,Asian American,female,30‐39,about once per week,somewhat interested
R0599,F016,3,1,high,White,female,30‐39,about once per week,somewhat interested
R0599,F024,4,0,low,Black,female,30‐39,about once per week,somewhat interested
R0599,F025,4,1,high,Latina,female,30‐39,about once per week,somewhat interested
R0599,F029,3,0,low,White,female,30‐39,about once per week,somewhat interested
R0599,F032,2,0,high,Latina,female,30‐39,about once per week,somewhat interested
R0599,F048,2,1,low,Black,female,30‐39,about once per week,somewhat interested
R0599,F110,2,0,high,Asian American,female,30‐39,about once per week,somewhat interested
R0600,F010,3,1,low,Asian American,female,40‐49,5+ days per week,very interested
R0600,F032,4,0,high,Latina,female,40‐49,5+ days per week,very interested
R0600,F037,4,1,high,Black,female,40‐49,5+ days per week,very interested
R0600,F038,4,1,low,Latina,female,40‐49,5+ days per week,very interested
R0600,F042,4,1,high,White,female,40‐49,5+ days per week,very interested
R0600,F042,3,0,high,White,female,40‐49,5+ days per week,very interested
R0600,F057,3,0,low,Asian American,female,40‐49,5+ days per week,very interested
R0600,F069,3,0,low,Black,female,40‐49,5+ days per week,very interested
R0601,F029,2,1,low,White,male,30‐39,never,not very interested
R0601,F038,2,0,low,Latina,male,30‐39,never,not very interested
R0601,F052,1,0,high,White,male,30‐39,never,not very interested
R0601,F061,1,1,low,Latina,male,30‐39,never,not very interested
R0601,F066,2,1,high,Black,male,30‐39,never,not very interested
R0601,F067,2,1,high,Asian American,male,30‐39,never,not very interested
R0601,F082,1,0,high,Black,male,30‐39,never,not very interested
R0601,F105,2,0,low,Asian American,male,30‐39,never,not very interested
R0602,F006,4,0,high,Asian American,male,40‐49,never,not very interested
R0602,F008,4,1,high,White,male,40‐49,never,not very interested
R0602,F012,4,1,high,Latina,male,40‐49,never,not very interested
R0602,F012,3,0,high,Latina,male,40‐49,never,not very interested
R0602,F013,3,1,low,Black,male,40‐49,never,not very interested
R0602,F044,3,0,low,White,male,40‐49,never,not very interested
R0602,F054,3,0,low,Black,male,40‐49,never,not very interested
R0602,F097,4,1,low,Asian American,male,40‐49,never,not very interested
R0603,F059,3,0,low,Latina,female,40‐49,5+ days per week,somewhat interested
R0603,F067,3,1,high,Asian American,female,40‐49,5+ days per week,somewhat interested
R0603,F069,2,1,low,Black,female,40‐49,5+ days per week,somewhat interested
R0603,F075,4,1,high,Latina,female,40‐49,5+ days per week,somewhat interested
R0603,F100,2,0,high,Black,female,40‐49,5+ days per week,somewhat interested
R0603,F107,3,1,low,White,female,40‐49,5+ days per week,somewhat interested
R0603,F107,3,0,low,White,female,40‐49,5+ days per week,somewhat interested
R0603,F110,3,0,high,Asian American,female,40‐49,5+ days per week,somewhat interested
R0604,F043,2,0,low,Black,male,30‐39,never,not very interested
R0604,F049,2,1,high,Black,male,30‐39,never,not very interested
R0604,F055,4,1,low,Latina,male,30‐39,never,not very interested
R0604,F057,3,1,low,Asian American,male,30‐39,never,not very interested
R0604,F075,4,0,high,Latina,male,30‐39,never,not very interested
R0604,F084,5,1,high,White,male,30‐39,never,not very interested
R0604,F111,4,0,high,White,male,30‐39,never,not very interested
R0604,F116,3,0,low,Asian American,male,30‐39,never,not very interested
R0605,F013,4,0,low,Black,female,20‐29,2-4 days per week,somewhat interested
R0605,F018,3,1,low,Asian American,female,20‐29,2-4 days per week,somewhat interested
R0605,F060,3,0,low,Asian American,female,20‐29,2-4 days per week,somewhat interested
R0605,F065,4,0,high,White,female,20‐29,2-4 days per week,somewhat interested
R0605,F092,4,0,high,Latina,female,20‐29,2-4 days per week,somewhat interested
R0605,F094,3,1,high,White,female,20‐29,2-4 days per week,somewhat interested
R0605,F104,3,1,low,Latina,female,20‐29,2-4 days per week,somewhat interested
R0605,F113,3,1,high,Black,female,20‐29,2-4 days per week,somewhat interested
R0606,F009,2,1,low,White,male,40‐49,never,somewhat interested
R0606,F034,3,1,high,Asian American,male,40‐49,never,somewhat interested
R0606,F057,2,0,low,Asian American,male,40‐49,never,somewhat interested
R0606,F077,2,1,high,Black,male,40‐49,never,somewhat interested
R0606,F078,4,1,low,Latina,male,40‐49,never,somewhat interested
R0606,F094,4,0,high,White,male,40‐49,never,somewhat interested
R0606,F104,4,0,low,Latina,male,40‐49,never,somewhat interested
R0606,F109,3,0,high,Black,male,40‐49,never,somewhat interested
R0607,F014,3,0,low,White,male,50‐59,never,not at all interested
R0607,F017,2,0,high,Latina,male,50‐59,never,not at all interested
R0607,F045,4,1,high,White,male,50‐59,never,not at all interested
R0607,F054,1,1,low,Black,male,50‐59,never,not at all interested
R0607,F057,1,1,low,Asian American,male,50‐59,never,not at all interested
R0607,F087,2,0,high,Asian American,male,50‐59,never,not at all interested
R0607,F089,3,1,high,Latina,male,50‐59,never,not at all interested
R0607,F091,2,0,low,Black,male,50‐59,never,not at all interested
R0608,F003,3,0,low,White,male,30‐39,never,not very interested
R0608,F017,3,1,high,Latina,male,30‐39,never,not very interested
R0608,F027,1,0,high,Asian American,male,30‐39,never,not very interested
R0608,F030,2,0,high,Latina,male,30‐39,never,not very interested
R0608,F043,3,0,low,Black,male,30‐39,never,not very interested
R0608,F046,2,1,low,Black,male,30‐39,never,not very interested
R0608,F052,2,1,high,White,male,30‐39,never,not very interested
R0608,F116,2,1,low,Asian American,male,30‐39,never,not very interested
R0609,F011,2,0,low,Latina,female,50‐59,1-3 days per month,neutral
R0609,F020,4,1,low,White,female,50‐59,1-3 days per month,neutral
R0609,F027,1,1,high,Asian American,female,50‐59,1-3 days per month,neutral
R0609,F033,2,0,high,Black,female,50‐59,1-3 days per month,neutral
R0609,F045,3,0,high,White,female,50‐59,1-3 days per month,neutral
R0609,F063,2,1,high,Black,female,50‐59,1-3 days per month,neutral
R0609,F104,3,1,low,Latina,female,50‐59,1-3 days per month,neutral
R0609,F116,1,0,low,Asian American,female,50‐59,1-3 days per month,neutral
R0610,F019,3,1,low,White,female,20‐29,5+ days per week,very interested
R0610,F021,1,0,low,Latina,female,20‐29,5+ days per week,very interested
R0610,F034,1,1,high,Asian American,female,20‐29,5+ days per week,very interested
R0610,F070,2,1,low,Black,female,20‐29,5+ days per week,very interested
R0610,F079,4,0,low,White,female,20‐29,5+ days per week,very interested
R0610,F082,2,0,high,Black,female,20‐29,5+ days per week,very interested
R0610,F083,2,0,high,Asian American,female,20‐29,5+ days per week,very interested
R0610,F089,2,1,high,Latina,female,20‐29,5+ days per week,very interested
R0611,F020,2,0,low,White,male,30‐39,never,not very interested
R0611,F041,3,1,high,White,male,30‐39,never,not very interested
R0611,F046,2,0,low,Black,male,30‐39,never,not very interested
R0611,F050,1,1,low,Black,male,30‐39,never,not very interested
R0611,F075,2,0,high,Latina,male,30‐39,never,not very interested
R0611,F083,2,0,high,Asian American,male,30‐39,never,not very interested
R0611,F092,3,1,high,Latina,male,30‐39,never,not very interested
R0611,F095,1,1,low,Asian American,male,30‐39,never,not very interested
R0612,F005,6,1,high,White,female,30‐39,2-4 days per week,neutral
R0612,F010,3,0,low,Asian American,female,30‐39,2-4 days per week,neutral
R0612,F017,3,0,high,Latina,female,30‐39,2-4 days per week,neutral
R0612,F041,3,0,high,White,female,30‐39,2-4 days per week,neutral
R0612,F053,3,1,low,Latina,female,30‐39,2-4 days per week,neutral
R0612,F060,5,1,low,Asian American,female,30‐39,2-4 days per week,neutral
R0612,F109,4,1,high,Black,female,30‐39,2-4 days per week,neutral
R0612,F114,4,0,low,Black,female,30‐39,2-4 days per week,neutral
R0613,F001,4,0,high,Asian American,female,30‐39,5+ days per week,very interested
R0613,F035,3,0,low,White,female,30‐39,5+ days per week,very interested
R0613,F037,5,0,high,Black,female,30‐39,5+ days per week,very interested
R0613,F072,4,0,low,Latina,female,30‐39,5+ days per week,very interested
R0613,F073,3,1,low,White,female,30‐39,5+ days per week,very interested
R0613,F074,2,1,high,Latina,female,30‐39,5+ days per week,very interested
R0613,F083,4,1,high,Asian American,female,30‐39,5+ days per week,very interested
R0613,F115,4,1,low,Black,female,30‐39,5+ days per week,very interested
R0614,F006,4,1,high,Asian American,female,40‐49,2-4 days per week,somewhat interested
R0614,F006,4,0,high,Asian American,female,40‐49,2-4 days per week,somewhat interested
R0614,F012,4,1,high,Latina,female,40‐49,2-4 days per week,somewhat interested
R0614,F013,4,1,low,Black,female,40‐49,2-4 days per week,somewhat interested
R0614,F014,4,0,low,White,female,40‐49,2-4 days per week,somewhat interested
R0614,F020,4,1,low,White,female,40‐49,2-4 days per week,somewhat interested
R0614,F038,4,0,low,Latina,female,40‐49,2-4 days per week,somewhat interested
R0614,F076,4,0,high,Black,female,40‐49,2-4 days per week,somewhat interested
R0615,F018,2,0,low,Asian American,female,50‐59,5+ days per week,somewhat interested
R0615,F028,3,0,high,White,female,50‐59,5+ days per week,somewhat interested
R0615,F044,2,1,low,White,female,50‐59,5+ days per week,somewhat interested
R0615,F051,3,1,high,Asian American,female,50‐59,5+ days per week,somewhat interested
R0615,F058,3,1,high,Black,female,50‐59,5+ days per week,somewhat interested
R0615,F059,4,1,low,Latina,female,50‐59,5+ days per week,somewhat interested
R0615,F072,3,0,low,Latina,female,50‐59,5+ days per week,somewhat interested
R0615,F101,4,0,high,Black,female,50‐59,5+ days per week,somewhat interested
R0616,F018,2,1,low,Asian American,male,40‐49,never,somewhat interested
R0616,F019,5,0,low,White,male,40‐49,never,somewhat interested
R0616,F032,4,1,high,Latina,male,40‐49,never,somewhat interested
R0616,F064,2,1,high,White,male,40‐49,never,somewhat interested
R0616,F067,1,0,high,Asian American,male,40‐49,never,somewhat interested
R0616,F069,3,0,low,Black,male,40‐49,never,somewhat interested
R0616,F070,2,1,low,Black,male,40‐49,never,somewhat interested
R0616,F074,2,0,high,Latina,male,40‐49,never,somewhat interested
R0617,F002,3,0,high,Latina,female,40‐49,2-4 days per week,not very interested
R0617,F026,5,0,high,White,female,40‐49,2-4 days per week,not very interested
R0617,F028,5,1,high,White,female,40‐49,2-4 days per week,not very interested
R0617,F054,3,0,low,Black,female,40‐49,2-4 days per week,not very interested
R0617,F061,4,1,low,Latina,female,40‐49,2-4 days per week,not very interested
R0617,F086,4,1,high,Black,female,40‐49,2-4 days per week,not very interested
R0617,F090,3,0,low,Asian American,female,40‐49,2-4 days per week,not very interested
R0617,F095,3,1,low,Asian American,female,40‐49,2-4 days per week,not very interested
R0618,F001,2,1,high,Asian American,female,40‐49,5+ days per week,not very interested
R0618,F002,3,1,high,Latina,female,40‐49,5+ days per week,not very interested
R0618,F003,4,1,low,White,female,40‐49,5+ days per week,not very interested
R0618,F011,4,0,low,Latina,female,40‐49,5+ days per week,not very interested
R0618,F027,3,0,high,Asian American,female,40‐49,5+ days per week,not very interested
R0618,F050,2,1,low,Black,female,40‐49,5+ days per week,not very interested
R0618,F062,3,0,high,Black,female,40‐49,5+ days per week,not very interested
R0618,F112,3,0,low,White,female,40‐49,5+ days per week,not very interested
R0619,F001,4,1,high,Asian American,female,30‐39,never,not at all interested
R0619,F023,3,1,high,Black,female,30‐39,never,not at all interested
R0619,F038,3,0,low,Latina,female,30‐39,never,not at all interested
R0619,F038,4,1,low,Latina,female,30‐39,never,not at all interested
R0619,F073,3,1,low,White,female,30‐39,never,not at all interested
R0619,F084,4,0,high,White,female,30‐39,never,not at all interested
R0619,F090,4,0,low,Asian American,female,30‐39,never,not at all interested
R0619,F113,3,0,high,Black,female,30‐39,never,not at all interested
R0620,F007,3,0,low,Black,male,50‐59,never,not very interested
R0620,F011,4,1,low,Latina,male,50‐59,never,not very interested
R0620,F025,4,0,high,Latina,male,50‐59,never,not very interested
R0620,F052,4,1,high,White,male,50‐59,never,not very interested
R0620,F068,4,0,high,White,male,50‐59,never,not very interested
R0620,F097,2,0,low,Asian American,male,50‐59,never,not very interested
R0620,F101,4,1,high,Black,male,50‐59,never,not very interested
R0620,F116,3,1,low,Asian American,male,50‐59,never,not very interested
R0621,F024,1,1,low,Black,female,60‐69,5+ days per week,somewhat interested
R0621,F032,1,1,high,Latina,female,60‐69,5+ days per week,somewhat interested
R0621,F039,1,1,low,White,female,60‐69,5+ days per week,somewhat interested
R0621,F087,1,0,high,Asian American,female,60‐69,5+ days per week,somewhat interested
R0621,F096,1,0,low,White,female,60‐69,5+ days per week,somewhat interested
R0621,F098,1,0,high,Black,female,60‐69,5+ days per week,somewhat interested
R0621,F104,1,0,low,Latina,female,60‐69,5+ days per week,somewhat interested
R0621,F110,1,1,high,Asian American,female,60‐69,5+ days per week,somewhat interested
R0622,F003,2,1,low,White,male,30‐39,never,not very interested
R0622,F006,3,1,high,Asian American,male,30‐39,never,not very interested
R0622,F037,4,0,high,Black,male,30‐39,never,not very interested
R0622,F041,3,0,high,White,male,30‐39,never,not very interested
R0622,F053,4,0,low,Latina,male,30‐39,never,not very interested
R0622,F060,2,0,low,Asian American,male,30‐39,never,not very interested
R0622,F103,5,1,low,Latina,male,30‐39,never,not very interested
R0622,F113,5,1,high,Black,male,30‐39,never,not very interested
R0623,F008,6,1,high,White,male,40‐49,never,not very interested
R0623,F030,3,0,high,Latina,male,40‐49,never,not very interested
R0623,F081,5,0,high,White,male,40‐49,never,not very interested
R0623,F082,3,1,high,Black,male,40‐49,never,not very interested
R0623,F091,1,0,low,Black,male,40‐49,never,not very interested
R0623,F095,2,0,low,Asian American,male,40‐49,never,not very interested
R0623,F097,3,1,low,Asian American,male,40‐49,never,not very interested
R0623,F103,4,1,low,Latina,male,40‐49,never,not very interested
R0624,F026,3,1,high,White,female,40‐49,2-4 days per week,neutral
R0624,F034,4,0,high,Asian American,female,40‐49,2-4 days per week,neutral
R0624,F040,5,0,low,Black,female,40‐49,2-4 days per week,neutral
R0624,F069,3,1,low,Black,female,40‐49,2-4 days per week,neutral
R0624,F074,3,1,high,Latina,female,40‐49,2-4 days per week,neutral
R0624,F079,4,0,low,White,female,40‐49,2-4 days per week,neutral
R0624,F089,3,0,high,Latina,female,40‐49,2-4 days per week,neutral
R0624,F105,3,1,low,Asian American,female,40‐49,2-4 days per week,neutral
R0625,F002,3,1,high,Latina,female,40‐49,5+ days per week,not very interested
R0625,F002,4,0,high,Latina,female,40‐49,5+ days per week,not very interested
R0625,F035,4,0,low,White,female,40‐49,5+ days per week,not very interested
R0625,F043,2,1,low,Black,female,40‐49,5+ days per week,not very interested
R0625,F051,5,0,high,Asian American,female,40‐49,5+ days per week,not very interested
R0625,F068,4,1,high,White,female,40‐49,5+ days per week,not very interested
R0625,F070,3,0,low,Black,female,40‐49,5+ days per week,not very interested
R0625,F090,4,1,low,Asian American,female,40‐49,5+ days per week,not very interested
R0626,F021,3,1,low,Latina,female,40‐49,5+ days per week,somewhat interested
R0626,F026,4,0,high,White,female,40‐49,5+ days per week,somewhat interested
R0626,F031,3,0,high,Black,female,40‐49,5+ days per week,somewhat interested
R0626,F038,2,0,low,Latina,female,40‐49,5+ days per week,somewhat interested
R0626,F051,3,1,high,Asian American,female,40‐49,5+ days per week,somewhat interested
R0626,F076,2,1,high,Black,female,40‐49,5+ days per week,somewhat interested
R0626,F112,3,1,low,White,female,40‐49,5+ days per week,somewhat interested
R0626,F116,2,0,low,Asian American,female,40‐49,5+ days per week,somewhat interested
R0627,F032,1,1,high,Latina,male,50‐59,never,somewhat interested
R0627,F039,1,0,low,White,male,50‐59,never,somewhat interested
R0627,F051,1,1,high,Asian American,male,50‐59,never,somewhat interested
R0627,F051,1,0,high,Asian American,male,50‐59,never,somewhat interested
R0627,F061,1,0,low,Latina,male,50‐59,never,somewhat interested
R0627,F077,1,0,high,Black,male,50‐59,never,somewhat interested
R0627,F085,1,1,low,White,male,50‐59,never,somewhat interested
R0627,F088,1,1,low,Black,male,50‐59,never,somewhat interested
R0628,F013,2,0,low,Black,female,30‐39,about once per week,not very interested
R0628,F021,2,1,low,Latina,female,30‐39,about once per week,not very interested
R0628,F025,2,0,high,Latina,female,30‐39,about once per week,not very interested
R0628,F041,3,1,high,White,female,30‐39,about once per week,not very interested
R0628,F060,2,1,low,Asian American,female,30‐39,about once per week,not very interested
R0628,F066,2,1,high,Black,female,30‐39,about once per week,not very interested
R0628,F084,3,0,high,White,female,30‐39,about once per week,not very interested
R0628,F097,3,0,low,Asian American,female,30‐39,about once per week,not very interested
R0629,F013,3,1,low,Black,male,50‐59,never,very interested
R0629,F018,4,1,low,Asian American,male,50‐59,never,very interested
R0629,F029,4,0,low,White,male,50‐59,never,very interested
R0629,F030,5,1,high,Latina,male,50‐59,never,very interested
R0629,F032,3,0,high,Latina,male,50‐59,never,very interested
R0629,F051,2,0,high,Asian American,male,50‐59,never,very interested
R0629,F081,5,1,high,White,male,50‐59,never,very interested
R0629,F106,3,0,low,Black,male,50‐59,never,very interested
R0630,F005,2,0,high,White,male,30‐39,1-3 days per month,somewhat interested
R0630,F010,1,0,low,Asian American,male,30‐39,1-3 days per month,somewhat interested
R0630,F021,2,0,low,Latina,male,30‐39,1-3 days per month,somewhat interested
R0630,F049,3,1,high,Black,male,30‐39,1-3 days per month,somewhat interested
R0630,F063,3,0,high,Black,male,30‐39,1-3 days per month,somewhat interested
R0630,F078,4,1,low,Latina,male,30‐39,1-3 days per month,somewhat interested
R0630,F087,2,1,high,Asian American,male,30‐39,1-3 days per month,somewhat interested
R0630,F099,4,1,low,White,male,30‐39,1-3 days per month,somewhat interested
R0631,F002,1,0,high,Latina,female,20‐29,2-4 days per week,somewhat interested
R0631,F034,1,0,high,Asian American,female,20‐29,2-4 days per week,somewhat interested
R0631,F046,1,1,low,Black,female,20‐29,2-4 days per week,somewhat interested
R0631,F048,1,0,low,Black,female,20‐29,2-4 days per week,somewhat interested
R0631,F084,1,1,high,White,female,20‐29,2-4 days per week,somewhat interested
R0631,F092,1,1,high,Latina,female,20‐29,2-4 days per week,somewhat interested
R0631,F097,1,1,low,Asian American,female,20‐29,2-4 days per week,somewhat interested
R0631,F108,1,0,low,White,female,20‐29,2-4 days per week,somewhat interested
R0632,F030,4,1,high,Latina,male,30‐39,never,somewhat interested
R0632,F034,3,1,high,Asian American,male,30‐39,never,somewhat interested
R0632,F044,4,1,low,White,male,30‐39,never,somewhat interested
R0632,F044,4,0,low,White,male,30‐39,never,somewhat interested
R0632,F049,2,0,high,Black,male,30‐39,never,somewhat interested
R0632,F054,2,1,low,Black,male,30‐39,never,somewhat interested
R0632,F078,2,0,low,Latina,male,30‐39,never,somewhat interested
R0632,F083,3,0,high,Asian American,male,30‐39,never,somewhat interested
R0633,F007,4,0,low,Black,female,30‐39,5+ days per week,not very interested
R0633,F032,4,1,high,Latina,female,30‐39,5+ days per week,not very interested
R0633,F036,4,1,high,White,female,30‐39,5+ days per week,not very interested
R0633,F054,3,1,low,Black,female,30‐39,5+ days per week,not very interested
R0633,F067,3,0,high,Asian American,female,30‐39,5+ days per week,not very interested
R0633,F073,3,0,low,White,female,30‐39,5+ days per week,not very interested
R0633,F090,3,1,low,Asian American,female,30‐39,5+ days per week,not very interested
R0633,F092,2,0,high,Latina,female,30‐39,5+ days per week,not very interested
R0634,F034,4,1,high,Asian American,female,40‐49,5+ days per week,somewhat interested
R0634,F055,3,0,low,Latina,female,40‐49,5+ days per week,somewhat interested
R0634,F061,4,1,low,Latina,female,40‐49,5+ days per week,somewhat interested
R0634,F076,4,0,high,Black,female,40‐49,5+ days per week,somewhat interested
R0634,F085,4,1,low,White,female,40‐49,5+ days per week,somewhat interested
R0634,F086,5,1,high,Black,female,40‐49,5+ days per week,somewhat interested
R0634,F097,3,0,low,Asian American,female,40‐49,5+ days per week,somewhat interested
R0634,F111,4,0,high,White,female,40‐49,5+ days per week,somewhat interested
R0635,F050,3,0,low,Black,female,20‐29,2-4 days per week,very interested
R0635,F057,2,0,low,Asian American,female,20‐29,2-4 days per week,very interested
R0635,F071,5,1,high,White,female,20‐29,2-4 days per week,very interested
R0635,F075,4,0,high,Latina,female,20‐29,2-4 days per week,very interested
R0635,F077,4,1,high,Black,female,20‐29,2-4 days per week,very interested
R0635,F078,5,1,low,Latina,female,20‐29,2-4 days per week,very interested
R0635,F090,4,1,low,Asian American,female,20‐29,2-4 days per week,very interested
R0635,F094,4,0,high,White,female,20‐29,2-4 days per week,very interested
R0636,F010,3,1,low,Asian American,female,40‐49,1-3 days per month,somewhat interested
R0636,F015,3,0,low,Black,female,40‐49,1-3 days per month,somewhat interested
R0636,F017,3,0,high,Latina,female,40‐49,1-3 days per month,somewhat interested
R0636,F030,4,1,high,Latina,female,40‐49,1-3 days per month,somewhat interested
R0636,F039,3,0,low,White,female,40‐49,1-3 days per month,somewhat interested
R0636,F048,2,1,low,Black,female,40‐49,1-3 days per month,somewhat interested
R0636,F080,3,1,high,White,female,40‐49,1-3 days per month,somewhat interested
R0636,F083,3,0,high,Asian American,female,40‐49,1-3 days per month,somewhat interested
R0637,F010,2,1,low,Asian American,female,50‐59,never,somewhat interested
R0637,F010,3,0,low,Asian American,female,50‐59,never,somewhat interested
R0637,F032,2,0,high,Latina,female,50‐59,never,somewhat interested
R0637,F037,4,1,high,Black,female,50‐59,never,somewhat interested
R0637,F065,3,0,high,White,female,50‐59,never,somewhat interested
R0637,F070,4,0,low,Black,female,50‐59,never,somewhat interested
R0637,F081,3,1,high,White,female,50‐59,never,somewhat interested
R0637,F104,3,1,low,Latina,female,50‐59,never,somewhat interested
R0638,F011,5,1,low,Latina,female,30‐39,5+ days per week,somewhat interested
R0638,F018,1,0,low,Asian American,female,30‐39,5+ days per week,somewhat interested
R0638,F027,2,1,high,Asian American,female,30‐39,5+ days per week,somewhat interested
R0638,F033,1,1,high,Black,female,30‐39,5+ days per week,somewhat interested
R0638,F045,6,0,high,White,female,30‐39,5+ days per week,somewhat interested
R0638,F078,2,0,low,Latina,female,30‐39,5+ days per week,somewhat interested
R0638,F096,4,1,low,White,female,30‐39,5+ days per week,somewhat interested
R0638,F098,5,0,high,Black,female,30‐39,5+ days per week,somewhat interested
R0639,F001,3,1,high,Asian American,female,40‐49,5+ days per week,somewhat interested
R0639,F037,4,1,high,Black,female,40‐49,5+ days per week,somewhat interested
R0639,F038,2,1,low,Latina,female,40‐49,5+ days per week,somewhat interested
R0639,F039,3,1,low,White,female,40‐49,5+ days per week,somewhat interested
R0639,F059,4,0,low,Latina,female,40‐49,5+ days per week,somewhat interested
R0639,F065,3,0,high,White,female,40‐49,5+ days per week,somewhat interested
R0639,F100,4,0,high,Black,female,40‐49,5+ days per week,somewhat interested
R0639,F105,2,0,low,Asian American,female,40‐49,5+ days per week,somewhat interested
R0640,F002,2,1,high,Latina,male,30‐39,1-3 days per month,very interested
R0640,F004,3,0,low,White,male,30‐39,1-3 days per month,very interested
R0640,F006,4,0,high,Asian American,male,30‐39,1-3 days per month,very interested
R0640,F024,4,1,low,Black,male,30‐39,1-3 days per month,very interested
R0640,F059,5,0,low,Latina,male,30‐39,1-3 days per month,very interested
R0640,F066,2,0,high,Black,male,30‐39,1-3 days per month,very interested
R0640,F099,5,1,low,White,male,30‐39,1-3 days per month,very interested
R0640,F110,5,1,high,Asian American,male,30‐39,1-3 days per month,very interested
R0641,F012,4,0,high,Latina,female,30‐39,5+ days per week,somewhat interested
R0641,F022,4,1,high,Black,female,30‐39,5+ days per week,somewhat interested
R0641,F028,3,1,high,White,female,30‐39,5+ days per week,somewhat interested
R0641,F052,4,0,high,White,female,30‐39,5+ days per week,somewhat interested
R0641,F061,3,1,low,Latina,female,30‐39,5+ days per week,somewhat interested
R0641,F091,4,0,low,Black,female,30‐39,5+ days per week,somewhat interested
R0641,F105,3,0,low,Asian American,female,30‐39,5+ days per week,somewhat interested
R0641,F116,3,1,low,Asian American,female,30‐39,5+ days per week,somewhat interested
R0642,F004,2,0,low,White,male,40‐49,never,neutral
R0642,F012,3,0,high,Latina,male,40‐49,never,neutral
R0642,F069,2,0,low,Black,male,40‐49,never,neutral
R0642,F089,2,1,high,Latina,male,40‐49,never,neutral
R0642,F105,4,1,low,Asian American,male,40‐49,never,neutral
R0642,F110,3,0,high,Asian American,male,40‐49,never,neutral
R0642,F111,4,1,high,White,male,40‐49,never,neutral
R0642,F115,3,1,low,Black,male,40‐49,never,neutral
R0643,F030,3,0,high,Latina,male,50‐59,never,not at all interested
R0643,F042,3,0,high,White,male,50‐59,never,not at all interested
R0643,F048,1,0,low,Black,male,50‐59,never,not at all interested
R0643,F065,4,1,high,White,male,50‐59,never,not at all interested
R0643,F072,3,1,low,Latina,male,50‐59,never,not at all interested
R0643,F090,2,0,low,Asian American,male,50‐59,never,not at all interested
R0643,F097,3,1,low,Asian American,male,50‐59,never,not at all interested
R0643,F098,4,1,high,Black,male,50‐59,never,not at all interested
R0644,F012,2,1,high,Latina,female,30‐39,5+ days per week,somewhat interested
R0644,F027,2,0,high,Asian American,female,30‐39,5+ days per week,somewhat interested
R0644,F035,4,1,low,White,female,30‐39,5+ days per week,somewhat interested
R0644,F051,4,1,high,Asian American,female,30‐39,5+ days per week,somewhat interested
R0644,F053,3,0,low,Latina,female,30‐39,5+ days per week,somewhat interested
R0644,F058,3,0,high,Black,female,30‐39,5+ days per week,somewhat interested
R0644,F085,3,0,low,White,female,30‐39,5+ days per week,somewhat interested
R0644,F114,4,1,low,Black,female,30‐39,5+ days per week,somewhat interested
R0645,F001,1,0,high,Asian American,female,20‐29,5+ days per week,very interested
R0645,F002,5,1,high,Latina,female,20‐29,5+ days per week,very interested
R0645,F056,4,0,high,Latina,female,20‐29,5+ days per week,very interested
R0645,F057,3,1,low,Asian American,female,20‐29,5+ days per week,very interested
R0645,F069,2,1,low,Black,female,20‐29,5+ days per week,very interested
R0645,F091,1,0,low,Black,female,20‐29,5+ days per week,very interested
R0645,F094,6,1,high,White,female,20‐29,5+ days per week,very interested
R0645,F099,3,0,low,White,female,20‐29,5+ days per week,very interested
R0646,F014,3,1,low,White,male,50‐59,never,not very interested
R0646,F015,1,1,low,Black,male,50‐59,never,not very interested
R0646,F021,2,0,low,Latina,male,50‐59,never,not very interested
R0646,F056,3,1,high,Latina,male,50‐59,never,not very interested
R0646,F083,4,1,high,Asian American,male,50‐59,never,not very interested
R0646,F108,4,0,low,White,male,50‐59,never,not very interested
R0646,F109,2,0,high,Black,male,50‐59,never,not very interested
R0646,F110,4,0,high,Asian American,male,50‐59,never,not very interested
R0647,F033,3,1,high,Black,female,30‐39,5+ days per week,somewhat interested
R0647,F059,3,1,low,Latina,female,30‐39,5+ days per week,somewhat interested
R0647,F060,3,0,low,Asian American,female,30‐39,5+ days per week,somewhat interested
R0647,F071,4,0,high,White,female,30‐39,5+ days per week,somewhat interested
R0647,F084,4,1,high,White,female,30‐39,5+ days per week,somewhat interested
R0647,F092,4,0,high,Latina,female,30‐39,5+ days per week,somewhat interested
R0647,F095,4,1,low,Asian American,female,30‐39,5+ days per week,somewhat interested
R0647,F114,3,0,low,Black,female,30‐39,5+ days per week,somewhat interested
R0648,F022,3,0,high,Black,female,30‐39,5+ days per week,somewhat interested
R0648,F022,3,1,high,Black,female,30‐39,5+ days per week,somewhat interested
R0648,F059,4,1,low,Latina,female,30‐39,5+ days per week,somewhat interested
R0648,F068,3,0,high,White,female,30‐39,5+ days per week,somewhat interested
R0648,F079,5,1,low,White,female,30‐39,5+ days per week,somewhat interested
R0648,F095,2,0,low,Asian American,female,30‐39,5+ days per week,somewhat interested
R0648,F103,4,0,low,Latina,female,30‐39,5+ days per week,somewhat interested
R0648,F110,3,1,high,Asian American,female,30‐39,5+ days per week,somewhat interested
R0649,F043,3,1,low,Black,male,30‐39,never,not at all interested
R0649,F045,4,1,high,White,male,30‐39,never,not at all interested
R0649,F050,4,0,low,Black,male,30‐39,never,not at all interested
R0649,F056,4,1,high,Latina,male,30‐39,never,not at all interested
R0649,F060,3,1,low,Asian American,male,30‐39,never,not at all interested
R0649,F074,3,0,high,Latina,male,30‐39,never,not at all interested
R0649,F085,4,0,low,White,male,30‐39,never,not at all interested
R0649,F087,2,0,high,Asian American,male,30‐39,never,not at all interested
R0650,F036,2,0,high,White,female,30‐39,5+ days per week,very interested
R0650,F055,2,1,low,Latina,female,30‐39,5+ days per week,very interested
R0650,F057,1,0,low,Asian American,female,30‐39,5+ days per week,very interested
R0650,F059,1,0,low,Latina,female,30‐39,5+ days per week,very interested
R0650,F067,2,1,high,Asian American,female,30‐39,5+ days per week,very interested
R0650,F086,3,0,high,Black,female,30‐39,5+ days per week,very interested
R0650,F107,1,1,low,White,female,30‐39,5+ days per week,very interested
R0650,F109,3,1,high,Black,female,30‐39,5+ days per week,very interested
R0651,F017,2,0,high,Latina,female,50‐59,5+ days per week,not very interested
R0651,F018,2,1,low,Asian American,female,50‐59,5+ days per week,not very interested
R0651,F018,2,0,low,Asian American,female,50‐59,5+ days per week,not very interested
R0651,F038,3,1,low,Latina,female,50‐59,5+ days per week,not very interested
R0651,F063,3,1,high,Black,female,50‐59,5+ days per week,not very interested
R0651,F064,4,0,high,White,female,50‐59,5+ days per week,not very interested
R0651,F080,4,1,high,White,female,50‐59,5+ days per week,not very interested
R0651,F106,2,0,low,Black,female,50‐59,5+ days per week,not very interested
R0652,F001,2,1,high,Asian American,female,60‐69,a few times per year,not very interested
R0652,F009,2,0,low,White,female,60‐69,a few times per year,not very interested
R0652,F017,4,1,high,Latina,female,60‐69,a few times per year,not very interested
R0652,F067,4,0,high,Asian American,female,60‐69,a few times per year,not very interested
R0652,F070,3,1,low,Black,female,60‐69,a few times per year,not very interested
R0652,F101,4,0,high,Black,female,60‐69,a few times per year,not very interested
R0652,F104,3,0,low,Latina,female,60‐69,a few times per year,not very interested
R0652,F107,2,1,low,White,female,60‐69,a few times per year,not very interested
R0653,F031,4,1,high,Black,female,30‐39,5+ days per week,somewhat interested
R0653,F041,2,0,high,White,female,30‐39,5+ days per week,somewhat interested
R0653,F043,2,0,low,Black,female,30‐39,5+ days per week,somewhat interested
R0653,F055,3,1,low,Latina,female,30‐39,5+ days per week,somewhat interested
R0653,F056,3,0,high,Latina,female,30‐39,5+ days per week,somewhat interested
R0653,F105,2,1,low,Asian American,female,30‐39,5+ days per week,somewhat interested
R0653,F111,4,1,high,White,female,30‐39,5+ days per week,somewhat interested
R0653,F116,3,0,low,Asian American,female,30‐39,5+ days per week,somewhat interested
R0654,F006,3,1,high,Asian American,female,30‐39,5+ days per week,not very interested
R0654,F053,5,0,low,Latina,female,30‐39,5+ days per week,not very interested
R0654,F058,4,0,high,Black,female,30‐39,5+ days per week,not very interested
R0654,F060,4,0,low,Asian American,female,30‐39,5+ days per week,not very interested
R0654,F071,5,0,high,White,female,30‐39,5+ days per week,not very interested
R0654,F082,5,1,high,Black,female,30‐39,5+ days per week,not very interested
R0654,F093,2,1,low,White,female,30‐39,5+ days per week,not very interested
R0654,F104,3,1,low,Latina,female,30‐39,5+ days per week,not very interested
R0655,F007,5,1,low,Black,female,40‐49,2-4 days per week,neutral
R0655,F025,4,1,high,Latina,female,40‐49,2-4 days per week,neutral
R0655,F027,3,0,high,Asian American,female,40‐49,2-4 days per week,neutral
R0655,F030,5,0,high,Latina,female,40‐49,2-4 days per week,neutral
R0655,F043,4,0,low,Black,female,40‐49,2-4 days per week,neutral
R0655,F068,2,1,high,White,female,40‐49,2-4 days per week,neutral
R0655,F095,3,1,low,Asian American,female,40‐49,2-4 days per week,neutral
R0655,F112,3,0,low,White,female,40‐49,2-4 days per week,neutral
R0656,F009,4,1,low,White,female,20‐29,about once per week,neutral
R0656,F020,4,0,low,White,female,20‐29,about once per week,neutral
R0656,F051,4,0,high,Asian American,female,20‐29,about once per week,neutral
R0656,F061,4,0,low,Latina,female,20‐29,about once per week,neutral
R0656,F063,4,0,high,Black,female,20‐29,about once per week,neutral
R0656,F069,4,1,low,Black,female,20‐29,about once per week,neutral
R0656,F075,4,1,high,Latina,female,20‐29,about once per week,neutral
R0656,F087,4,1,high,Asian American,female,20‐29,about once per week,neutral
R0657,F001,3,1,high,Asian American,male,40‐49,a few times per year,not very interested
R0657,F019,4,1,low,White,male,40‐49,a few times per year,not very interested
R0657,F055,3,0,low,Latina,male,40‐49,a few times per year,not very interested
R0657,F057,2,0,low,Asian American,male,40‐49,a few times per year,not very interested
R0657,F062,3,1,high,Black,male,40‐49,a few times per year,not very interested
R0657,F077,2,0,high,Black,male,40‐49,a few times per year,not very interested
R0657,F080,3,0,high,White,male,40‐49,a few times per year,not very interested
R0657,F103,2,1,low,Latina,male,40‐49,a few times per year,not very interested
R0658,F010,3,1,low,Asian American,female,40‐49,2-4 days per week,neutral
R0658,F018,1,0,low,Asian American,female,40‐49,2-4 days per week,neutral
R0658,F047,5,1,high,White,female,40‐49,2-4 days per week,neutral
R0658,F054,2,0,low,Black,female,40‐49,2-4 days per week,neutral
R0658,F068,2,0,high,White,female,40‐49,2-4 days per week,neutral
R0658,F074,4,0,high,Latina,female,40‐49,2-4 days per week,neutral
R0658,F100,2,1,high,Black,female,40‐49,2-4 days per week,neutral
R0658,F103,4,1,low,Latina,female,40‐49,2-4 days per week,neutral
R0659,F010,4,1,low,Asian American,female,30‐39,1-3 days per month,not very interested
R0659,F017,5,1,high,Latina,female,30‐39,1-3 days per month,not very interested
R0659,F034,5,0,high,Asian American,female,30‐39,1-3 days per month,not very interested
R0659,F081,5,1,high,White,female,30‐39,1-3 days per month,not very interested
R0659,F088,3,1,low,Black,female,30‐39,1-3 days per month,not very interested
R0659,F089,5,0,high,Latina,female,30‐39,1-3 days per month,not very interested
R0659,F096,4,0,low,White,female,30‐39,1-3 days per month,not very interested
R0659,F114,5,0,low,Black,female,30‐39,1-3 days per month,not very interested
R0660,F051,4,1,high,Asian American,female,30‐39,2-4 days per week,very interested
R0660,F055,4,1,low,Latina,female,30‐39,2-4 days per week,very interested
R0660,F060,3,0,low,Asian American,female,30‐39,2-4 days per week,very interested
R0660,F072,4,0,low,Latina,female,30‐39,2-4 days per week,very interested
R0660,F076,6,0,high,Black,female,30‐39,2-4 days per week,very interested
R0660,F082,5,1,high,Black,female,30‐39,2-4 days per week,very interested
R0660,F084,6,0,high,White,female,30‐39,2-4 days per week,very interested
R0660,F107,4,1,low,White,female,30‐39,2-4 days per week,very interested
R0661,F025,3,1,high,Latina,female,50‐59,2-4 days per week,not very interested
R0661,F027,4,0,high,Asian American,female,50‐59,2-4 days per week,not very interested
R0661,F043,2,1,low,Black,female,50‐59,2-4 days per week,not very interested
R0661,F051,3,1,high,Asian American,female,50‐59,2-4 days per week,not very interested
R0661,F072,2,0,low,Latina,female,50‐59,2-4 days per week,not very interested
R0661,F086,4,0,high,Black,female,50‐59,2-4 days per week,not very interested
R0661,F093,2,0,low,White,female,50‐59,2-4 days per week,not very interested
R0661,F096,3,1,low,White,female,50‐59,2-4 days per week,not very interested
R0662,F005,3,1,high,White,female,30‐39,5+ days per week,not very interested
R0662,F010,4,0,low,Asian American,female,30‐39,5+ days per week,not very interested
R0662,F016,3,0,high,White,female,30‐39,5+ days per week,not very interested
R0662,F030,4,0,high,Latina,female,30‐39,5+ days per week,not very interested
R0662,F055,3,1,low,Latina,female,30‐39,5+ days per week,not very interested
R0662,F090,3,1,low,Asian American,female,30‐39,5+ days per week,not very interested
R0662,F109,3,1,high,Black,female,30‐39,5+ days per week,not very interested
R0662,F115,2,0,low,Black,female,30‐39,5+ days per week,not very interested
R0663,F030,4,0,high,Latina,female,50‐59,5+ days per week,somewhat interested
R0663,F035,5,0,low,White,female,50‐59,5+ days per week,somewhat interested
R0663,F070,6,1,low,Black,female,50‐59,5+ days per week,somewhat interested
R0663,F071,4,1,high,White,female,50‐59,5+ days per week,somewhat interested
R0663,F075,5,1,high,Latina,female,50‐59,5+ days per week,somewhat interested
R0663,F083,5,0,high,Asian American,female,50‐59,5+ days per week,somewhat interested
R0663,F088,3,0,low,Black,female,50‐59,5+ days per week,somewhat interested
R0663,F116,5,1,low,Asian American,female,50‐59,5+ days per week,somewhat interested
R0664,F003,4,0,low,White,male,40‐49,never,not very interested
R0664,F012,4,1,high,Latina,male,40‐49,never,not very interested
R0664,F029,4,1,low,White,male,40‐49,never,not very interested
R0664,F033,3,0,high,Black,male,40‐49,never,not very interested
R0664,F034,3,0,high,Asian American,male,40‐49,never,not very interested
R0664,F055,2,0,low,Latina,male,40‐49,never,not very interested
R0664,F110,3,1,high,Asian American,male,40‐49,never,not very interested
R0664,F115,3,1,low,Black,male,40‐49,never,not very interested
R0665,F008,3,0,high,White,female,20‐29,5+ days per week,very interested
R0665,F009,3,1,low,White,female,20‐29,5+ days per week,very interested
R0665,F021,1,0,low,Latina,female,20‐29,5+ days per week,very interested
R0665,F023,1,1,high,Black,female,20‐29,5+ days per week,very interested
R0665,F027,2,1,high,Asian American,female,20‐29,5+ days per week,very interested
R0665,F053,2,1,low,Latina,female,20‐29,5+ days per week,very interested
R0665,F100,2,0,high,Black,female,20‐29,5+ days per week,very interested
R0665,F116,2,0,low,Asian American,female,20‐29,5+ days per week,very interested
R0666,F015,2,0,low,Black,male,40‐49,never,not at all interested
R0666,F016,3,1,high,White,male,40‐49,never,not at all interested
R0666,F045,3,0,high,White,male,40‐49,never,not at all interested
R0666,F060,1,0,low,Asian American,male,40‐49,never,not at all interested
R0666,F061,3,1,low,Latina,male,40‐49,never,not at all interested
R0666,F074,2,0,high,Latina,male,40‐49,never,not at all interested
R0666,F086,1,1,high,Black,male,40‐49,never,not at all interested
R0666,F097,2,1,low,Asian American,male,40‐49,never,not at all interested
R0667,F016,3,0,high,White,female,20‐29,2-4 days per week,somewhat interested
R0667,F067,2,1,high,Asian American,female,20‐29,2-4 days per week,somewhat interested
R0667,F072,3,1,low,Latina,female,20‐29,2-4 days per week,somewhat interested
R0667,F077,4,0,high,Black,female,20‐29,2-4 days per week,somewhat interested
R0667,F093,4,1,low,White,female,20‐29,2-4 days per week,somewhat interested
R0667,F095,2,0,low,Asian American,female,20‐29,2-4 days per week,somewhat interested
R0667,F101,1,1,high,Black,female,20‐29,2-4 days per week,somewhat interested
R0667,F104,5,0,low,Latina,female,20‐29,2-4 days per week,somewhat interested
R0668,F006,3,1,high,Asian American,female,50‐59,never,not very interested
R0668,F006,4,0,high,Asian American,female,50‐59,never,not very interested
R0668,F009,4,0,low,White,female,50‐59,never,not very interested
R0668,F035,3,1,low,White,female,50‐59,never,not very interested
R0668,F040,3,1,low,Black,female,50‐59,never,not very interested
R0668,F072,4,0,low,Latina,female,50‐59,never,not very interested
R0668,F074,3,1,high,Latina,female,50‐59,never,not very interested
R0668,F082,3,0,high,Black,female,50‐59,never,not very interested
R0669,F005,5,1,high,White,female,50‐59,1-3 days per month,not very interested
R0669,F051,4,0,high,Asian American,female,50‐59,1-3 days per month,not very interested
R0669,F054,3,0,low,Black,female,50‐59,1-3 days per month,not very interested
R0669,F075,5,1,high,Latina,female,50‐59,1-3 days per month,not very interested
R0669,F089,5,0,high,Latina,female,50‐59,1-3 days per month,not very interested
R0669,F091,4,1,low,Black,female,50‐59,1-3 days per month,not very interested
R0669,F097,4,1,low,Asian American,female,50‐59,1-3 days per month,not very interested
R0669,F112,3,0,low,White,female,50‐59,1-3 days per month,not very interested
R0670,F008,4,0,high,White,female,30‐39,2-4 days per week,neutral
R0670,F017,2,0,high,Latina,female,30‐39,2-4 days per week,neutral
R0670,F037,4,1,high,Black,female,30‐39,2-4 days per week,neutral
R0670,F040,2,0,low,Black,female,30‐39,2-4 days per week,neutral
R0670,F053,3,1,low,Latina,female,30‐39,2-4 days per week,neutral
R0670,F057,1,1,low,Asian American,female,30‐39,2-4 days per week,neutral
R0670,F094,3,1,high,White,female,30‐39,2-4 days per week,neutral
R0670,F116,4,0,low,Asian American,female,30‐39,2-4 days per week,neutral
R0671,F006,4,0,high,Asian American,male,60‐69,a few times per year,neutral
R0671,F032,3,1,high,Latina,male,60‐69,a few times per year,neutral
R0671,F046,4,0,low,Black,male,60‐69,a few times per year,neutral
R0671,F050,4,1,low,Black,male,60‐69,a few times per year,neutral
R0671,F057,3,1,low,Asian American,male,60‐69,a few times per year,neutral
R0671,F065,4,1,high,White,male,60‐69,a few times per year,neutral
R0671,F092,4,0,high,Latina,male,60‐69,a few times per year,neutral
R0671,F108,4,0,low,White,male,60‐69,a few times per year,neutral
R0672,F007,2,0,low,Black,female,20‐29,5+ days per week,somewhat interested
R0672,F008,4,1,high,White,female,20‐29,5+ days per week,somewhat interested
R0672,F060,3,1,low,Asian American,female,20‐29,5+ days per week,somewhat interested
R0672,F066,2,1,high,Black,female,20‐29,5+ days per week,somewhat interested
R0672,F078,4,1,low,Latina,female,20‐29,5+ days per week,somewhat interested
R0672,F080,4,0,high,White,female,20‐29,5+ days per week,somewhat interested
R0672,F092,4,0,high,Latina,female,20‐29,5+ days per week,somewhat interested
R0672,F097,3,0,low,Asian American,female,20‐29,5+ days per week,somewhat interested
R0673,F002,3,1,high,Latina,female,50‐59,never,not very interested
R0673,F002,2,0,high,Latina,female,50‐59,never,not very interested
R0673,F028,3,1,high,White,female,50‐59,never,not very interested
R0673,F067,4,0,high,Asian American,female,50‐59,never,not very interested
R0673,F070,2,0,low,Black,female,50‐59,never,not very interested
R0673,F073,2,0,low,White,female,50‐59,never,not very interested
R0673,F095,3,1,low,Asian American,female,50‐59,never,not very interested
R0673,F106,3,1,low,Black,female,50‐59,never,not very interested
R0674,F010,2,0,low,Asian American,female,40‐49,5+ days per week,not very interested
R0674,F038,2,0,low,Latina,female,40‐49,5+ days per week,not very interested
R0674,F047,3,0,high,White,female,40‐49,5+ days per week,not very interested
R0674,F066,4,0,high,Black,female,40‐49,5+ days per week,not very interested
R0674,F078,3,1,low,Latina,female,40‐49,5+ days per week,not very interested
R0674,F086,3,1,high,Black,female,40‐49,5+ days per week,not very interested
R0674,F087,3,1,high,Asian American,female,40‐49,5+ days per week,not very interested
R0674,F108,4,1,low,White,female,40‐49,5+ days per week,not very interested
R0675,F030,1,1,high,Latina,male,50‐59,never,not at all interested
R0675,F034,2,1,high,Asian American,male,50‐59,never,not at all interested
R0675,F035,3,0,low,White,male,50‐59,never,not at all interested
R0675,F048,1,1,low,Black,male,50‐59,never,not at all interested
R0675,F061,1,0,low,Latina,male,50‐59,never,not at all interested
R0675,F087,1,0,high,Asian American,male,50‐59,never,not at all interested
R0675,F098,1,0,high,Black,male,50‐59,never,not at all interested
R0675,F112,1,1,low,White,male,50‐59,never,not at all interested
R0676,F018,1,0,low,Asian American,female,30‐39,5+ days per week,very interested
R0676,F028,2,0,high,White,female,30‐39,5+ days per week,very interested
R0676,F033,4,1,high,Black,female,30‐39,5+ days per week,very interested
R0676,F034,2,1,high,Asian American,female,30‐39,5+ days per week,very interested
R0676,F078,2,0,low,Latina,female,30‐39,5+ days per week,very interested
R0676,F096,2,1,low,White,female,30‐39,5+ days per week,very interested
R0676,F101,3,0,high,Black,female,30‐39,5+ days per week,very interested
R0676,F104,4,1,low,Latina,female,30‐39,5+ days per week,very interested
R0677,F044,2,1,low,White,female,40‐49,5+ days per week,very interested
R0677,F055,3,0,low,Latina,female,40‐49,5+ days per week,very interested
R0677,F058,3,0,high,Black,female,40‐49,5+ days per week,very interested
R0677,F061,3,1,low,Latina,female,40‐49,5+ days per week,very interested
R0677,F077,2,1,high,Black,female,40‐49,5+ days per week,very interested
R0677,F094,3,0,high,White,female,40‐49,5+ days per week,very interested
R0677,F097,2,0,low,Asian American,female,40‐49,5+ days per week,very interested
R0677,F110,3,1,high,Asian American,female,40‐49,5+ days per week,very interested
R0678,F025,2,1,high,Latina,female,50‐59,a few times per year,neutral
R0678,F059,3,0,low,Latina,female,50‐59,a few times per year,neutral
R0678,F067,4,1,high,Asian American,female,50‐59,a few times per year,neutral
R0678,F067,4,0,high,Asian American,female,50‐59,a few times per year,neutral
R0678,F099,2,1,low,White,female,50‐59,a few times per year,neutral
R0678,F100,2,0,high,Black,female,50‐59,a few times per year,neutral
R0678,F102,2,1,low,Black,female,50‐59,a few times per year,neutral
R0678,F112,3,0,low,White,female,50‐59,a few times per year,neutral
R0679,F023,1,0,high,Black,male,50‐59,never,not very interested
R0679,F029,2,1,low,White,male,50‐59,never,not very interested
R0679,F041,2,0,high,White,male,50‐59,never,not very interested
R0679,F059,2,1,low,Latina,male,50‐59,never,not very interested
R0679,F087,2,1,high,Asian American,male,50‐59,never,not very interested
R0679,F097,1,0,low,Asian American,male,50‐59,never,not very interested
R0679,F103,2,0,low,Latina,male,50‐59,never,not very interested
R0679,F113,2,1,high,Black,male,50‐59,never,not very interested
R0680,F014,3,0,low,White,female,50‐59,5+ days per week,somewhat interested
R0680,F017,3,0,high,Latina,female,50‐59,5+ days per week,somewhat interested
R0680,F018,3,1,low,Asian American,female,50‐59,5+ days per week,somewhat interested
R0680,F024,3,1,low,Black,female,50‐59,5+ days per week,somewhat interested
R0680,F036,4,1,high,White,female,50‐59,5+ days per week,somewhat interested
R0680,F043,3,0,low,Black,female,50‐59,5+ days per week,somewhat interested
R0680,F087,3,0,high,Asian American,female,50‐59,5+ days per week,somewhat interested
R0680,F092,4,1,high,Latina,female,50‐59,5+ days per week,somewhat interested
R0681,F018,4,0,low,Asian American,female,60‐69,2-4 days per week,not very interested
R0681,F032,2,0,high,Latina,female,60‐69,2-4 days per week,not very interested
R0681,F042,3,1,high,White,female,60‐69,2-4 days per week,not very interested
R0681,F047,4,0,high,White,female,60‐69,2-4 days per week,not very interested
R0681,F063,4,1,high,Black,female,60‐69,2-4 days per week,not very interested
R0681,F097,4,1,low,Asian American,female,60‐69,2-4 days per week,not very interested
R0681,F103,3,1,low,Latina,female,60‐69,2-4 days per week,not very interested
R0681,F114,4,0,low,Black,female,60‐69,2-4 days per week,not very interested
R0682,F009,3,1,low,White,female,30‐39,a few times per year,somewhat interested
R0682,F017,3,1,high,Latina,female,30‐39,a few times per year,somewhat interested
R0682,F029,4,0,low,White,female,30‐39,a few times per year,somewhat interested
R0682,F069,2,1,low,Black,female,30‐39,a few times per year,somewhat interested
R0682,F083,3,1,high,Asian American,female,30‐39,a few times per year,somewhat interested
R0682,F083,4,0,high,Asian American,female,30‐39,a few times per year,somewhat interested
R0682,F086,5,0,high,Black,female,30‐39,a few times per year,somewhat interested
R0682,F104,3,0,low,Latina,female,30‐39,a few times per year,somewhat interested
R0683,F046,3,0,low,Black,male,30‐39,never,not very interested
R0683,F068,4,1,high,White,male,30‐39,never,not very interested
R0683,F089,4,0,high,Latina,male,30‐39,never,not very interested
R0683,F097,3,0,low,Asian American,male,30‐39,never,not very interested
R0683,F104,4,1,low,Latina,male,30‐39,never,not very interested
R0683,F105,4,1,low,Asian American,male,30‐39,never,not very interested
R0683,F111,4,0,high,White,male,30‐39,never,not very interested
R0683,F113,3,1,high,Black,male,30‐39,never,not very interested
R0684,F019,4,1,low,White,female,20‐29,about once per week,not very interested
R0684,F034,3,1,high,Asian American,female,20‐29,about once per week,not very interested
R0684,F038,4,0,low,Latina,female,20‐29,about once per week,not very interested
R0684,F062,4,0,high,Black,female,20‐29,about once per week,not very interested
R0684,F063,3,1,high,Black,female,20‐29,about once per week,not very interested
R0684,F064,4,0,high,White,female,20‐29,about once per week,not very interested
R0684,F103,4,1,low,Latina,female,20‐29,about once per week,not very interested
R0684,F105,3,0,low,Asian American,female,20‐29,about once per week,not very interested
R0685,F013,1,1,low,Black,male,50‐59,never,not very interested
R0685,F026,3,1,high,White,male,50‐59,never,not very interested
R0685,F029,2,0,low,White,male,50‐59,never,not very interested
R0685,F050,2,0,low,Black,male,50‐59,never,not very interested
R0685,F060,1,1,low,Asian American,male,50‐59,never,not very interested
R0685,F074,2,1,high,Latina,male,50‐59,never,not very interested
R0685,F075,2,0,high,Latina,male,50‐59,never,not very interested
R0685,F110,1,0,high,Asian American,male,50‐59,never,not very interested
R0686,F051,1,1,high,Asian American,female,40‐49,2-4 days per week,neutral
R0686,F056,3,1,high,Latina,female,40‐49,2-4 days per week,neutral
R0686,F070,2,1,low,Black,female,40‐49,2-4 days per week,neutral
R0686,F078,3,0,low,Latina,female,40‐49,2-4 days per week,neutral
R0686,F085,3,1,low,White,female,40‐49,2-4 days per week,neutral
R0686,F093,4,0,low,White,female,40‐49,2-4 days per week,neutral
R0686,F110,4,0,high,Asian American,female,40‐49,2-4 days per week,neutral
R0686,F113,2,0,high,Black,female,40‐49,2-4 days per week,neutral
R0687,F006,2,1,high,Asian American,female,50‐59,5+ days per week,very interested
R0687,F011,5,0,low,Latina,female,50‐59,5+ days per week,very interested
R0687,F021,2,1,low,Latina,female,50‐59,5+ days per week,very interested
R0687,F031,4,0,high,Black,female,50‐59,5+ days per week,very interested
R0687,F042,3,0,high,White,female,50‐59,5+ days per week,very interested
R0687,F060,2,0,low,Asian American,female,50‐59,5+ days per week,very interested
R0687,F076,2,1,high,Black,female,50‐59,5+ days per week,very interested
R0687,F079,4,1,low,White,female,50‐59,5+ days per week,very interested
R0688,F036,5,0,high,White,female,40‐49,5+ days per week,very interested
R0688,F057,4,1,low,Asian American,female,40‐49,5+ days per week,very interested
R0688,F059,1,1,low,Latina,female,40‐49,5+ days per week,very interested
R0688,F064,4,1,high,White,female,40‐49,5+ days per week,very interested
R0688,F069,1,0,low,Black,female,40‐49,5+ days per week,very interested
R0688,F075,1,0,high,Latina,female,40‐49,5+ days per week,very interested
R0688,F100,2,1,high,Black,female,40‐49,5+ days per week,very interested
R0688,F105,1,0,low,Asian American,female,40‐49,5+ days per week,very interested
R0689,F008,3,1,high,White,female,50‐59,5+ days per week,somewhat interested
R0689,F020,3,0,low,White,female,50‐59,5+ days per week,somewhat interested
R0689,F025,3,1,high,Latina,female,50‐59,5+ days per week,somewhat interested
R0689,F025,3,0,high,Latina,female,50‐59,5+ days per week,somewhat interested
R0689,F043,2,1,low,Black,female,50‐59,5+ days per week,somewhat interested
R0689,F083,2,0,high,Asian American,female,50‐59,5+ days per week,somewhat interested
R0689,F091,3,0,low,Black,female,50‐59,5+ days per week,somewhat interested
R0689,F116,3,1,low,Asian American,female,50‐59,5+ days per week,somewhat interested
R0690,F001,4,1,high,Asian American,female,30‐39,5+ days per week,very interested
R0690,F018,4,0,low,Asian American,female,30‐39,5+ days per week,very interested
R0690,F038,4,0,low,Latina,female,30‐39,5+ days per week,very interested
R0690,F039,5,1,low,White,female,30‐39,5+ days per week,very interested
R0690,F055,5,1,low,Latina,female,30‐39,5+ days per week,very interested
R0690,F063,4,0,high,Black,female,30‐39,5+ days per week,very interested
R0690,F066,3,1,high,Black,female,30‐39,5+ days per week,very interested
R0690,F084,5,0,high,White,female,30‐39,5+ days per week,very interested
R0691,F040,4,0,low,Black,female,20‐29,2-4 days per week,somewhat interested
R0691,F056,4,0,high,Latina,female,20‐29,2-4 days per week,somewhat interested
R0691,F059,4,1,low,Latina,female,20‐29,2-4 days per week,somewhat interested
R0691,F062,4,1,high,Black,female,20‐29,2-4 days per week,somewhat interested
R0691,F064,2,0,high,White,female,20‐29,2-4 days per week,somewhat interested
R0691,F084,5,1,high,White,female,20‐29,2-4 days per week,somewhat interested
R0691,F095,2,1,low,Asian American,female,20‐29,2-4 days per week,somewhat interested
R0691,F116,2,0,low,Asian American,female,20‐29,2-4 days per week,somewhat interested
R0692,F027,3,0,high,Asian American,female,30‐39,5+ days per week,somewhat interested
R0692,F030,5,1,high,Latina,female,30‐39,5+ days per week,somewhat interested
R0692,F040,3,0,low,Black,female,30‐39,5+ days per week,somewhat interested
R0692,F042,4,1,high,White,female,30‐39,5+ days per week,somewhat interested
R0692,F050,3,1,low,Black,female,30‐39,5+ days per week,somewhat interested
R0692,F090,3,1,low,Asian American,female,30‐39,5+ days per week,somewhat interested
R0692,F092,3,0,high,Latina,female,30‐39,5+ days per week,somewhat interested
R0692,F096,3,0,low,White,female,30‐39,5+ days per week,somewhat interested
R0693,F020,2,0,low,White,male,50‐59,never,not at all interested
R0693,F033,2,0,high,Black,male,50‐59,never,not at all interested
R0693,F034,2,1,high,Asian American,male,50‐59,never,not at all interested
R0693,F038,3,0,low,Latina,male,50‐59,never,not at all interested
R0693,F046,2,1,low,Black,male,50‐59,never,not at all interested
R0693,F051,3,0,high,Asian American,male,50‐59,never,not at all interested
R0693,F056,2,1,high,Latina,male,50‐59,never,not at all interested
R0693,F093,2,1,low,White,male,50‐59,never,not at all interested
R0694,F010,4,0,low,Asian American,male,30‐39,never,not very interested
R0694,F027,4,1,high,Asian American,male,30‐39,never,not very interested
R0694,F028,3,0,high,White,male,30‐39,never,not very interested
R0694,F035,5,1,low,White,male,30‐39,never,not very interested
R0694,F053,4,0,low,Latina,male,30‐39,never,not very interested
R0694,F059,5,1,low,Latina,male,30‐39,never,not very interested
R0694,F100,2,1,high,Black,male,30‐39,never,not very interested
R0694,F113,3,0,high,Black,male,30‐39,never,not very interested
R0695,F026,5,0,high,White,male,30‐39,never,not at all interested
R0695,F068,3,1,high,White,male,30‐39,never,not at all interested
R0695,F072,3,1,low,Latina,male,30‐39,never,not at all interested
R0695,F082,4,1,high,Black,male,30‐39,never,not at all interested
R0695,F090,3,1,low,Asian American,male,30‐39,never,not at all interested
R0695,F090,3,0,low,Asian American,male,30‐39,never,not at all interested
R0695,F092,4,0,high,Latina,male,30‐39,never,not at all interested
R0695,F115,3,0,low,Black,male,30‐39,never,not at all interested
R0696,F002,2,0,high,Latina,male,40‐49,never,not very interested
R0696,F003,4,0,low,White,male,40‐49,never,not very interested
R0696,F006,3,0,high,Asian American,male,40‐49,never,not very interested
R0696,F048,1,0,low,Black,male,40‐49,never,not very interested
R0696,F057,1,1,low,Asian American,male,40‐49,never,not very interested
R0696,F068,3,1,high,White,male,40‐49,never,not very interested
R0696,F070,3,1,low,Black,male,40‐49,never,not very interested
R0696,F074,2,1,high,Latina,male,40‐49,never,not very interested
R0697,F037,3,1,high,Black,female,30‐39,never,not at all interested
R0697,F052,3,0,high,White,female,30‐39,never,not at all interested
R0697,F059,3,0,low,Latina,female,30‐39,never,not at all interested
R0697,F072,2,1,low,Latina,female,30‐39,never,not at all interested
R0697,F082,3,0,high,Black,female,30‐39,never,not at all interested
R0697,F083,4,1,high,Asian American,female,30‐39,never,not at all interested
R0697,F085,3,1,low,White,female,30‐39,never,not at all interested
R0697,F090,3,0,low,Asian American,female,30‐39,never,not at all interested
R0698,F061,2,1,low,Latina,female,40‐49,2-4 days per week,not very interested
R0698,F071,3,0,high,White,female,40‐49,2-4 days per week,not very interested
R0698,F077,2,1,high,Black,female,40‐49,2-4 days per week,not very interested
R0698,F081,3,1,high,White,female,40‐49,2-4 days per week,not very interested
R0698,F089,3,0,high,Latina,female,40‐49,2-4 days per week,not very interested
R0698,F091,1,0,low,Black,female,40‐49,2-4 days per week,not very interested
R0698,F095,2,0,low,Asian American,female,40‐49,2-4 days per week,not very interested
R0698,F116,2,1,low,Asian American,female,40‐49,2-4 days per week,not very interested
R0699,F001,3,0,high,Asian American,female,30‐39,about once per week,somewhat interested
R0699,F006,4,1,high,Asian American,female,30‐39,about once per week,somewhat interested
R0699,F030,4,1,high,Latina,female,30‐39,about once per week,somewhat interested
R0699,F037,4,0,high,Black,female,30‐39,about once per week,somewhat interested
R0699,F043,4,1,low,Black,female,30‐39,about once per week,somewhat interested
R0699,F061,3,0,low,Latina,female,30‐39,about once per week,somewhat interested
R0699,F073,5,1,low,White,female,30‐39,about once per week,somewhat interested
R0699,F108,4,0,low,White,female,30‐39,about once per week,somewhat interested
R0700,F001,1,0,high,Asian American,female,50‐59,5+ days per week,very interested
R0700,F016,3,1,high,White,female,50‐59,5+ days per week,very interested
R0700,F024,3,0,low,Black,female,50‐59,5+ days per week,very interested
R0700,F025,2,0,high,Latina,female,50‐59,5+ days per week,very interested
R0700,F046,1,1,low,Black,female,50‐59,5+ days per week,very interested
R0700,F089,2,1,high,Latina,female,50‐59,5+ days per week,very interested
R0700,F095,2,1,low,Asian American,female,50‐59,5+ days per week,very interested
R0700,F107,2,0,low,White,female,50‐59,5+ days per week,very interested
R0701,F004,3,1,low,White,female,40‐49,5+ days per week,neutral
R0701,F021,4,1,low,Latina,female,40‐49,5+ days per week,neutral
R0701,F022,2,0,high,Black,female,40‐49,5+ days per week,neutral
R0701,F042,3,0,high,White,female,40‐49,5+ days per week,neutral
R0701,F057,2,0,low,Asian American,female,40‐49,5+ days per week,neutral
R0701,F067,3,1,high,Asian American,female,40‐49,5+ days per week,neutral
R0701,F098,2,1,high,Black,female,40‐49,5+ days per week,neutral
R0701,F104,4,0,low,Latina,female,40‐49,5+ days per week,neutral
R0702,F032,2,1,high,Latina,male,40‐49,never,not very interested
R0702,F032,3,0,high,Latina,male,40‐49,never,not very interested
R0702,F044,3,0,low,White,male,40‐49,never,not very interested
R0702,F045,5,1,high,White,male,40‐49,never,not very interested
R0702,F067,4,0,high,Asian American,male,40‐49,never,not very interested
R0702,F105,3,1,low,Asian American,male,40‐49,never,not very interested
R0702,F106,3,1,low,Black,male,40‐49,never,not very interested
R0702,F115,3,0,low,Black,male,40‐49,never,not very interested
R0703,F034,4,0,high,Asian American,female,30‐39,2-4 days per week,not very interested
R0703,F038,3,0,low,Latina,female,30‐39,2-4 days per week,not very interested
R0703,F044,2,0,low,White,female,30‐39,2-4 days per week,not very interested
R0703,F066,3,0,high,Black,female,30‐39,2-4 days per week,not very interested
R0703,F067,4,1,high,Asian American,female,30‐39,2-4 days per week,not very interested
R0703,F088,2,1,low,Black,female,30‐39,2-4 days per week,not very interested
R0703,F092,4,1,high,Latina,female,30‐39,2-4 days per week,not very interested
R0703,F107,4,1,low,White,female,30‐39,2-4 days per week,not very interested
R0704,F003,4,0,low,White,female,40‐49,5+ days per week,somewhat interested
R0704,F012,4,1,high,Latina,female,40‐49,5+ days per week,somewhat interested
R0704,F040,4,1,low,Black,female,40‐49,5+ days per week,somewhat interested
R0704,F067,5,0,high,Asian American,female,40‐49,5+ days per week,somewhat interested
R0704,F079,3,1,low,White,female,40‐49,5+ days per week,somewhat interested
R0704,F104,4,0,low,Latina,female,40‐49,5+ days per week,somewhat interested
R0704,F109,4,0,high,Black,female,40‐49,5+ days per week,somewhat interested
R0704,F110,3,1,high,Asian American,female,40‐49,5+ days per week,somewhat interested
R0705,F012,3,1,high,Latina,female,20‐29,2-4 days per week,somewhat interested
R0705,F047,2,1,high,White,female,20‐29,2-4 days per week,somewhat interested
R0705,F051,2,0,high,Asian American,female,20‐29,2-4 days per week,somewhat interested
R0705,F075,2,0,high,Latina,female,20‐29,2-4 days per week,somewhat interested
R0705,F093,2,0,low,White,female,20‐29,2-4 days per week,somewhat interested
R0705,F097,2,1,low,Asian American,female,20‐29,2-4 days per week,somewhat interested
R0705,F102,3,0,low,Black,female,20‐29,2-4 days per week,somewhat interested
R0705,F114,2,1,low,Black,female,20‐29,2-4 days per week,somewhat interested
R0706,F021,3,0,low,Latina,female,50‐59,5+ days per week,somewhat interested
R0706,F031,2,1,high,Black,female,50‐59,5+ days per week,somewhat interested
R0706,F033,3,0,high,Black,female,50‐59,5+ days per week,somewhat interested
R0706,F047,4,0,high,White,female,50‐59,5+ days per week,somewhat interested
R0706,F083,4,1,high,Asian American,female,50‐59,5+ days per week,somewhat interested
R0706,F103,4,1,low,Latina,female,50‐59,5+ days per week,somewhat interested
R0706,F112,1,1,low,White,female,50‐59,5+ days per week,somewhat interested
R0706,F116,2,0,low,Asian American,female,50‐59,5+ days per week,somewhat interested
R0707,F008,4,1,high,White,female,30‐39,5+ days per week,not very interested
R0707,F010,3,0,low,Asian American,female,30‐39,5+ days per week,not very interested
R0707,F017,3,0,high,Latina,female,30‐39,5+ days per week,not very interested
R0707,F042,3,0,high,White,female,30‐39,5+ days per week,not very interested
R0707,F043,3,0,low,Black,female,30‐39,5+ days per week,not very interested
R0707,F055,3,1,low,Latina,female,30‐39,5+ days per week,not very interested
R0707,F060,2,1,low,Asian American,female,30‐39,5+ days per week,not very interested
R0707,F076,3,1,high,Black,female,30‐39,5+ days per week,not very interested
R0708,F022,3,0,high,Black,female,30‐39,5+ days per week,somewhat interested
R0708,F027,3,1,high,Asian American,female,30‐39,5+ days per week,somewhat interested
R0708,F029,3,1,low,White,female,30‐39,5+ days per week,somewhat interested
R0708,F050,3,1,low,Black,female,30‐39,5+ days per week,somewhat interested
R0708,F072,4,0,low,Latina,female,30‐39,5+ days per week,somewhat interested
R0708,F085,5,0,low,White,female,30‐39,5+ days per week,somewhat interested
R0708,F087,3,0,high,Asian American,female,30‐39,5+ days per week,somewhat interested
R0708,F089,4,1,high,Latina,female,30‐39,5+ days per week,somewhat interested
R0709,F011,4,1,low,Latina,male,40‐49,5+ days per week,very interested
R0709,F027,2,1,high,Asian American,male,40‐49,5+ days per week,very interested
R0709,F049,2,0,high,Black,male,40‐49,5+ days per week,very interested
R0709,F061,3,0,low,Latina,male,40‐49,5+ days per week,very interested
R0709,F064,1,0,high,White,male,40‐49,5+ days per week,very interested
R0709,F099,4,1,low,White,male,40‐49,5+ days per week,very interested
R0709,F105,3,0,low,Asian American,male,40‐49,5+ days per week,very interested
R0709,F109,2,1,high,Black,male,40‐49,5+ days per week,very interested
R0710,F014,3,1,low,White,female,50‐59,5+ days per week,very interested
R0710,F058,3,1,high,Black,female,50‐59,5+ days per week,very interested
R0710,F065,4,0,high,White,female,50‐59,5+ days per week,very interested
R0710,F078,3,0,low,Latina,female,50‐59,5+ days per week,very interested
R0710,F078,3,1,low,Latina,female,50‐59,5+ days per week,very interested
R0710,F086,3,0,high,Black,female,50‐59,5+ days per week,very interested
R0710,F087,3,1,high,Asian American,female,50‐59,5+ days per week,very interested
R0710,F095,3,0,low,Asian American,female,50‐59,5+ days per week,very interested
R0711,F010,4,1,low,Asian American,female,20‐29,never,not at all interested
R0711,F011,2,1,low,Latina,female,20‐29,never,not at all interested
R0711,F025,1,0,high,Latina,female,20‐29,never,not at all interested
R0711,F033,3,1,high,Black,female,20‐29,never,not at all interested
R0711,F036,5,0,high,White,female,20‐29,never,not at all interested
R0711,F050,4,0,low,Black,female,20‐29,never,not at all interested
R0711,F080,2,1,high,White,female,20‐29,never,not at all interested
R0711,F097,2,0,low,Asian American,female,20‐29,never,not at all interested
R0712,F015,3,0,low,Black,female,30‐39,5+ days per week,somewhat interested
R0712,F030,2,1,high,Latina,female,30‐39,5+ days per week,somewhat interested
R0712,F039,3,0,low,White,female,30‐39,5+ days per week,somewhat interested
R0712,F040,4,1,low,Black,female,30‐39,5+ days per week,somewhat interested
R0712,F042,3,1,high,White,female,30‐39,5+ days per week,somewhat interested
R0712,F067,2,0,high,Asian American,female,30‐39,5+ days per week,somewhat interested
R0712,F089,4,0,high,Latina,female,30‐39,5+ days per week,somewhat interested
R0712,F090,2,1,low,Asian American,female,30‐39,5+ days per week,somewhat interested
R0713,F001,4,1,high,Asian American,female,20‐29,5+ days per week,very interested
R0713,F018,2,0,low,Asian American,female,20‐29,5+ days per week,very interested
R0713,F033,5,0,high,Black,female,20‐29,5+ days per week,very interested
R0713,F038,2,1,low,Latina,female,20‐29,5+ days per week,very interested
R0713,F063,6,1,high,Black,female,20‐29,5+ days per week,very interested
R0713,F068,4,0,high,White,female,20‐29,5+ days per week,very interested
R0713,F099,1,1,low,White,female,20‐29,5+ days per week,very interested
R0713,F103,1,0,low,Latina,female,20‐29,5+ days per week,very interested
R0714,F001,3,1,high,Asian American,female,50‐59,2-4 days per week,neutral
R0714,F002,2,1,high,Latina,female,50‐59,2-4 days per week,neutral
R0714,F004,3,1,low,White,female,50‐59,2-4 days per week,neutral
R0714,F015,3,1,low,Black,female,50‐59,2-4 days per week,neutral
R0714,F021,3,0,low,Latina,female,50‐59,2-4 days per week,neutral
R0714,F077,4,0,high,Black,female,50‐59,2-4 days per week,neutral
R0714,F083,4,0,high,Asian American,female,50‐59,2-4 days per week,neutral
R0714,F107,3,0,low,White,female,50‐59,2-4 days per week,neutral
R0715,F014,4,0,low,White,male,40‐49,never,neutral
R0715,F027,2,0,high,Asian American,male,40‐49,never,neutral
R0715,F044,2,1,low,White,male,40‐49,never,neutral
R0715,F058,4,0,high,Black,male,40‐49,never,neutral
R0715,F074,5,1,high,Latina,male,40‐49,never,neutral
R0715,F078,4,0,low,Latina,male,40‐49,never,neutral
R0715,F087,2,1,high,Asian American,male,40‐49,never,neutral
R0715,F102,3,1,low,Black,male,40‐49,never,neutral
R0716,F032,2,0,high,Latina,male,20‐29,about once per week,somewhat interested
R0716,F041,4,1,high,White,male,20‐29,about once per week,somewhat interested
R0716,F045,4,0,high,White,male,20‐29,about once per week,somewhat interested
R0716,F057,3,1,low,Asian American,male,20‐29,about once per week,somewhat interested
R0716,F057,2,0,low,Asian American,male,20‐29,about once per week,somewhat interested
R0716,F088,3,0,low,Black,male,20‐29,about once per week,somewhat interested
R0716,F101,5,1,high,Black,male,20‐29,about once per week,somewhat interested
R0716,F103,4,1,low,Latina,male,20‐29,about once per week,somewhat interested
R0717,F007,2,1,low,Black,female,50‐59,5+ days per week,somewhat interested
R0717,F012,1,0,high,Latina,female,50‐59,5+ days per week,somewhat interested
R0717,F025,3,1,high,Latina,female,50‐59,5+ days per week,somewhat interested
R0717,F036,4,1,high,White,female,50‐59,5+ days per week,somewhat interested
R0717,F046,2,0,low,Black,female,50‐59,5+ days per week,somewhat interested
R0717,F079,3,0,low,White,female,50‐59,5+ days per week,somewhat interested
R0717,F083,3,0,high,Asian American,female,50‐59,5+ days per week,somewhat interested
R0717,F105,1,1,low,Asian American,female,50‐59,5+ days per week,somewhat interested
R0718,F021,3,1,low,Latina,female,20‐29,5+ days per week,very interested
R0718,F028,4,0,high,White,female,20‐29,5+ days per week,very interested
R0718,F075,4,0,high,Latina,female,20‐29,5+ days per week,very interested
R0718,F090,2,0,low,Asian American,female,20‐29,5+ days per week,very interested
R0718,F106,3,0,low,Black,female,20‐29,5+ days per week,very interested
R0718,F111,5,1,high,White,female,20‐29,5+ days per week,very interested
R0718,F113,3,1,high,Black,female,20‐29,5+ days per week,very interested
R0718,F116,4,1,low,Asian American,female,20‐29,5+ days per week,very interested
R0719,F006,2,0,high,Asian American,female,50‐59,5+ days per week,very interested
R0719,F017,3,1,high,Latina,female,50‐59,5+ days per week,very interested
R0719,F017,3,0,high,Latina,female,50‐59,5+ days per week,very interested
R0719,F018,3,1,low,Asian American,female,50‐59,5+ days per week,very interested
R0719,F071,4,1,high,White,female,50‐59,5+ days per week,very interested
R0719,F079,3,0,low,White,female,50‐59,5+ days per week,very interested
R0719,F091,2,1,low,Black,female,50‐59,5+ days per week,very interested
R0719,F106,2,0,low,Black,female,50‐59,5+ days per week,very interested
R0720,F011,2,0,low,Latina,male,40‐49,never,not very interested
R0720,F032,2,1,high,Latina,male,40‐49,never,not very interested
R0720,F034,2,1,high,Asian American,male,40‐49,never,not very interested
R0720,F051,2,0,high,Asian American,male,40‐49,never,not very interested
R0720,F076,4,0,high,Black,male,40‐49,never,not very interested
R0720,F096,2,1,low,White,male,40‐49,never,not very interested
R0720,F099,2,0,low,White,male,40‐49,never,not very interested
R0720,F114,2,1,low,Black,male,40‐49,never,not very interested
R0721,F015,4,1,low,Black,female,40‐49,2-4 days per week,not at all interested
R0721,F026,1,1,high,White,female,40‐49,2-4 days per week,not at all interested
R0721,F056,2,1,high,Latina,female,40‐49,2-4 days per week,not at all interested
R0721,F057,1,1,low,Asian American,female,40‐49,2-4 days per week,not at all interested
R0721,F069,1,0,low,Black,female,40‐49,2-4 days per week,not at all interested
R0721,F074,1,0,high,Latina,female,40‐49,2-4 days per week,not at all interested
R0721,F093,1,0,low,White,female,40‐49,2-4 days per week,not at all interested
R0721,F110,1,0,high,Asian American,female,40‐49,2-4 days per week,not at all interested
R0722,F045,3,0,high,White,female,20‐29,5+ days per week,somewhat interested
R0722,F051,3,1,high,Asian American,female,20‐29,5+ days per week,somewhat interested
R0722,F057,2,0,low,Asian American,female,20‐29,5+ days per week,somewhat interested
R0722,F059,3,0,low,Latina,female,20‐29,5+ days per week,somewhat interested
R0722,F061,4,1,low,Latina,female,20‐29,5+ days per week,somewhat interested
R0722,F077,2,1,high,Black,female,20‐29,5+ days per week,somewhat interested
R0722,F082,3,0,high,Black,female,20‐29,5+ days per week,somewhat interested
R0722,F112,3,1,low,White,female,20‐29,5+ days per week,somewhat interested
R0723,F010,1,0,low,Asian American,female,40‐49,5+ days per week,somewhat interested
R0723,F012,1,0,high,Latina,female,40‐49,5+ days per week,somewhat interested
R0723,F016,1,0,high,White,female,40‐49,5+ days per week,somewhat interested
R0723,F037,3,1,high,Black,female,40‐49,5+ days per week,somewhat interested
R0723,F042,2,1,high,White,female,40‐49,5+ days per week,somewhat interested
R0723,F054,1,0,low,Black,female,40‐49,5+ days per week,somewhat interested
R0723,F090,2,1,low,Asian American,female,40‐49,5+ days per week,somewhat interested
R0723,F104,4,1,low,Latina,female,40‐49,5+ days per week,somewhat interested
R0724,F017,3,1,high,Latina,female,30‐39,5+ days per week,somewhat interested
R0724,F027,1,1,high,Asian American,female,30‐39,5+ days per week,somewhat interested
R0724,F044,1,1,low,White,female,30‐39,5+ days per week,somewhat interested
R0724,F044,1,0,low,White,female,30‐39,5+ days per week,somewhat interested
R0724,F055,2,0,low,Latina,female,30‐39,5+ days per week,somewhat interested
R0724,F067,3,0,high,Asian American,female,30‐39,5+ days per week,somewhat interested
R0724,F077,1,0,high,Black,female,30‐39,5+ days per week,somewhat interested
R0724,F091,1,1,low,Black,female,30‐39,5+ days per week,somewhat interested
R0725,F018,3,1,low,Asian American,male,40‐49,never,not very interested
R0725,F036,4,1,high,White,male,40‐49,never,not very interested
R0725,F047,4,0,high,White,male,40‐49,never,not very interested
R0725,F048,3,0,low,Black,male,40‐49,never,not very interested
R0725,F049,1,1,high,Black,male,40‐49,never,not very interested
R0725,F053,3,1,low,Latina,male,40‐49,never,not very interested
R0725,F074,4,0,high,Latina,male,40‐49,never,not very interested
R0725,F095,2,0,low,Asian American,male,40‐49,never,not very interested
R0726,F003,2,1,low,White,female,30‐39,5+ days per week,neutral
R0726,F025,2,1,high,Latina,female,30‐39,5+ days per week,neutral
R0726,F048,2,1,low,Black,female,30‐39,5+ days per week,neutral
R0726,F058,3,0,high,Black,female,30‐39,5+ days per week,neutral
R0726,F067,2,1,high,Asian American,female,30‐39,5+ days per week,neutral
R0726,F087,2,0,high,Asian American,female,30‐39,5+ days per week,neutral
R0726,F103,2,0,low,Latina,female,30‐39,5+ days per week,neutral
R0726,F107,2,0,low,White,female,30‐39,5+ days per week,neutral
R0727,F011,2,1,low,Latina,female,20‐29,about once per week,somewhat interested
R0727,F053,3,0,low,Latina,female,20‐29,about once per week,somewhat interested
R0727,F071,3,0,high,White,female,20‐29,about once per week,somewhat interested
R0727,F076,2,1,high,Black,female,20‐29,about once per week,somewhat interested
R0727,F085,2,1,low,White,female,20‐29,about once per week,somewhat interested
R0727,F097,2,0,low,Asian American,female,20‐29,about once per week,somewhat interested
R0727,F109,2,0,high,Black,female,20‐29,about once per week,somewhat interested
R0727,F110,3,1,high,Asian American,female,20‐29,about once per week,somewhat interested
R0728,F007,3,0,low,Black,female,50‐59,a few times per year,not very interested
R0728,F008,4,1,high,White,female,50‐59,a few times per year,not very interested
R0728,F010,3,1,low,Asian American,female,50‐59,a few times per year,not very interested
R0728,F019,2,0,low,White,female,50‐59,a few times per year,not very interested
R0728,F030,4,0,high,Latina,female,50‐59,a few times per year,not very interested
R0728,F048,1,1,low,Black,female,50‐59,a few times per year,not very interested
R0728,F051,3,0,high,Asian American,female,50‐59,a few times per year,not very interested
R0728,F092,3,1,high,Latina,female,50‐59,a few times per year,not very interested
R0729,F011,3,0,low,Latina,female,20‐29,5+ days per week,very interested
R0729,F016,4,0,high,White,female,20‐29,5+ days per week,very interested
R0729,F033,3,1,high,Black,female,20‐29,5+ days per week,very interested
R0729,F053,3,1,low,Latina,female,20‐29,5+ days per week,very interested
R0729,F067,4,1,high,Asian American,female,20‐29,5+ days per week,very interested
R0729,F076,2,0,high,Black,female,20‐29,5+ days per week,very interested
R0729,F079,4,1,low,White,female,20‐29,5+ days per week,very interested
R0729,F090,2,0,low,Asian American,female,20‐29,5+ days per week,very interested
R0730,F013,4,0,low,Black,female,50‐59,2-4 days per week,not very interested
R0730,F016,4,1,high,White,female,50‐59,2-4 days per week,not very interested
R0730,F021,4,1,low,Latina,female,50‐59,2-4 days per week,not very interested
R0730,F041,3,0,high,White,female,50‐59,2-4 days per week,not very interested
R0730,F060,2,0,low,Asian American,female,50‐59,2-4 days per week,not very interested
R0730,F092,3,0,high,Latina,female,50‐59,2-4 days per week,not very interested
R0730,F100,2,1,high,Black,female,50‐59,2-4 days per week,not very interested
R0730,F105,3,1,low,Asian American,female,50‐59,2-4 days per week,not very interested
R0731,F006,3,0,high,Asian American,female,50‐59,never,not at all interested
R0731,F012,5,1,high,Latina,female,50‐59,never,not at all interested
R0731,F013,3,1,low,Black,female,50‐59,never,not at all interested
R0731,F020,2,0,low,White,female,50‐59,never,not at all interested
R0731,F051,5,1,high,Asian American,female,50‐59,never,not at all interested
R0731,F059,5,0,low,Latina,female,50‐59,never,not at all interested
R0731,F085,4,1,low,White,female,50‐59,never,not at all interested
R0731,F098,4,0,high,Black,female,50‐59,never,not at all interested
R0732,F001,3,0,high,Asian American,female,30‐39,5+ days per week,somewhat interested
R0732,F002,3,1,high,Latina,female,30‐39,5+ days per week,somewhat interested
R0732,F017,3,0,high,Latina,female,30‐39,5+ days per week,somewhat interested
R0732,F044,3,0,low,White,female,30‐39,5+ days per week,somewhat interested
R0732,F054,2,1,low,Black,female,30‐39,5+ days per week,somewhat interested
R0732,F054,2,0,low,Black,female,30‐39,5+ days per week,somewhat interested
R0732,F065,5,1,high,White,female,30‐39,5+ days per week,somewhat interested
R0732,F116,4,1,low,Asian American,female,30‐39,5+ days per week,somewhat interested
R0733,F004,2,1,low,White,female,30‐39,a few times per year,somewhat interested
R0733,F021,2,0,low,Latina,female,30‐39,a few times per year,somewhat interested
R0733,F021,1,1,low,Latina,female,30‐39,a few times per year,somewhat interested
R0733,F034,4,1,high,Asian American,female,30‐39,a few times per year,somewhat interested
R0733,F049,2,1,high,Black,female,30‐39,a few times per year,somewhat interested
R0733,F060,1,0,low,Asian American,female,30‐39,a few times per year,somewhat interested
R0733,F094,1,0,high,White,female,30‐39,a few times per year,somewhat interested
R0733,F100,1,0,high,Black,female,30‐39,a few times per year,somewhat interested
R0734,F025,4,1,high,Latina,female,20‐29,5+ days per week,somewhat interested
R0734,F025,4,0,high,Latina,female,20‐29,5+ days per week,somewhat interested
R0734,F034,3,0,high,Asian American,female,20‐29,5+ days per week,somewhat interested
R0734,F052,5,1,high,White,female,20‐29,5+ days per week,somewhat interested
R0734,F095,2,1,low,Asian American,female,20‐29,5+ days per week,somewhat interested
R0734,F107,4,0,low,White,female,20‐29,5+ days per week,somewhat interested
R0734,F114,3,0,low,Black,female,20‐29,5+ days per week,somewhat interested
R0734,F115,4,1,low,Black,female,20‐29,5+ days per week,somewhat interested
R0735,F020,3,1,low,White,female,20‐29,2-4 days per week,somewhat interested
R0735,F031,3,0,high,Black,female,20‐29,2-4 days per week,somewhat interested
R0735,F034,3,0,high,Asian American,female,20‐29,2-4 days per week,somewhat interested
R0735,F055,1,0,low,Latina,female,20‐29,2-4 days per week,somewhat interested
R0735,F056,4,1,high,Latina,female,20‐29,2-4 days per week,somewhat interested
R0735,F093,1,0,low,White,female,20‐29,2-4 days per week,somewhat interested
R0735,F110,2,1,high,Asian American,female,20‐29,2-4 days per week,somewhat interested
R0735,F115,4,1,low,Black,female,20‐29,2-4 days per week,somewhat interested
R0736,F002,2,0,high,Latina,male,30‐39,never,not very interested
R0736,F008,3,0,high,White,male,30‐39,never,not very interested
R0736,F011,3,1,low,Latina,male,30‐39,never,not very interested
R0736,F018,3,0,low,Asian American,male,30‐39,never,not very interested
R0736,F060,2,1,low,Asian American,male,30‐39,never,not very interested
R0736,F064,3,1,high,White,male,30‐39,never,not very interested
R0736,F070,3,0,low,Black,male,30‐39,never,not very interested
R0736,F109,3,1,high,Black,male,30‐39,never,not very interested
R0737,F005,4,1,high,White,male,40‐49,never,somewhat interested
R0737,F005,3,0,high,White,male,40‐49,never,somewhat interested
R0737,F017,4,0,high,Latina,male,40‐49,never,somewhat interested
R0737,F097,4,1,low,Asian American,male,40‐49,never,somewhat interested
R0737,F098,4,1,high,Black,male,40‐49,never,somewhat interested
R0737,F102,3,0,low,Black,male,40‐49,never,somewhat interested
R0737,F103,3,1,low,Latina,male,40‐49,never,somewhat interested
R0737,F105,2,0,low,Asian American,male,40‐49,never,somewhat interested
R0738,F004,3,0,low,White,female,20‐29,5+ days per week,very interested
R0738,F024,2,1,low,Black,female,20‐29,5+ days per week,very interested
R0738,F030,3,1,high,Latina,female,20‐29,5+ days per week,very interested
R0738,F082,3,0,high,Black,female,20‐29,5+ days per week,very interested
R0738,F083,3,1,high,Asian American,female,20‐29,5+ days per week,very interested
R0738,F096,3,1,low,White,female,20‐29,5+ days per week,very interested
R0738,F103,4,0,low,Latina,female,20‐29,5+ days per week,very interested
R0738,F110,2,0,high,Asian American,female,20‐29,5+ days per week,very interested
R0739,F020,5,1,low,White,female,20‐29,5+ days per week,very interested
R0739,F037,4,1,high,Black,female,20‐29,5+ days per week,very interested
R0739,F038,2,0,low,Latina,female,20‐29,5+ days per week,very interested
R0739,F049,1,0,high,Black,female,20‐29,5+ days per week,very interested
R0739,F061,3,1,low,Latina,female,20‐29,5+ days per week,very interested
R0739,F067,5,1,high,Asian American,female,20‐29,5+ days per week,very interested
R0739,F081,3,0,high,White,female,20‐29,5+ days per week,very interested
R0739,F116,1,0,low,Asian American,female,20‐29,5+ days per week,very interested
R0740,F024,4,0,low,Black,male,40‐49,never,somewhat interested
R0740,F053,4,1,low,Latina,male,40‐49,never,somewhat interested
R0740,F056,4,0,high,Latina,male,40‐49,never,somewhat interested
R0740,F071,2,1,high,White,male,40‐49,never,somewhat interested
R0740,F082,4,1,high,Black,male,40‐49,never,somewhat interested
R0740,F084,4,0,high,White,male,40‐49,never,somewhat interested
R0740,F095,2,1,low,Asian American,male,40‐49,never,somewhat interested
R0740,F105,2,0,low,Asian American,male,40‐49,never,somewhat interested
R0741,F001,2,0,high,Asian American,male,50‐59,never,not very interested
R0741,F004,2,1,low,White,male,50‐59,never,not very interested
R0741,F006,2,1,high,Asian American,male,50‐59,never,not very interested
R0741,F007,3,1,low,Black,male,50‐59,never,not very interested
R0741,F022,2,0,high,Black,male,50‐59,never,not very interested
R0741,F074,2,1,high,Latina,male,50‐59,never,not very interested
R0741,F078,2,0,low,Latina,male,50‐59,never,not very interested
R0741,F096,3,0,low,White,male,50‐59,never,not very interested
R0742,F003,3,1,low,White,female,50‐59,1-3 days per month,not very interested
R0742,F005,4,0,high,White,female,50‐59,1-3 days per month,not very interested
R0742,F010,3,0,low,Asian American,female,50‐59,1-3 days per month,not very interested
R0742,F038,4,1,low,Latina,female,50‐59,1-3 days per month,not very interested
R0742,F051,5,1,high,Asian American,female,50‐59,1-3 days per month,not very interested
R0742,F061,3,0,low,Latina,female,50‐59,1-3 days per month,not very interested
R0742,F086,2,1,high,Black,female,50‐59,1-3 days per month,not very interested
R0742,F101,3,0,high,Black,female,50‐59,1-3 days per month,not very interested
R0743,F008,4,0,high,White,male,20‐29,never,not at all interested
R0743,F027,2,1,high,Asian American,male,20‐29,never,not at all interested
R0743,F055,3,0,low,Latina,male,20‐29,never,not at all interested
R0743,F059,4,1,low,Latina,male,20‐29,never,not at all interested
R0743,F077,3,0,high,Black,male,20‐29,never,not at all interested
R0743,F095,3,0,low,Asian American,male,20‐29,never,not at all interested
R0743,F096,3,1,low,White,male,20‐29,never,not at all interested
R0743,F100,4,1,high,Black,male,20‐29,never,not at all interested
R0744,F018,1,0,low,Asian American,female,30‐39,5+ days per week,very interested
R0744,F030,3,0,high,Latina,female,30‐39,5+ days per week,very interested
R0744,F045,2,1,high,White,female,30‐39,5+ days per week,very interested
R0744,F052,1,0,high,White,female,30‐39,5+ days per week,very interested
R0744,F055,3,1,low,Latina,female,30‐39,5+ days per week,very interested
R0744,F066,1,1,high,Black,female,30‐39,5+ days per week,very interested
R0744,F105,1,1,low,Asian American,female,30‐39,5+ days per week,very interested
R0744,F115,2,0,low,Black,female,30‐39,5+ days per week,very interested
R0745,F018,3,0,low,Asian American,female,50‐59,5+ days per week,neutral
R0745,F037,5,0,high,Black,female,50‐59,5+ days per week,neutral
R0745,F039,5,1,low,White,female,50‐59,5+ days per week,neutral
R0745,F072,4,0,low,Latina,female,50‐59,5+ days per week,neutral
R0745,F072,4,1,low,Latina,female,50‐59,5+ days per week,neutral
R0745,F083,5,1,high,Asian American,female,50‐59,5+ days per week,neutral
R0745,F111,5,0,high,White,female,50‐59,5+ days per week,neutral
R0745,F113,5,1,high,Black,female,50‐59,5+ days per week,neutral
R0746,F001,2,0,high,Asian American,male,30‐39,1-3 days per month,neutral
R0746,F014,3,1,low,White,male,30‐39,1-3 days per month,neutral
R0746,F021,2,0,low,Latina,male,30‐39,1-3 days per month,neutral
R0746,F043,1,1,low,Black,male,30‐39,1-3 days per month,neutral
R0746,F089,3,1,high,Latina,male,30‐39,1-3 days per month,neutral
R0746,F101,2,0,high,Black,male,30‐39,1-3 days per month,neutral
R0746,F110,4,1,high,Asian American,male,30‐39,1-3 days per month,neutral
R0746,F112,3,0,low,White,male,30‐39,1-3 days per month,neutral
R0747,F026,3,1,high,White,female,40‐49,2-4 days per week,very interested
R0747,F040,2,0,low,Black,female,40‐49,2-4 days per week,very interested
R0747,F057,1,0,low,Asian American,female,40‐49,2-4 days per week,very interested
R0747,F059,2,1,low,Latina,female,40‐49,2-4 days per week,very interested
R0747,F074,2,0,high,Latina,female,40‐49,2-4 days per week,very interested
R0747,F081,3,0,high,White,female,40‐49,2-4 days per week,very interested
R0747,F101,4,1,high,Black,female,40‐49,2-4 days per week,very interested
R0747,F116,2,1,low,Asian American,female,40‐49,2-4 days per week,very interested
R0748,F009,1,0,low,White,female,30‐39,5+ days per week,somewhat interested
R0748,F024,1,1,low,Black,female,30‐39,5+ days per week,somewhat interested
R0748,F028,1,1,high,White,female,30‐39,5+ days per week,somewhat interested
R0748,F050,1,0,low,Black,female,30‐39,5+ days per week,somewhat interested
R0748,F074,1,0,high,Latina,female,30‐39,5+ days per week,somewhat interested
R0748,F087,1,0,high,Asian American,female,30‐39,5+ days per week,somewhat interested
R0748,F089,1,1,high,Latina,female,30‐39,5+ days per week,somewhat interested
R0748,F097,1,1,low,Asian American,female,30‐39,5+ days per week,somewhat interested
R0749,F012,4,1,high,Latina,female,40‐49,5+ days per week,somewhat interested
R0749,F019,4,0,low,White,female,40‐49,5+ days per week,somewhat interested
R0749,F039,3,1,low,White,female,40‐49,5+ days per week,somewhat interested
R0749,F043,3,1,low,Black,female,40‐49,5+ days per week,somewhat interested
R0749,F059,3,0,low,Latina,female,40‐49,5+ days per week,somewhat interested
R0749,F067,4,1,high,Asian American,female,40‐49,5+ days per week,somewhat interested
R0749,F087,3,0,high,Asian American,female,40‐49,5+ days per week,somewhat interested
R0749,F098,3,0,high,Black,female,40‐49,5+ days per week,somewhat interested
R0750,F015,3,0,low,Black,male,40‐49,never,neutral
R0750,F032,4,0,high,Latina,male,40‐49,never,neutral
R0750,F033,4,1,high,Black,male,40‐49,never,neutral
R0750,F047,5,1,high,White,male,40‐49,never,neutral
R0750,F060,4,1,low,Asian American,male,40‐49,never,neutral
R0750,F094,5,0,high,White,male,40‐49,never,neutral
R0750,F104,5,1,low,Latina,male,40‐49,never,neutral
R0750,F116,4,0,low,Asian American,male,40‐49,never,neutral
R0751,F002,2,1,high,Latina,female,40‐49,1-3 days per month,very interested
R0751,F006,4,0,high,Asian American,female,40‐49,1-3 days per month,very interested
R0751,F013,6,1,low,Black,female,40‐49,1-3 days per month,very interested
R0751,F023,4,0,high,Black,female,40‐49,1-3 days per month,very interested
R0751,F039,4,1,low,White,female,40‐49,1-3 days per month,very interested
R0751,F039,5,0,low,White,female,40‐49,1-3 days per month,very interested
R0751,F051,3,1,high,Asian American,female,40‐49,1-3 days per month,very interested
R0751,F053,4,0,low,Latina,female,40‐49,1-3 days per month,very interested
R0752,F011,3,0,low,Latina,female,40‐49,1-3 days per month,very interested
R0752,F014,4,0,low,White,female,40‐49,1-3 days per month,very interested
R0752,F017,1,1,high,Latina,female,40‐49,1-3 days per month,very interested
R0752,F035,2,1,low,White,female,40‐49,1-3 days per month,very interested
R0752,F046,2,1,low,Black,female,40‐49,1-3 days per month,very interested
R0752,F051,1,0,high,Asian American,female,40‐49,1-3 days per month,very interested
R0752,F083,2,1,high,Asian American,female,40‐49,1-3 days per month,very interested
R0752,F100,3,0,high,Black,female,40‐49,1-3 days per month,very interested
R0753,F013,2,0,low,Black,male,50‐59,never,somewhat interested
R0753,F018,2,1,low,Asian American,male,50‐59,never,somewhat interested
R0753,F062,2,1,high,Black,male,50‐59,never,somewhat interested
R0753,F065,2,1,high,White,male,50‐59,never,somewhat interested
R0753,F075,2,0,high,Latina,male,50‐59,never,somewhat interested
R0753,F078,2,1,low,Latina,male,50‐59,never,somewhat interested
R0753,F090,2,0,low,Asian American,male,50‐59,never,somewhat interested
R0753,F111,3,0,high,White,male,50‐59,never,somewhat interested
R0754,F025,4,0,high,Latina,male,40‐49,never,not at all interested
R0754,F038,4,1,low,Latina,male,40‐49,never,not at all interested
R0754,F052,4,1,high,White,male,40‐49,never,not at all interested
R0754,F060,3,0,low,Asian American,male,40‐49,never,not at all interested
R0754,F080,4,0,high,White,male,40‐49,never,not at all interested
R0754,F086,2,1,high,Black,male,40‐49,never,not at all interested
R0754,F088,2,0,low,Black,male,40‐49,never,not at all interested
R0754,F090,3,1,low,Asian American,male,40‐49,never,not at all interested
R0755,F007,4,0,low,Black,female,30‐39,2-4 days per week,somewhat interested
R0755,F017,4,1,high,Latina,female,30‐39,2-4 days per week,somewhat interested
R0755,F018,4,1,low,Asian American,female,30‐39,2-4 days per week,somewhat interested
R0755,F027,2,0,high,Asian American,female,30‐39,2-4 days per week,somewhat interested
R0755,F039,4,0,low,White,female,30‐39,2-4 days per week,somewhat interested
R0755,F046,3,1,low,Black,female,30‐39,2-4 days per week,somewhat interested
R0755,F056,3,0,high,Latina,female,30‐39,2-4 days per week,somewhat interested
R0755,F064,4,1,high,White,female,30‐39,2-4 days per week,somewhat interested
R0756,F001,3,1,high,Asian American,female,30‐39,never,not very interested
R0756,F029,5,1,low,White,female,30‐39,never,not very interested
R0756,F036,4,0,high,White,female,30‐39,never,not very interested
R0756,F060,3,0,low,Asian American,female,30‐39,never,not very interested
R0756,F062,3,0,high,Black,female,30‐39,never,not very interested
R0756,F072,4,0,low,Latina,female,30‐39,never,not very interested
R0756,F082,5,1,high,Black,female,30‐39,never,not very interested
R0756,F103,5,1,low,Latina,female,30‐39,never,not very interested
R0757,F009,5,0,low,White,female,40‐49,2-4 days per week,somewhat interested
R0757,F025,4,1,high,Latina,female,40‐49,2-4 days per week,somewhat interested
R0757,F027,1,1,high,Asian American,female,40‐49,2-4 days per week,somewhat interested
R0757,F029,5,1,low,White,female,40‐49,2-4 days per week,somewhat interested
R0757,F050,3,1,low,Black,female,40‐49,2-4 days per week,somewhat interested
R0757,F066,1,0,high,Black,female,40‐49,2-4 days per week,somewhat interested
R0757,F072,6,0,low,Latina,female,40‐49,2-4 days per week,somewhat interested
R0757,F087,1,0,high,Asian American,female,40‐49,2-4 days per week,somewhat interested
R0758,F031,4,0,high,Black,female,20‐29,5+ days per week,very interested
R0758,F044,1,1,low,White,female,20‐29,5+ days per week,very interested
R0758,F055,2,0,low,Latina,female,20‐29,5+ days per week,very interested
R0758,F068,5,0,high,White,female,20‐29,5+ days per week,very interested
R0758,F078,4,1,low,Latina,female,20‐29,5+ days per week,very interested
R0758,F098,4,1,high,Black,female,20‐29,5+ days per week,very interested
R0758,F110,2,1,high,Asian American,female,20‐29,5+ days per week,very interested
R0758,F116,2,0,low,Asian American,female,20‐29,5+ days per week,very interested
R0759,F003,4,0,low,White,female,20‐29,5+ days per week,very interested
R0759,F012,3,1,high,Latina,female,20‐29,5+ days per week,very interested
R0759,F012,4,0,high,Latina,female,20‐29,5+ days per week,very interested
R0759,F034,2,0,high,Asian American,female,20‐29,5+ days per week,very interested
R0759,F040,3,1,low,Black,female,20‐29,5+ days per week,very interested
R0759,F088,1,0,low,Black,female,20‐29,5+ days per week,very interested
R0759,F090,2,1,low,Asian American,female,20‐29,5+ days per week,very interested
R0759,F111,4,1,high,White,female,20‐29,5+ days per week,very interested
R0760,F010,3,1,low,Asian American,female,20‐29,5+ days per week,somewhat interested
R0760,F012,3,0,high,Latina,female,20‐29,5+ days per week,somewhat interested
R0760,F061,4,1,low,Latina,female,20‐29,5+ days per week,somewhat interested
R0760,F070,4,0,low,Black,female,20‐29,5+ days per week,somewhat interested
R0760,F076,3,1,high,Black,female,20‐29,5+ days per week,somewhat interested
R0760,F081,3,0,high,White,female,20‐29,5+ days per week,somewhat interested
R0760,F084,4,1,high,White,female,20‐29,5+ days per week,somewhat interested
R0760,F095,3,0,low,Asian American,female,20‐29,5+ days per week,somewhat interested
R0761,F008,4,1,high,White,female,50‐59,1-3 days per month,not very interested
R0761,F010,2,1,low,Asian American,female,50‐59,1-3 days per month,not very interested
R0761,F054,2,1,low,Black,female,50‐59,1-3 days per month,not very interested
R0761,F067,3,0,high,Asian American,female,50‐59,1-3 days per month,not very interested
R0761,F070,3,0,low,Black,female,50‐59,1-3 days per month,not very interested
R0761,F073,2,0,low,White,female,50‐59,1-3 days per month,not very interested
R0761,F075,3,1,high,Latina,female,50‐59,1-3 days per month,not very interested
R0761,F092,4,0,high,Latina,female,50‐59,1-3 days per month,not very interested
R0762,F003,4,0,low,White,female,30‐39,5+ days per week,somewhat interested
R0762,F061,2,0,low,Latina,female,30‐39,5+ days per week,somewhat interested
R0762,F067,4,1,high,Asian American,female,30‐39,5+ days per week,somewhat interested
R0762,F075,2,1,high,Latina,female,30‐39,5+ days per week,somewhat interested
R0762,F076,1,0,high,Black,female,30‐39,5+ days per week,somewhat interested
R0762,F083,3,0,high,Asian American,female,30‐39,5+ days per week,somewhat interested
R0762,F099,1,1,low,White,female,30‐39,5+ days per week,somewhat interested
R0762,F106,2,1,low,Black,female,30‐39,5+ days per week,somewhat interested
R0763,F025,3,1,high,Latina,female,40‐49,5+ days per week,neutral
R0763,F034,4,0,high,Asian American,female,40‐49,5+ days per week,neutral
R0763,F062,5,0,high,Black,female,40‐49,5+ days per week,neutral
R0763,F073,4,0,low,White,female,40‐49,5+ days per week,neutral
R0763,F087,3,1,high,Asian American,female,40‐49,5+ days per week,neutral
R0763,F088,3,1,low,Black,female,40‐49,5+ days per week,neutral
R0763,F104,4,0,low,Latina,female,40‐49,5+ days per week,neutral
R0763,F108,3,1,low,White,female,40‐49,5+ days per week,neutral
R0764,F006,4,1,high,Asian American,male,under 20,never,not at all interested
R0764,F008,5,0,high,White,male,under 20,never,not at all interested
R0764,F021,1,0,low,Latina,male,under 20,never,not at all interested
R0764,F022,3,0,high,Black,male,under 20,never,not at all interested
R0764,F022,4,1,high,Black,male,under 20,never,not at all interested
R0764,F035,3,1,low,White,male,under 20,never,not at all interested
R0764,F059,3,1,low,Latina,male,under 20,never,not at all interested
R0764,F090,1,0,low,Asian American,male,under 20,never,not at all interested
R0765,F007,1,0,low,Black,female,40‐49,never,somewhat interested
R0765,F016,2,1,high,White,female,40‐49,never,somewhat interested
R0765,F023,1,1,high,Black,female,40‐49,never,somewhat interested
R0765,F055,1,1,low,Latina,female,40‐49,never,somewhat interested
R0765,F065,1,0,high,White,female,40‐49,never,somewhat interested
R0765,F075,2,0,high,Latina,female,40‐49,never,somewhat interested
R0765,F097,2,1,low,Asian American,female,40‐49,never,somewhat interested
R0765,F097,1,0,low,Asian American,female,40‐49,never,somewhat interested
R0766,F009,4,1,low,White,female,30‐39,2-4 days per week,neutral
R0766,F026,4,0,high,White,female,30‐39,2-4 days per week,neutral
R0766,F034,3,1,high,Asian American,female,30‐39,2-4 days per week,neutral
R0766,F038,4,0,low,Latina,female,30‐39,2-4 days per week,neutral
R0766,F038,4,1,low,Latina,female,30‐39,2-4 days per week,neutral
R0766,F058,3,0,high,Black,female,30‐39,2-4 days per week,neutral
R0766,F066,3,1,high,Black,female,30‐39,2-4 days per week,neutral
R0766,F105,3,0,low,Asian American,female,30‐39,2-4 days per week,neutral
R0767,F036,3,0,high,White,female,20‐29,about once per week,somewhat interested
R0767,F048,2,0,low,Black,female,20‐29,about once per week,somewhat interested
R0767,F058,1,1,high,Black,female,20‐29,about once per week,somewhat interested
R0767,F059,4,1,low,Latina,female,20‐29,about once per week,somewhat interested
R0767,F068,3,1,high,White,female,20‐29,about once per week,somewhat interested
R0767,F089,4,0,high,Latina,female,20‐29,about once per week,somewhat interested
R0767,F097,1,0,low,Asian American,female,20‐29,about once per week,somewhat interested
R0767,F105,2,1,low,Asian American,female,20‐29,about once per week,somewhat interested
R0768,F014,1,0,low,White,female,under 20,2-4 days per week,very interested
R0768,F032,1,1,high,Latina,female,under 20,2-4 days per week,very interested
R0768,F042,2,1,high,White,female,under 20,2-4 days per week,very interested
R0768,F043,1,0,low,Black,female,under 20,2-4 days per week,very interested
R0768,F075,3,0,high,Latina,female,under 20,2-4 days per week,very interested
R0768,F091,1,1,low,Black,female,under 20,2-4 days per week,very interested
R0768,F110,2,0,high,Asian American,female,under 20,2-4 days per week,very interested
R0768,F116,1,1,low,Asian American,female,under 20,2-4 days per week,very interested
R0769,F005,4,1,high,White,female,20‐29,2-4 days per week,somewhat interested
R0769,F018,1,0,low,Asian American,female,20‐29,2-4 days per week,somewhat interested
R0769,F056,5,0,high,Latina,female,20‐29,2-4 days per week,somewhat interested
R0769,F061,5,1,low,Latina,female,20‐29,2-4 days per week,somewhat interested
R0769,F063,3,1,high,Black,female,20‐29,2-4 days per week,somewhat interested
R0769,F090,3,1,low,Asian American,female,20‐29,2-4 days per week,somewhat interested
R0769,F094,5,0,high,White,female,20‐29,2-4 days per week,somewhat interested
R0769,F106,2,0,low,Black,female,20‐29,2-4 days per week,somewhat interested
R0770,F001,3,1,high,Asian American,female,40‐49,2-4 days per week,somewhat interested
R0770,F038,3,0,low,Latina,female,40‐49,2-4 days per week,somewhat interested
R0770,F060,3,0,low,Asian American,female,40‐49,2-4 days per week,somewhat interested
R0770,F061,4,1,low,Latina,female,40‐49,2-4 days per week,somewhat interested
R0770,F063,4,0,high,Black,female,40‐49,2-4 days per week,somewhat interested
R0770,F065,5,0,high,White,female,40‐49,2-4 days per week,somewhat interested
R0770,F073,3,1,low,White,female,40‐49,2-4 days per week,somewhat interested
R0770,F101,5,1,high,Black,female,40‐49,2-4 days per week,somewhat interested
R0771,F011,3,0,low,Latina,female,30‐39,a few times per year,somewhat interested
R0771,F027,3,0,high,Asian American,female,30‐39,a few times per year,somewhat interested
R0771,F033,4,0,high,Black,female,30‐39,a few times per year,somewhat interested
R0771,F048,3,1,low,Black,female,30‐39,a few times per year,somewhat interested
R0771,F083,5,1,high,Asian American,female,30‐39,a few times per year,somewhat interested
R0771,F085,4,0,low,White,female,30‐39,a few times per year,somewhat interested
R0771,F089,4,1,high,Latina,female,30‐39,a few times per year,somewhat interested
R0771,F107,5,1,low,White,female,30‐39,a few times per year,somewhat interested
R0772,F011,4,0,low,Latina,female,40‐49,5+ days per week,not very interested
R0772,F011,4,1,low,Latina,female,40‐49,5+ days per week,not very interested
R0772,F067,4,1,high,Asian American,female,40‐49,5+ days per week,not very interested
R0772,F093,4,1,low,White,female,40‐49,5+ days per week,not very interested
R0772,F109,2,1,high,Black,female,40‐49,5+ days per week,not very interested
R0772,F111,4,0,high,White,female,40‐49,5+ days per week,not very interested
R0772,F113,2,0,high,Black,female,40‐49,5+ days per week,not very interested
R0772,F116,2,0,low,Asian American,female,40‐49,5+ days per week,not very interested
R0773,F012,2,0,high,Latina,male,30‐39,never,somewhat interested
R0773,F017,2,1,high,Latina,male,30‐39,never,somewhat interested
R0773,F029,4,0,low,White,male,30‐39,never,somewhat interested
R0773,F045,3,1,high,White,male,30‐39,never,somewhat interested
R0773,F050,1,1,low,Black,male,30‐39,never,somewhat interested
R0773,F051,2,0,high,Asian American,male,30‐39,never,somewhat interested
R0773,F105,2,1,low,Asian American,male,30‐39,never,somewhat interested
R0773,F115,2,0,low,Black,male,30‐39,never,somewhat interested
R0774,F028,5,0,high,White,female,30‐39,2-4 days per week,very interested
R0774,F032,2,0,high,Latina,female,30‐39,2-4 days per week,very interested
R0774,F050,2,0,low,Black,female,30‐39,2-4 days per week,very interested
R0774,F052,4,1,high,White,female,30‐39,2-4 days per week,very interested
R0774,F060,3,1,low,Asian American,female,30‐39,2-4 days per week,very interested
R0774,F077,2,1,high,Black,female,30‐39,2-4 days per week,very interested
R0774,F090,2,0,low,Asian American,female,30‐39,2-4 days per week,very interested
R0774,F104,3,1,low,Latina,female,30‐39,2-4 days per week,very interested
R0775,F012,3,0,high,Latina,male,60‐69,about once per week,neutral
R0775,F018,4,1,low,Asian American,male,60‐69,about once per week,neutral
R0775,F022,2,1,high,Black,male,60‐69,about once per week,neutral
R0775,F045,3,0,high,White,male,60‐69,about once per week,neutral
R0775,F072,3,1,low,Latina,male,60‐69,about once per week,neutral
R0775,F081,4,1,high,White,male,60‐69,about once per week,neutral
R0775,F105,3,0,low,Asian American,male,60‐69,about once per week,neutral
R0775,F114,4,0,low,Black,male,60‐69,about once per week,neutral
R0776,F005,5,0,high,White,female,40‐49,5+ days per week,somewhat interested
R0776,F018,3,0,low,Asian American,female,40‐49,5+ days per week,somewhat interested
R0776,F027,1,1,high,Asian American,female,40‐49,5+ days per week,somewhat interested
R0776,F055,4,1,low,Latina,female,40‐49,5+ days per week,somewhat interested
R0776,F077,2,1,high,Black,female,40‐49,5+ days per week,somewhat interested
R0776,F078,4,0,low,Latina,female,40‐49,5+ days per week,somewhat interested
R0776,F085,3,1,low,White,female,40‐49,5+ days per week,somewhat interested
R0776,F086,2,0,high,Black,female,40‐49,5+ days per week,somewhat interested
R0777,F019,3,1,low,White,female,50‐59,2-4 days per week,somewhat interested
R0777,F027,3,1,high,Asian American,female,50‐59,2-4 days per week,somewhat interested
R0777,F038,3,0,low,Latina,female,50‐59,2-4 days per week,somewhat interested
R0777,F049,3,0,high,Black,female,50‐59,2-4 days per week,somewhat interested
R0777,F056,3,1,high,Latina,female,50‐59,2-4 days per week,somewhat interested
R0777,F070,3,1,low,Black,female,50‐59,2-4 days per week,somewhat interested
R0777,F087,3,0,high,Asian American,female,50‐59,2-4 days per week,somewhat interested
R0777,F108,3,0,low,White,female,50‐59,2-4 days per week,somewhat interested
R0778,F057,2,1,low,Asian American,female,40‐49,5+ days per week,somewhat interested
R0778,F075,3,1,high,Latina,female,40‐49,5+ days per week,somewhat interested
R0778,F081,3,1,high,White,female,40‐49,5+ days per week,somewhat interested
R0778,F087,4,0,high,Asian American,female,40‐49,5+ days per week,somewhat interested
R0778,F091,3,0,low,Black,female,40‐49,5+ days per week,somewhat interested
R0778,F092,4,0,high,Latina,female,40‐49,5+ days per week,somewhat interested
R0778,F112,3,0,low,White,female,40‐49,5+ days per week,somewhat interested
R0778,F114,2,1,low,Black,female,40‐49,5+ days per week,somewhat interested
R0779,F041,4,1,high,White,female,50‐59,5+ days per week,not very interested
R0779,F046,4,0,low,Black,female,50‐59,5+ days per week,not very interested
R0779,F053,2,1,low,Latina,female,50‐59,5+ days per week,not very interested
R0779,F060,1,0,low,Asian American,female,50‐59,5+ days per week,not very interested
R0779,F064,4,0,high,White,female,50‐59,5+ days per week,not very interested
R0779,F077,2,1,high,Black,female,50‐59,5+ days per week,not very interested
R0779,F092,4,0,high,Latina,female,50‐59,5+ days per week,not very interested
R0779,F116,2,1,low,Asian American,female,50‐59,5+ days per week,not very interested
R0780,F010,4,0,low,Asian American,male,50‐59,never,not at all interested
R0780,F023,3,1,high,Black,male,50‐59,never,not at all interested
R0780,F047,2,0,high,White,male,50‐59,never,not at all interested
R0780,F058,4,0,high,Black,male,50‐59,never,not at all interested
R0780,F103,4,0,low,Latina,male,50‐59,never,not at all interested
R0780,F103,3,1,low,Latina,male,50‐59,never,not at all interested
R0780,F110,2,1,high,Asian American,male,50‐59,never,not at all interested
R0780,F112,2,1,low,White,male,50‐59,never,not at all interested
R0781,F025,3,0,high,Latina,male,60‐69,about once per week,neutral
R0781,F043,3,0,low,Black,male,60‐69,about once per week,neutral
R0781,F047,4,0,high,White,male,60‐69,about once per week,neutral
R0781,F057,4,0,low,Asian American,male,60‐69,about once per week,neutral
R0781,F071,5,1,high,White,male,60‐69,about once per week,neutral
R0781,F082,5,1,high,Black,male,60‐69,about once per week,neutral
R0781,F097,3,1,low,Asian American,male,60‐69,about once per week,neutral
R0781,F103,4,1,low,Latina,male,60‐69,about once per week,neutral
R0782,F002,2,1,high,Latina,male,40‐49,never,somewhat interested
R0782,F004,5,0,low,White,male,40‐49,never,somewhat interested
R0782,F034,4,0,high,Asian American,male,40‐49,never,somewhat interested
R0782,F046,2,0,low,Black,male,40‐49,never,somewhat interested
R0782,F056,1,0,high,Latina,male,40‐49,never,somewhat interested
R0782,F068,5,1,high,White,male,40‐49,never,somewhat interested
R0782,F095,2,1,low,Asian American,male,40‐49,never,somewhat interested
R0782,F106,4,1,low,Black,male,40‐49,never,somewhat interested
R0783,F002,4,0,high,Latina,female,30‐39,5+ days per week,very interested
R0783,F010,3,0,low,Asian American,female,30‐39,5+ days per week,very interested
R0783,F038,6,1,low,Latina,female,30‐39,5+ days per week,very interested
R0783,F057,5,1,low,Asian American,female,30‐39,5+ days per week,very interested
R0783,F066,5,1,high,Black,female,30‐39,5+ days per week,very interested
R0783,F080,6,1,high,White,female,30‐39,5+ days per week,very interested
R0783,F080,6,0,high,White,female,30‐39,5+ days per week,very interested
R0783,F091,2,0,low,Black,female,30‐39,5+ days per week,very interested
R0784,F031,4,1,high,Black,female,50‐59,about once per week,somewhat interested
R0784,F061,4,0,low,Latina,female,50‐59,about once per week,somewhat interested
R0784,F071,5,0,high,White,female,50‐59,about once per week,somewhat interested
R0784,F078,4,1,low,Latina,female,50‐59,about once per week,somewhat interested
R0784,F087,4,1,high,Asian American,female,50‐59,about once per week,somewhat interested
R0784,F093,4,1,low,White,female,50‐59,about once per week,somewhat interested
R0784,F095,3,0,low,Asian American,female,50‐59,about once per week,somewhat interested
R0784,F100,3,0,high,Black,female,50‐59,about once per week,somewhat interested
R0785,F006,3,1,high,Asian American,male,30‐39,a few times per year,neutral
R0785,F019,3,0,low,White,male,30‐39,a few times per year,neutral
R0785,F023,3,0,high,Black,male,30‐39,a few times per year,neutral
R0785,F032,3,1,high,Latina,male,30‐39,a few times per year,neutral
R0785,F051,3,0,high,Asian American,male,30‐39,a few times per year,neutral
R0785,F091,2,1,low,Black,male,30‐39,a few times per year,neutral
R0785,F104,3,0,low,Latina,male,30‐39,a few times per year,neutral
R0785,F112,4,1,low,White,male,30‐39,a few times per year,neutral
R0786,F010,2,1,low,Asian American,male,30‐39,never,not at all interested
R0786,F011,2,1,low,Latina,male,30‐39,never,not at all interested
R0786,F045,2,1,high,White,male,30‐39,never,not at all interested
R0786,F068,3,0,high,White,male,30‐39,never,not at all interested
R0786,F074,2,0,high,Latina,male,30‐39,never,not at all interested
R0786,F098,4,1,high,Black,male,30‐39,never,not at all interested
R0786,F102,4,0,low,Black,male,30‐39,never,not at all interested
R0786,F116,1,0,low,Asian American,male,30‐39,never,not at all interested
R0787,F006,2,0,high,Asian American,female,30‐39,2-4 days per week,somewhat interested
R0787,F032,4,0,high,Latina,female,30‐39,2-4 days per week,somewhat interested
R0787,F040,2,0,low,Black,female,30‐39,2-4 days per week,somewhat interested
R0787,F071,2,1,high,White,female,30‐39,2-4 days per week,somewhat interested
R0787,F088,1,1,low,Black,female,30‐39,2-4 days per week,somewhat interested
R0787,F090,2,1,low,Asian American,female,30‐39,2-4 days per week,somewhat interested
R0787,F092,4,1,high,Latina,female,30‐39,2-4 days per week,somewhat interested
R0787,F099,2,0,low,White,female,30‐39,2-4 days per week,somewhat interested
R0788,F003,3,1,low,White,female,20‐29,5+ days per week,very interested
R0788,F006,3,0,high,Asian American,female,20‐29,5+ days per week,very interested
R0788,F012,3,1,high,Latina,female,20‐29,5+ days per week,very interested
R0788,F014,3,0,low,White,female,20‐29,5+ days per week,very interested
R0788,F021,2,0,low,Latina,female,20‐29,5+ days per week,very interested
R0788,F034,4,1,high,Asian American,female,20‐29,5+ days per week,very interested
R0788,F040,5,1,low,Black,female,20‐29,5+ days per week,very interested
R0788,F086,5,0,high,Black,female,20‐29,5+ days per week,very interested
R0789,F053,1,0,low,Latina,female,30‐39,about once per week,not very interested
R0789,F057,1,0,low,Asian American,female,30‐39,about once per week,not very interested
R0789,F058,4,1,high,Black,female,30‐39,about once per week,not very interested
R0789,F063,4,0,high,Black,female,30‐39,about once per week,not very interested
R0789,F072,2,1,low,Latina,female,30‐39,about once per week,not very interested
R0789,F083,2,1,high,Asian American,female,30‐39,about once per week,not very interested
R0789,F094,3,0,high,White,female,30‐39,about once per week,not very interested
R0789,F108,2,1,low,White,female,30‐39,about once per week,not very interested
R0790,F002,2,0,high,Latina,female,30‐39,about once per week,somewhat interested
R0790,F005,4,1,high,White,female,30‐39,about once per week,somewhat interested
R0790,F013,3,0,low,Black,female,30‐39,about once per week,somewhat interested
R0790,F025,3,1,high,Latina,female,30‐39,about once per week,somewhat interested
R0790,F027,2,0,high,Asian American,female,30‐39,about once per week,somewhat interested
R0790,F079,4,0,low,White,female,30‐39,about once per week,somewhat interested
R0790,F097,3,1,low,Asian American,female,30‐39,about once per week,somewhat interested
R0790,F115,4,1,low,Black,female,30‐39,about once per week,somewhat interested
R0791,F020,4,1,low,White,female,30‐39,2-4 days per week,somewhat interested
R0791,F030,4,1,high,Latina,female,30‐39,2-4 days per week,somewhat interested
R0791,F033,4,0,high,Black,female,30‐39,2-4 days per week,somewhat interested
R0791,F034,2,0,high,Asian American,female,30‐39,2-4 days per week,somewhat interested
R0791,F055,3,0,low,Latina,female,30‐39,2-4 days per week,somewhat interested
R0791,F102,3,1,low,Black,female,30‐39,2-4 days per week,somewhat interested
R0791,F110,3,1,high,Asian American,female,30‐39,2-4 days per week,somewhat interested
R0791,F112,3,0,low,White,female,30‐39,2-4 days per week,somewhat interested
R0792,F016,2,0,high,White,female,60‐69,2-4 days per week,somewhat interested
R0792,F021,2,1,low,Latina,female,60‐69,2-4 days per week,somewhat interested
R0792,F039,3,1,low,White,female,60‐69,2-4 days per week,somewhat interested
R0792,F061,4,0,low,Latina,female,60‐69,2-4 days per week,somewhat interested
R0792,F066,3,0,high,Black,female,60‐69,2-4 days per week,somewhat interested
R0792,F082,3,1,high,Black,female,60‐69,2-4 days per week,somewhat interested
R0792,F083,3,1,high,Asian American,female,60‐69,2-4 days per week,somewhat interested
R0792,F090,2,0,low,Asian American,female,60‐69,2-4 days per week,somewhat interested
R0793,F017,3,0,high,Latina,male,50‐59,never,neutral
R0793,F021,3,1,low,Latina,male,50‐59,never,neutral
R0793,F026,3,1,high,White,male,50‐59,never,neutral
R0793,F054,1,0,low,Black,male,50‐59,never,neutral
R0793,F062,2,1,high,Black,male,50‐59,never,neutral
R0793,F095,2,1,low,Asian American,male,50‐59,never,neutral
R0793,F095,2,0,low,Asian American,male,50‐59,never,neutral
R0793,F111,4,0,high,White,male,50‐59,never,neutral
R0794,F030,4,0,high,Latina,male,40‐49,never,not at all interested
R0794,F041,4,0,high,White,male,40‐49,never,not at all interested
R0794,F046,3,0,low,Black,male,40‐49,never,not at all interested
R0794,F060,4,1,low,Asian American,male,40‐49,never,not at all interested
R0794,F065,3,1,high,White,male,40‐49,never,not at all interested
R0794,F078,3,1,low,Latina,male,40‐49,never,not at all interested
R0794,F097,2,0,low,Asian American,male,40‐49,never,not at all interested
R0794,F100,4,1,high,Black,male,40‐49,never,not at all interested
R0795,F021,2,1,low,Latina,female,60‐69,5+ days per week,somewhat interested
R0795,F022,3,1,high,Black,female,60‐69,5+ days per week,somewhat interested
R0795,F023,3,0,high,Black,female,60‐69,5+ days per week,somewhat interested
R0795,F078,4,0,low,Latina,female,60‐69,5+ days per week,somewhat interested
R0795,F080,3,0,high,White,female,60‐69,5+ days per week,somewhat interested
R0795,F095,2,0,low,Asian American,female,60‐69,5+ days per week,somewhat interested
R0795,F096,1,1,low,White,female,60‐69,5+ days per week,somewhat interested
R0795,F110,4,1,high,Asian American,female,60‐69,5+ days per week,somewhat interested
R0796,F027,2,1,high,Asian American,female,40‐49,5+ days per week,very interested
R0796,F063,2,1,high,Black,female,40‐49,5+ days per week,very interested
R0796,F072,2,0,low,Latina,female,40‐49,5+ days per week,very interested
R0796,F072,2,1,low,Latina,female,40‐49,5+ days per week,very interested
R0796,F076,2,0,high,Black,female,40‐49,5+ days per week,very interested
R0796,F081,2,0,high,White,female,40‐49,5+ days per week,very interested
R0796,F099,3,1,low,White,female,40‐49,5+ days per week,very interested
R0796,F105,2,0,low,Asian American,female,40‐49,5+ days per week,very interested
R0797,F007,3,1,low,Black,female,30‐39,5+ days per week,somewhat interested
R0797,F014,5,1,low,White,female,30‐39,5+ days per week,somewhat interested
R0797,F034,4,0,high,Asian American,female,30‐39,5+ days per week,somewhat interested
R0797,F061,4,0,low,Latina,female,30‐39,5+ days per week,somewhat interested
R0797,F079,4,0,low,White,female,30‐39,5+ days per week,somewhat interested
R0797,F083,3,1,high,Asian American,female,30‐39,5+ days per week,somewhat interested
R0797,F089,3,1,high,Latina,female,30‐39,5+ days per week,somewhat interested
R0797,F098,4,0,high,Black,female,30‐39,5+ days per week,somewhat interested
R0798,F028,3,1,high,White,male,60‐69,never,not at all interested
R0798,F052,4,0,high,White,male,60‐69,never,not at all interested
R0798,F061,3,1,low,Latina,male,60‐69,never,not at all interested
R0798,F092,4,0,high,Latina,male,60‐69,never,not at all interested
R0798,F097,2,1,low,Asian American,male,60‐69,never,not at all interested
R0798,F101,4,1,high,Black,male,60‐69,never,not at all interested
R0798,F115,3,0,low,Black,male,60‐69,never,not at all interested
R0798,F116,2,0,low,Asian American,male,60‐69,never,not at all interested
R0799,F030,4,1,high,Latina,female,40‐49,2-4 days per week,neutral
R0799,F038,4,0,low,Latina,female,40‐49,2-4 days per week,neutral
R0799,F070,2,1,low,Black,female,40‐49,2-4 days per week,neutral
R0799,F077,3,0,high,Black,female,40‐49,2-4 days per week,neutral
R0799,F083,4,0,high,Asian American,female,40‐49,2-4 days per week,neutral
R0799,F087,1,1,high,Asian American,female,40‐49,2-4 days per week,neutral
R0799,F096,3,0,low,White,female,40‐49,2-4 days per week,neutral
R0799,F099,1,1,low,White,female,40‐49,2-4 days per week,neutral
R0800,F023,2,1,high,Black,female,50‐59,a few times per year,somewhat interested
R0800,F030,3,0,high,Latina,female,50‐59,a few times per year,somewhat interested
R0800,F053,3,1,low,Latina,female,50‐59,a few times per year,somewhat interested
R0800,F057,5,1,low,Asian American,female,50‐59,a few times per year,somewhat interested
R0800,F064,3,1,high,White,female,50‐59,a few times per year,somewhat interested
R0800,F070,4,0,low,Black,female,50‐59,a few times per year,somewhat interested
R0800,F084,5,0,high,White,female,50‐59,a few times per year,somewhat interested
R0800,F105,4,0,low,Asian American,female,50‐59,a few times per year,somewhat interested
R0801,F037,3,1,high,Black,female,50‐59,5+ days per week,somewhat interested
R0801,F038,2,0,low,Latina,female,50‐59,5+ days per week,somewhat interested
R0801,F038,2,1,low,Latina,female,50‐59,5+ days per week,somewhat interested
R0801,F049,2,0,high,Black,female,50‐59,5+ days per week,somewhat interested
R0801,F067,2,1,high,Asian American,female,50‐59,5+ days per week,somewhat interested
R0801,F084,3,0,high,White,female,50‐59,5+ days per week,somewhat interested
R0801,F097,2,0,low,Asian American,female,50‐59,5+ days per week,somewhat interested
R0801,F107,2,1,low,White,female,50‐59,5+ days per week,somewhat interested
R0802,F010,1,1,low,Asian American,male,20‐29,never,somewhat interested
R0802,F017,1,0,high,Latina,male,20‐29,never,somewhat interested
R0802,F024,1,1,low,Black,male,20‐29,never,somewhat interested
R0802,F036,1,1,high,White,male,20‐29,never,somewhat interested
R0802,F048,1,0,low,Black,male,20‐29,never,somewhat interested
R0802,F051,1,0,high,Asian American,male,20‐29,never,somewhat interested
R0802,F074,1,1,high,Latina,male,20‐29,never,somewhat interested
R0802,F093,1,0,low,White,male,20‐29,never,somewhat interested
R0803,F002,2,0,high,Latina,female,30‐39,5+ days per week,somewhat interested
R0803,F005,3,0,high,White,female,30‐39,5+ days per week,somewhat interested
R0803,F036,5,1,high,White,female,30‐39,5+ days per week,somewhat interested
R0803,F048,2,0,low,Black,female,30‐39,5+ days per week,somewhat interested
R0803,F072,2,1,low,Latina,female,30‐39,5+ days per week,somewhat interested
R0803,F076,3,1,high,Black,female,30‐39,5+ days per week,somewhat interested
R0803,F095,2,1,low,Asian American,female,30‐39,5+ days per week,somewhat interested
R0803,F095,3,0,low,Asian American,female,30‐39,5+ days per week,somewhat interested
R0804,F001,3,0,high,Asian American,female,30‐39,a few times per year,not at all interested
R0804,F002,4,1,high,Latina,female,30‐39,a few times per year,not at all interested
R0804,F004,1,1,low,White,female,30‐39,a few times per year,not at all interested
R0804,F009,5,0,low,White,female,30‐39,a few times per year,not at all interested
R0804,F043,2,1,low,Black,female,30‐39,a few times per year,not at all interested
R0804,F051,3,1,high,Asian American,female,30‐39,a few times per year,not at all interested
R0804,F061,5,0,low,Latina,female,30‐39,a few times per year,not at all interested
R0804,F109,4,0,high,Black,female,30‐39,a few times per year,not at all interested
R0805,F044,1,1,low,White,male,40‐49,never,neutral
R0805,F062,2,0,high,Black,male,40‐49,never,neutral
R0805,F064,1,0,high,White,male,40‐49,never,neutral
R0805,F086,3,1,high,Black,male,40‐49,never,neutral
R0805,F087,2,1,high,Asian American,male,40‐49,never,neutral
R0805,F103,2,0,low,Latina,male,40‐49,never,neutral
R0805,F103,2,1,low,Latina,male,40‐49,never,neutral
R0805,F116,2,0,low,Asian American,male,40‐49,never,neutral
R0806,F006,2,0,high,Asian American,male,70 and above,about once per week,very interested
R0806,F018,3,1,low,Asian American,male,70 and above,about once per week,very interested
R0806,F032,4,1,high,Latina,male,70 and above,about once per week,very interested
R0806,F041,3,1,high,White,male,70 and above,about once per week,very interested
R0806,F043,2,1,low,Black,male,70 and above,about once per week,very interested
R0806,F043,2,0,low,Black,male,70 and above,about once per week,very interested
R0806,F044,3,0,low,White,male,70 and above,about once per week,very interested
R0806,F075,4,0,high,Latina,male,70 and above,about once per week,very interested
R0807,F027,3,0,high,Asian American,female,50‐59,5+ days per week,somewhat interested
R0807,F029,3,0,low,White,female,50‐59,5+ days per week,somewhat interested
R0807,F044,4,1,low,White,female,50‐59,5+ days per week,somewhat interested
R0807,F049,3,0,high,Black,female,50‐59,5+ days per week,somewhat interested
R0807,F055,4,0,low,Latina,female,50‐59,5+ days per week,somewhat interested
R0807,F074,4,1,high,Latina,female,50‐59,5+ days per week,somewhat interested
R0807,F091,3,1,low,Black,female,50‐59,5+ days per week,somewhat interested
R0807,F110,5,1,high,Asian American,female,50‐59,5+ days per week,somewhat interested
R0808,F008,5,0,high,White,male,20‐29,never,somewhat interested
R0808,F012,3,0,high,Latina,male,20‐29,never,somewhat interested
R0808,F042,3,1,high,White,male,20‐29,never,somewhat interested
R0808,F043,3,0,low,Black,male,20‐29,never,somewhat interested
R0808,F055,5,1,low,Latina,male,20‐29,never,somewhat interested
R0808,F058,4,1,high,Black,male,20‐29,never,somewhat interested
R0808,F090,4,0,low,Asian American,male,20‐29,never,somewhat interested
R0808,F116,4,1,low,Asian American,male,20‐29,never,somewhat interested
R0809,F001,4,1,high,Asian American,male,30‐39,never,somewhat interested
R0809,F003,3,1,low,White,male,30‐39,never,somewhat interested
R0809,F042,2,0,high,White,male,30‐39,never,somewhat interested
R0809,F049,1,1,high,Black,male,30‐39,never,somewhat interested
R0809,F055,2,0,low,Latina,male,30‐39,never,somewhat interested
R0809,F057,2,0,low,Asian American,male,30‐39,never,somewhat interested
R0809,F104,3,1,low,Latina,male,30‐39,never,somewhat interested
R0809,F113,1,0,high,Black,male,30‐39,never,somewhat interested
R0810,F006,4,1,high,Asian American,female,40‐49,5+ days per week,somewhat interested
R0810,F029,3,1,low,White,female,40‐49,5+ days per week,somewhat interested
R0810,F045,4,0,high,White,female,40‐49,5+ days per week,somewhat interested
R0810,F053,4,0,low,Latina,female,40‐49,5+ days per week,somewhat interested
R0810,F053,4,1,low,Latina,female,40‐49,5+ days per week,somewhat interested
R0810,F066,3,1,high,Black,female,40‐49,5+ days per week,somewhat interested
R0810,F090,3,0,low,Asian American,female,40‐49,5+ days per week,somewhat interested
R0810,F109,3,0,high,Black,female,40‐49,5+ days per week,somewhat interested
R0811,F001,3,1,high,Asian American,male,50‐59,never,somewhat interested
R0811,F039,5,0,low,White,male,50‐59,never,somewhat interested
R0811,F056,3,1,high,Latina,male,50‐59,never,somewhat interested
R0811,F059,4,0,low,Latina,male,50‐59,never,somewhat interested
R0811,F076,4,0,high,Black,male,50‐59,never,somewhat interested
R0811,F087,2,0,high,Asian American,male,50‐59,never,somewhat interested
R0811,F096,2,1,low,White,male,50‐59,never,somewhat interested
R0811,F102,4,1,low,Black,male,50‐59,never,somewhat interested
R0812,F008,5,1,high,White,female,50‐59,never,not at all interested
R0812,F010,5,1,low,Asian American,female,50‐59,never,not at all interested
R0812,F010,4,0,low,Asian American,female,50‐59,never,not at all interested
R0812,F016,3,0,high,White,female,50‐59,never,not at all interested
R0812,F021,2,1,low,Latina,female,50‐59,never,not at all interested
R0812,F033,2,1,high,Black,female,50‐59,never,not at all interested
R0812,F054,1,0,low,Black,female,50‐59,never,not at all interested
R0812,F075,2,0,high,Latina,female,50‐59,never,not at all interested
R0813,F016,4,1,high,White,female,20‐29,5+ days per week,very interested
R0813,F017,2,1,high,Latina,female,20‐29,5+ days per week,very interested
R0813,F029,3,0,low,White,female,20‐29,5+ days per week,very interested
R0813,F034,4,0,high,Asian American,female,20‐29,5+ days per week,very interested
R0813,F070,2,0,low,Black,female,20‐29,5+ days per week,very interested
R0813,F090,2,1,low,Asian American,female,20‐29,5+ days per week,very interested
R0813,F092,2,0,high,Latina,female,20‐29,5+ days per week,very interested
R0813,F106,3,1,low,Black,female,20‐29,5+ days per week,very interested
R0814,F018,4,0,low,Asian American,female,40‐49,5+ days per week,somewhat interested
R0814,F026,5,0,high,White,female,40‐49,5+ days per week,somewhat interested
R0814,F032,3,0,high,Latina,female,40‐49,5+ days per week,somewhat interested
R0814,F040,3,0,low,Black,female,40‐49,5+ days per week,somewhat interested
R0814,F090,4,1,low,Asian American,female,40‐49,5+ days per week,somewhat interested
R0814,F094,5,1,high,White,female,40‐49,5+ days per week,somewhat interested
R0814,F103,5,1,low,Latina,female,40‐49,5+ days per week,somewhat interested
R0814,F109,4,1,high,Black,female,40‐49,5+ days per week,somewhat interested
R0815,F009,3,1,low,White,male,40‐49,never,not very interested
R0815,F018,2,0,low,Asian American,male,40‐49,never,not very interested
R0815,F021,3,0,low,Latina,male,40‐49,never,not very interested
R0815,F022,2,0,high,Black,male,40‐49,never,not very interested
R0815,F034,3,1,high,Asian American,male,40‐49,never,not very interested
R0815,F041,3,0,high,White,male,40‐49,never,not very interested
R0815,F059,4,1,low,Latina,male,40‐49,never,not very interested
R0815,F076,3,1,high,Black,male,40‐49,never,not very interested
R0816,F008,3,0,high,White,female,50‐59,a few times per year,not very interested
R0816,F019,4,1,low,White,female,50‐59,a few times per year,not very interested
R0816,F031,3,0,high,Black,female,50‐59,a few times per year,not very interested
R0816,F051,3,1,high,Asian American,female,50‐59,a few times per year,not very interested
R0816,F055,3,1,low,Latina,female,50‐59,a few times per year,not very interested
R0816,F060,2,0,low,Asian American,female,50‐59,a few times per year,not very interested
R0816,F104,4,0,low,Latina,female,50‐59,a few times per year,not very interested
R0816,F109,3,1,high,Black,female,50‐59,a few times per year,not very interested
R0817,F017,2,0,high,Latina,female,30‐39,2-4 days per week,somewhat interested
R0817,F018,3,1,low,Asian American,female,30‐39,2-4 days per week,somewhat interested
R0817,F022,2,1,high,Black,female,30‐39,2-4 days per week,somewhat interested
R0817,F060,2,0,low,Asian American,female,30‐39,2-4 days per week,somewhat interested
R0817,F069,2,0,low,Black,female,30‐39,2-4 days per week,somewhat interested
R0817,F071,2,0,high,White,female,30‐39,2-4 days per week,somewhat interested
R0817,F078,3,1,low,Latina,female,30‐39,2-4 days per week,somewhat interested
R0817,F111,3,1,high,White,female,30‐39,2-4 days per week,somewhat interested
R0818,F015,3,1,low,Black,female,30‐39,2-4 days per week,neutral
R0818,F032,4,1,high,Latina,female,30‐39,2-4 days per week,neutral
R0818,F034,3,1,high,Asian American,female,30‐39,2-4 days per week,neutral
R0818,F044,3,0,low,White,female,30‐39,2-4 days per week,neutral
R0818,F062,4,0,high,Black,female,30‐39,2-4 days per week,neutral
R0818,F073,3,1,low,White,female,30‐39,2-4 days per week,neutral
R0818,F103,5,0,low,Latina,female,30‐39,2-4 days per week,neutral
R0818,F110,3,0,high,Asian American,female,30‐39,2-4 days per week,neutral
R0819,F001,3,0,high,Asian American,female,30‐39,5+ days per week,not very interested
R0819,F012,4,1,high,Latina,female,30‐39,5+ days per week,not very interested
R0819,F013,4,1,low,Black,female,30‐39,5+ days per week,not very interested
R0819,F039,5,0,low,White,female,30‐39,5+ days per week,not very interested
R0819,F046,4,0,low,Black,female,30‐39,5+ days per week,not very interested
R0819,F056,2,0,high,Latina,female,30‐39,5+ days per week,not very interested
R0819,F065,4,1,high,White,female,30‐39,5+ days per week,not very interested
R0819,F105,3,1,low,Asian American,female,30‐39,5+ days per week,not very interested
R0820,F001,4,1,high,Asian American,female,50‐59,a few times per year,not very interested
R0820,F010,3,0,low,Asian American,female,50‐59,a few times per year,not very interested
R0820,F011,3,0,low,Latina,female,50‐59,a few times per year,not very interested
R0820,F011,4,1,low,Latina,female,50‐59,a few times per year,not very interested
R0820,F035,4,1,low,White,female,50‐59,a few times per year,not very interested
R0820,F077,2,0,high,Black,female,50‐59,a few times per year,not very interested
R0820,F080,5,0,high,White,female,50‐59,a few times per year,not very interested
R0820,F113,3,1,high,Black,female,50‐59,a few times per year,not very interested
R0821,F007,4,0,low,Black,male,40‐49,about once per week,neutral
R0821,F037,3,1,high,Black,male,40‐49,about once per week,neutral
R0821,F047,4,0,high,White,male,40‐49,about once per week,neutral
R0821,F052,5,1,high,White,male,40‐49,about once per week,neutral
R0821,F057,4,0,low,Asian American,male,40‐49,about once per week,neutral
R0821,F059,5,1,low,Latina,male,40‐49,about once per week,neutral
R0821,F074,4,0,high,Latina,male,40‐49,about once per week,neutral
R0821,F105,4,1,low,Asian American,male,40‐49,about once per week,neutral
R0822,F021,4,0,low,Latina,female,40‐49,5+ days per week,not very interested
R0822,F022,3,0,high,Black,female,40‐49,5+ days per week,not very interested
R0822,F046,4,1,low,Black,female,40‐49,5+ days per week,not very interested
R0822,F067,4,1,high,Asian American,female,40‐49,5+ days per week,not very interested
R0822,F067,4,0,high,Asian American,female,40‐49,5+ days per week,not very interested
R0822,F079,5,1,low,White,female,40‐49,5+ days per week,not very interested
R0822,F092,4,1,high,Latina,female,40‐49,5+ days per week,not very interested
R0822,F093,3,0,low,White,female,40‐49,5+ days per week,not very interested
R0823,F001,2,0,high,Asian American,female,30‐39,5+ days per week,very interested
R0823,F010,2,1,low,Asian American,female,30‐39,5+ days per week,very interested
R0823,F012,3,0,high,Latina,female,30‐39,5+ days per week,very interested
R0823,F019,4,0,low,White,female,30‐39,5+ days per week,very interested
R0823,F040,3,1,low,Black,female,30‐39,5+ days per week,very interested
R0823,F050,3,0,low,Black,female,30‐39,5+ days per week,very interested
R0823,F065,3,1,high,White,female,30‐39,5+ days per week,very interested
R0823,F075,3,1,high,Latina,female,30‐39,5+ days per week,very interested
R0824,F005,2,1,high,White,female,60‐69,a few times per year,not very interested
R0824,F013,4,0,low,Black,female,60‐69,a few times per year,not very interested
R0824,F057,4,0,low,Asian American,female,60‐69,a few times per year,not very interested
R0824,F063,3,1,high,Black,female,60‐69,a few times per year,not very interested
R0824,F068,3,0,high,White,female,60‐69,a few times per year,not very interested
R0824,F089,4,0,high,Latina,female,60‐69,a few times per year,not very interested
R0824,F095,2,1,low,Asian American,female,60‐69,a few times per year,not very interested
R0824,F104,3,1,low,Latina,female,60‐69,a few times per year,not very interested
R0825,F009,4,1,low,White,male,30‐39,never,not very interested
R0825,F067,4,0,high,Asian American,male,30‐39,never,not very interested
R0825,F072,3,0,low,Latina,male,30‐39,never,not very interested
R0825,F075,3,1,high,Latina,male,30‐39,never,not very interested
R0825,F083,5,1,high,Asian American,male,30‐39,never,not very interested
R0825,F100,2,0,high,Black,male,30‐39,never,not very interested
R0825,F107,5,0,low,White,male,30‐39,never,not very interested
R0825,F114,2,1,low,Black,male,30‐39,never,not very interested
R0826,F015,3,0,low,Black,female,30‐39,5+ days per week,somewhat interested
R0826,F030,4,0,high,Latina,female,30‐39,5+ days per week,somewhat interested
R0826,F036,5,1,high,White,female,30‐39,5+ days per week,somewhat interested
R0826,F050,1,1,low,Black,female,30‐39,5+ days per week,somewhat interested
R0826,F056,4,1,high,Latina,female,30‐39,5+ days per week,somewhat interested
R0826,F057,3,1,low,Asian American,female,30‐39,5+ days per week,somewhat interested
R0826,F087,4,0,high,Asian American,female,30‐39,5+ days per week,somewhat interested
R0826,F108,5,0,low,White,female,30‐39,5+ days per week,somewhat interested
R0827,F002,3,1,high,Latina,male,30‐39,never,somewhat interested
R0827,F002,3,0,high,Latina,male,30‐39,never,somewhat interested
R0827,F018,3,1,low,Asian American,male,30‐39,never,somewhat interested
R0827,F020,4,0,low,White,male,30‐39,never,somewhat interested
R0827,F024,4,0,low,Black,male,30‐39,never,somewhat interested
R0827,F028,3,1,high,White,male,30‐39,never,somewhat interested
R0827,F069,2,1,low,Black,male,30‐39,never,somewhat interested
R0827,F083,3,0,high,Asian American,male,30‐39,never,somewhat interested
R0828,F011,3,1,low,Latina,male,60‐69,never,not at all interested
R0828,F016,3,1,high,White,male,60‐69,never,not at all interested
R0828,F056,4,0,high,Latina,male,60‐69,never,not at all interested
R0828,F086,3,1,high,Black,male,60‐69,never,not at all interested
R0828,F090,3,0,low,Asian American,male,60‐69,never,not at all interested
R0828,F097,3,1,low,Asian American,male,60‐69,never,not at all interested
R0828,F106,3,0,low,Black,male,60‐69,never,not at all interested
R0828,F111,4,0,high,White,male,60‐69,never,not at all interested
R0829,F020,4,1,low,White,male,40‐49,never,neutral
R0829,F033,2,1,high,Black,male,40‐49,never,neutral
R0829,F059,5,1,low,Latina,male,40‐49,never,neutral
R0829,F060,1,0,low,Asian American,male,40‐49,never,neutral
R0829,F064,4,0,high,White,male,40‐49,never,neutral
R0829,F067,4,1,high,Asian American,male,40‐49,never,neutral
R0829,F101,2,0,high,Black,male,40‐49,never,neutral
R0829,F103,3,0,low,Latina,male,40‐49,never,neutral
R0830,F017,5,0,high,Latina,female,50‐59,5+ days per week,not very interested
R0830,F038,5,1,low,Latina,female,50‐59,5+ days per week,not very interested
R0830,F049,3,1,high,Black,female,50‐59,5+ days per week,not very interested
R0830,F060,3,1,low,Asian American,female,50‐59,5+ days per week,not very interested
R0830,F081,5,0,high,White,female,50‐59,5+ days per week,not very interested
R0830,F088,3,0,low,Black,female,50‐59,5+ days per week,not very interested
R0830,F094,4,1,high,White,female,50‐59,5+ days per week,not very interested
R0830,F105,5,0,low,Asian American,female,50‐59,5+ days per week,not very interested
R0831,F017,2,0,high,Latina,male,20‐29,never,somewhat interested
R0831,F032,2,1,high,Latina,male,20‐29,never,somewhat interested
R0831,F034,1,0,high,Asian American,male,20‐29,never,somewhat interested
R0831,F041,3,1,high,White,male,20‐29,never,somewhat interested
R0831,F073,1,0,low,White,male,20‐29,never,somewhat interested
R0831,F091,1,1,low,Black,male,20‐29,never,somewhat interested
R0831,F097,3,1,low,Asian American,male,20‐29,never,somewhat interested
R0831,F106,2,0,low,Black,male,20‐29,never,somewhat interested
R0832,F003,3,1,low,White,female,30‐39,2-4 days per week,somewhat interested
R0832,F006,3,1,high,Asian American,female,30‐39,2-4 days per week,somewhat interested
R0832,F033,1,1,high,Black,female,30‐39,2-4 days per week,somewhat interested
R0832,F038,1,0,low,Latina,female,30‐39,2-4 days per week,somewhat interested
R0832,F042,4,0,high,White,female,30‐39,2-4 days per week,somewhat interested
R0832,F055,4,1,low,Latina,female,30‐39,2-4 days per week,somewhat interested
R0832,F086,1,0,high,Black,female,30‐39,2-4 days per week,somewhat interested
R0832,F116,1,0,low,Asian American,female,30‐39,2-4 days per week,somewhat interested
R0833,F010,4,1,low,Asian American,male,30‐39,never,not very interested
R0833,F015,3,0,low,Black,male,30‐39,never,not very interested
R0833,F018,3,0,low,Asian American,male,30‐39,never,not very interested
R0833,F025,4,0,high,Latina,male,30‐39,never,not very interested
R0833,F049,3,1,high,Black,male,30‐39,never,not very interested
R0833,F061,4,1,low,Latina,male,30‐39,never,not very interested
R0833,F071,4,1,high,White,male,30‐39,never,not very interested
R0833,F084,4,0,high,White,male,30‐39,never,not very interested
R0834,F002,1,1,high,Latina,female,50‐59,5+ days per week,not at all interested
R0834,F002,1,0,high,Latina,female,50‐59,5+ days per week,not at all interested
R0834,F004,2,0,low,White,female,50‐59,5+ days per week,not at all interested
R0834,F045,2,1,high,White,female,50‐59,5+ days per week,not at all interested
R0834,F048,1,1,low,Black,female,50‐59,5+ days per week,not at all interested
R0834,F060,2,1,low,Asian American,female,50‐59,5+ days per week,not at all interested
R0834,F067,2,0,high,Asian American,female,50‐59,5+ days per week,not at all interested
R0834,F114,2,0,low,Black,female,50‐59,5+ days per week,not at all interested
R0835,F020,4,1,low,White,male,60‐69,never,not at all interested
R0835,F021,2,0,low,Latina,male,60‐69,never,not at all interested
R0835,F021,3,1,low,Latina,male,60‐69,never,not at all interested
R0835,F027,2,1,high,Asian American,male,60‐69,never,not at all interested
R0835,F037,4,1,high,Black,male,60‐69,never,not at all interested
R0835,F084,5,0,high,White,male,60‐69,never,not at all interested
R0835,F101,4,0,high,Black,male,60‐69,never,not at all interested
R0835,F105,3,0,low,Asian American,male,60‐69,never,not at all interested
R0836,F020,4,0,low,White,male,50‐59,never,not very interested
R0836,F029,4,1,low,White,male,50‐59,never,not very interested
R0836,F032,2,1,high,Latina,male,50‐59,never,not very interested
R0836,F066,3,0,high,Black,male,50‐59,never,not very interested
R0836,F072,3,0,low,Latina,male,50‐59,never,not very interested
R0836,F083,3,0,high,Asian American,male,50‐59,never,not very interested
R0836,F110,3,1,high,Asian American,male,50‐59,never,not very interested
R0836,F115,3,1,low,Black,male,50‐59,never,not very interested
R0837,F036,5,0,high,White,male,30‐39,never,not at all interested
R0837,F038,3,1,low,Latina,male,30‐39,never,not at all interested
R0837,F057,1,0,low,Asian American,male,30‐39,never,not at all interested
R0837,F058,2,1,high,Black,male,30‐39,never,not at all interested
R0837,F072,4,0,low,Latina,male,30‐39,never,not at all interested
R0837,F085,4,1,low,White,male,30‐39,never,not at all interested
R0837,F087,2,1,high,Asian American,male,30‐39,never,not at all interested
R0837,F098,4,0,high,Black,male,30‐39,never,not at all interested
R0838,F011,3,1,low,Latina,female,50‐59,2-4 days per week,neutral
R0838,F045,4,1,high,White,female,50‐59,2-4 days per week,neutral
R0838,F050,2,0,low,Black,female,50‐59,2-4 days per week,neutral
R0838,F057,3,1,low,Asian American,female,50‐59,2-4 days per week,neutral
R0838,F066,4,1,high,Black,female,50‐59,2-4 days per week,neutral
R0838,F075,5,0,high,Latina,female,50‐59,2-4 days per week,neutral
R0838,F080,5,0,high,White,female,50‐59,2-4 days per week,neutral
R0838,F116,3,0,low,Asian American,female,50‐59,2-4 days per week,neutral
R0839,F006,2,0,high,Asian American,female,30‐39,a few times per year,somewhat interested
R0839,F013,2,0,low,Black,female,30‐39,a few times per year,somewhat interested
R0839,F014,4,0,low,White,female,30‐39,a few times per year,somewhat interested
R0839,F017,3,1,high,Latina,female,30‐39,a few times per year,somewhat interested
R0839,F071,3,1,high,White,female,30‐39,a few times per year,somewhat interested
R0839,F074,4,0,high,Latina,female,30‐39,a few times per year,somewhat interested
R0839,F088,1,1,low,Black,female,30‐39,a few times per year,somewhat interested
R0839,F116,4,1,low,Asian American,female,30‐39,a few times per year,somewhat interested
R0840,F013,4,1,low,Black,male,30‐39,never,neutral
R0840,F034,2,1,high,Asian American,male,30‐39,never,neutral
R0840,F038,3,0,low,Latina,male,30‐39,never,neutral
R0840,F056,2,1,high,Latina,male,30‐39,never,neutral
R0840,F096,2,0,low,White,male,30‐39,never,neutral
R0840,F101,3,0,high,Black,male,30‐39,never,neutral
R0840,F108,3,1,low,White,male,30‐39,never,neutral
R0840,F110,4,0,high,Asian American,male,30‐39,never,neutral
R0841,F002,3,1,high,Latina,female,30‐39,5+ days per week,somewhat interested
R0841,F006,4,1,high,Asian American,female,30‐39,5+ days per week,somewhat interested
R0841,F009,4,0,low,White,female,30‐39,5+ days per week,somewhat interested
R0841,F027,3,0,high,Asian American,female,30‐39,5+ days per week,somewhat interested
R0841,F054,3,1,low,Black,female,30‐39,5+ days per week,somewhat interested
R0841,F063,4,0,high,Black,female,30‐39,5+ days per week,somewhat interested
R0841,F103,4,0,low,Latina,female,30‐39,5+ days per week,somewhat interested
R0841,F107,4,1,low,White,female,30‐39,5+ days per week,somewhat interested
R0842,F002,2,0,high,Latina,male,30‐39,never,somewhat interested
R0842,F008,4,0,high,White,male,30‐39,never,somewhat interested
R0842,F021,4,1,low,Latina,male,30‐39,never,somewhat interested
R0842,F084,5,1,high,White,male,30‐39,never,somewhat interested
R0842,F090,3,1,low,Asian American,male,30‐39,never,somewhat interested
R0842,F091,3,0,low,Black,male,30‐39,never,somewhat interested
R0842,F095,3,0,low,Asian American,male,30‐39,never,somewhat interested
R0842,F101,4,1,high,Black,male,30‐39,never,somewhat interested
R0843,F023,6,1,high,Black,female,20‐29,5+ days per week,neutral
R0843,F035,4,1,low,White,female,20‐29,5+ days per week,neutral
R0843,F053,4,0,low,Latina,female,20‐29,5+ days per week,neutral
R0843,F076,2,0,high,Black,female,20‐29,5+ days per week,neutral
R0843,F078,5,1,low,Latina,female,20‐29,5+ days per week,neutral
R0843,F081,3,0,high,White,female,20‐29,5+ days per week,neutral
R0843,F095,2,0,low,Asian American,female,20‐29,5+ days per week,neutral
R0843,F110,4,1,high,Asian American,female,20‐29,5+ days per week,neutral
R0844,F027,2,0,high,Asian American,male,20‐29,never,not very interested
R0844,F035,3,0,low,White,male,20‐29,never,not very interested
R0844,F042,6,1,high,White,male,20‐29,never,not very interested
R0844,F074,5,1,high,Latina,male,20‐29,never,not very interested
R0844,F075,6,0,high,Latina,male,20‐29,never,not very interested
R0844,F095,3,1,low,Asian American,male,20‐29,never,not very interested
R0844,F102,4,1,low,Black,male,20‐29,never,not very interested
R0844,F102,4,0,low,Black,male,20‐29,never,not very interested
R0845,F001,4,0,high,Asian American,male,30‐39,never,not very interested
R0845,F011,4,0,low,Latina,male,30‐39,never,not very interested
R0845,F025,2,1,high,Latina,male,30‐39,never,not very interested
R0845,F048,2,1,low,Black,male,30‐39,never,not very interested
R0845,F051,3,1,high,Asian American,male,30‐39,never,not very interested
R0845,F073,4,0,low,White,male,30‐39,never,not very interested
R0845,F079,5,1,low,White,male,30‐39,never,not very interested
R0845,F113,4,0,high,Black,male,30‐39,never,not very interested
R0846,F012,3,1,high,Latina,female,30‐39,1-3 days per month,somewhat interested
R0846,F030,5,0,high,Latina,female,30‐39,1-3 days per month,somewhat interested
R0846,F054,3,1,low,Black,female,30‐39,1-3 days per month,somewhat interested
R0846,F081,3,1,high,White,female,30‐39,1-3 days per month,somewhat interested
R0846,F088,4,0,low,Black,female,30‐39,1-3 days per month,somewhat interested
R0846,F090,3,1,low,Asian American,female,30‐39,1-3 days per month,somewhat interested
R0846,F093,4,0,low,White,female,30‐39,1-3 days per month,somewhat interested
R0846,F110,4,0,high,Asian American,female,30‐39,1-3 days per month,somewhat interested
R0847,F001,2,1,high,Asian American,female,50‐59,never,not very interested
R0847,F055,3,0,low,Latina,female,50‐59,never,not very interested
R0847,F061,2,1,low,Latina,female,50‐59,never,not very interested
R0847,F062,2,1,high,Black,female,50‐59,never,not very interested
R0847,F063,3,0,high,Black,female,50‐59,never,not very interested
R0847,F065,3,0,high,White,female,50‐59,never,not very interested
R0847,F097,2,0,low,Asian American,female,50‐59,never,not very interested
R0847,F099,2,1,low,White,female,50‐59,never,not very interested
R0848,F013,3,1,low,Black,female,50‐59,2-4 days per week,very interested
R0848,F030,5,1,high,Latina,female,50‐59,2-4 days per week,very interested
R0848,F052,5,1,high,White,female,50‐59,2-4 days per week,very interested
R0848,F087,2,0,high,Asian American,female,50‐59,2-4 days per week,very interested
R0848,F092,5,0,high,Latina,female,50‐59,2-4 days per week,very interested
R0848,F105,2,1,low,Asian American,female,50‐59,2-4 days per week,very interested
R0848,F106,2,0,low,Black,female,50‐59,2-4 days per week,very interested
R0848,F108,4,0,low,White,female,50‐59,2-4 days per week,very interested
R0849,F001,4,1,high,Asian American,female,20‐29,5+ days per week,very interested
R0849,F029,5,0,low,White,female,20‐29,5+ days per week,very interested
R0849,F030,4,1,high,Latina,female,20‐29,5+ days per week,very interested
R0849,F039,5,1,low,White,female,20‐29,5+ days per week,very interested
R0849,F051,4,0,high,Asian American,female,20‐29,5+ days per week,very interested
R0849,F053,4,0,low,Latina,female,20‐29,5+ days per week,very interested
R0849,F054,3,1,low,Black,female,20‐29,5+ days per week,very interested
R0849,F077,4,0,high,Black,female,20‐29,5+ days per week,very interested
R0850,F003,1,0,low,White,female,30‐39,5+ days per week,very interested
R0850,F006,1,0,high,Asian American,female,30‐39,5+ days per week,very interested
R0850,F012,2,0,high,Latina,female,30‐39,5+ days per week,very interested
R0850,F054,1,0,low,Black,female,30‐39,5+ days per week,very interested
R0850,F056,3,1,high,Latina,female,30‐39,5+ days per week,very interested
R0850,F069,1,1,low,Black,female,30‐39,5+ days per week,very interested
R0850,F090,1,1,low,Asian American,female,30‐39,5+ days per week,very interested
R0850,F094,4,1,high,White,female,30‐39,5+ days per week,very interested
R0851,F023,2,1,high,Black,female,50‐59,a few times per year,somewhat interested
R0851,F030,4,0,high,Latina,female,50‐59,a few times per year,somewhat interested
R0851,F042,4,1,high,White,female,50‐59,a few times per year,somewhat interested
R0851,F055,1,1,low,Latina,female,50‐59,a few times per year,somewhat interested
R0851,F071,1,0,high,White,female,50‐59,a few times per year,somewhat interested
R0851,F095,1,0,low,Asian American,female,50‐59,a few times per year,somewhat interested
R0851,F114,1,0,low,Black,female,50‐59,a few times per year,somewhat interested
R0851,F116,1,1,low,Asian American,female,50‐59,a few times per year,somewhat interested
R0852,F001,3,1,high,Asian American,female,20‐29,5+ days per week,somewhat interested
R0852,F009,4,1,low,White,female,20‐29,5+ days per week,somewhat interested
R0852,F046,3,1,low,Black,female,20‐29,5+ days per week,somewhat interested
R0852,F059,4,0,low,Latina,female,20‐29,5+ days per week,somewhat interested
R0852,F066,3,0,high,Black,female,20‐29,5+ days per week,somewhat interested
R0852,F083,4,0,high,Asian American,female,20‐29,5+ days per week,somewhat interested
R0852,F089,3,1,high,Latina,female,20‐29,5+ days per week,somewhat interested
R0852,F099,2,0,low,White,female,20‐29,5+ days per week,somewhat interested
R0853,F004,1,1,low,White,male,40‐49,never,not very interested
R0853,F011,3,1,low,Latina,male,40‐49,never,not very interested
R0853,F045,4,0,high,White,male,40‐49,never,not very interested
R0853,F049,2,1,high,Black,male,40‐49,never,not very interested
R0853,F051,3,1,high,Asian American,male,40‐49,never,not very interested
R0853,F082,4,0,high,Black,male,40‐49,never,not very interested
R0853,F104,2,0,low,Latina,male,40‐49,never,not very interested
R0853,F116,3,0,low,Asian American,male,40‐49,never,not very interested
R0854,F051,1,0,high,Asian American,female,30‐39,about once per week,neutral
R0854,F070,5,1,low,Black,female,30‐39,about once per week,neutral
R0854,F075,2,1,high,Latina,female,30‐39,about once per week,neutral
R0854,F083,4,1,high,Asian American,female,30‐39,about once per week,neutral
R0854,F093,3,1,low,White,female,30‐39,about once per week,neutral
R0854,F098,5,0,high,Black,female,30‐39,about once per week,neutral
R0854,F104,3,0,low,Latina,female,30‐39,about once per week,neutral
R0854,F107,2,0,low,White,female,30‐39,about once per week,neutral
R0855,F009,4,0,low,White,female,50‐59,2-4 days per week,somewhat interested
R0855,F013,4,0,low,Black,female,50‐59,2-4 days per week,somewhat interested
R0855,F024,2,1,low,Black,female,50‐59,2-4 days per week,somewhat interested
R0855,F025,4,1,high,Latina,female,50‐59,2-4 days per week,somewhat interested
R0855,F025,2,0,high,Latina,female,50‐59,2-4 days per week,somewhat interested
R0855,F057,3,1,low,Asian American,female,50‐59,2-4 days per week,somewhat interested
R0855,F067,4,0,high,Asian American,female,50‐59,2-4 days per week,somewhat interested
R0855,F068,4,1,high,White,female,50‐59,2-4 days per week,somewhat interested
R0856,F006,2,1,high,Asian American,female,30‐39,5+ days per week,very interested
R0856,F029,3,1,low,White,female,30‐39,5+ days per week,very interested
R0856,F053,4,1,low,Latina,female,30‐39,5+ days per week,very interested
R0856,F058,2,0,high,Black,female,30‐39,5+ days per week,very interested
R0856,F059,2,0,low,Latina,female,30‐39,5+ days per week,very interested
R0856,F066,1,1,high,Black,female,30‐39,5+ days per week,very interested
R0856,F105,2,0,low,Asian American,female,30‐39,5+ days per week,very interested
R0856,F111,3,0,high,White,female,30‐39,5+ days per week,very interested
R0857,F018,4,1,low,Asian American,male,50‐59,never,not very interested
R0857,F032,4,0,high,Latina,male,50‐59,never,not very interested
R0857,F048,3,0,low,Black,male,50‐59,never,not very interested
R0857,F065,4,1,high,White,male,50‐59,never,not very interested
R0857,F086,3,1,high,Black,male,50‐59,never,not very interested
R0857,F094,5,0,high,White,male,50‐59,never,not very interested
R0857,F097,4,0,low,Asian American,male,50‐59,never,not very interested
R0857,F103,4,1,low,Latina,male,50‐59,never,not very interested
R0858,F012,3,1,high,Latina,female,40‐49,about once per week,not very interested
R0858,F014,5,1,low,White,female,40‐49,about once per week,not very interested
R0858,F021,3,0,low,Latina,female,40‐49,about once per week,not very interested
R0858,F027,3,1,high,Asian American,female,40‐49,about once per week,not very interested
R0858,F079,4,0,low,White,female,40‐49,about once per week,not very interested
R0858,F088,3,1,low,Black,female,40‐49,about once per week,not very interested
R0858,F109,3,0,high,Black,female,40‐49,about once per week,not very interested
R0858,F110,3,0,high,Asian American,female,40‐49,about once per week,not very interested
R0859,F018,3,0,low,Asian American,female,50‐59,2-4 days per week,somewhat interested
R0859,F026,4,1,high,White,female,50‐59,2-4 days per week,somewhat interested
R0859,F026,4,0,high,White,female,50‐59,2-4 days per week,somewhat interested
R0859,F056,3,0,high,Latina,female,50‐59,2-4 days per week,somewhat interested
R0859,F077,3,1,high,Black,female,50‐59,2-4 days per week,somewhat interested
R0859,F078,3,1,low,Latina,female,50‐59,2-4 days per week,somewhat interested
R0859,F097,3,1,low,Asian American,female,50‐59,2-4 days per week,somewhat interested
R0859,F115,3,0,low,Black,female,50‐59,2-4 days per week,somewhat interested
R0860,F010,3,0,low,Asian American,male,50‐59,never,not very interested
R0860,F033,4,1,high,Black,male,50‐59,never,not very interested
R0860,F041,4,0,high,White,male,50‐59,never,not very interested
R0860,F054,3,0,low,Black,male,50‐59,never,not very interested
R0860,F072,3,1,low,Latina,male,50‐59,never,not very interested
R0860,F080,5,1,high,White,male,50‐59,never,not very interested
R0860,F092,4,0,high,Latina,male,50‐59,never,not very interested
R0860,F095,3,1,low,Asian American,male,50‐59,never,not very interested
R0861,F027,3,1,high,Asian American,female,40‐49,5+ days per week,not very interested
R0861,F038,2,0,low,Latina,female,40‐49,5+ days per week,not very interested
R0861,F055,2,1,low,Latina,female,40‐49,5+ days per week,not very interested
R0861,F066,2,0,high,Black,female,40‐49,5+ days per week,not very interested
R0861,F094,4,0,high,White,female,40‐49,5+ days per week,not very interested
R0861,F096,4,1,low,White,female,40‐49,5+ days per week,not very interested
R0861,F097,1,0,low,Asian American,female,40‐49,5+ days per week,not very interested
R0861,F100,1,1,high,Black,female,40‐49,5+ days per week,not very interested
R0862,F043,4,0,low,Black,female,30‐39,2-4 days per week,somewhat interested
R0862,F056,3,0,high,Latina,female,30‐39,2-4 days per week,somewhat interested
R0862,F083,4,0,high,Asian American,female,30‐39,2-4 days per week,somewhat interested
R0862,F091,4,1,low,Black,female,30‐39,2-4 days per week,somewhat interested
R0862,F092,4,1,high,Latina,female,30‐39,2-4 days per week,somewhat interested
R0862,F096,3,0,low,White,female,30‐39,2-4 days per week,somewhat interested
R0862,F097,3,1,low,Asian American,female,30‐39,2-4 days per week,somewhat interested
R0862,F111,3,1,high,White,female,30‐39,2-4 days per week,somewhat interested
R0863,F004,2,0,low,White,female,40‐49,5+ days per week,very interested
R0863,F006,1,0,high,Asian American,female,40‐49,5+ days per week,very interested
R0863,F013,3,1,low,Black,female,40‐49,5+ days per week,very interested
R0863,F017,2,1,high,Latina,female,40‐49,5+ days per week,very interested
R0863,F061,1,0,low,Latina,female,40‐49,5+ days per week,very interested
R0863,F082,3,0,high,Black,female,40‐49,5+ days per week,very interested
R0863,F087,2,1,high,Asian American,female,40‐49,5+ days per week,very interested
R0863,F112,2,1,low,White,female,40‐49,5+ days per week,very interested
R0864,F001,3,0,high,Asian American,male,20‐29,never,not very interested
R0864,F026,4,1,high,White,male,20‐29,never,not very interested
R0864,F030,4,0,high,Latina,male,20‐29,never,not very interested
R0864,F075,4,1,high,Latina,male,20‐29,never,not very interested
R0864,F088,3,1,low,Black,male,20‐29,never,not very interested
R0864,F095,4,1,low,Asian American,male,20‐29,never,not very interested
R0864,F112,4,0,low,White,male,20‐29,never,not very interested
R0864,F114,4,0,low,Black,male,20‐29,never,not very interested
R0865,F028,4,0,high,White,female,30‐39,1-3 days per month,not very interested
R0865,F034,3,1,high,Asian American,female,30‐39,1-3 days per month,not very interested
R0865,F044,3,1,low,White,female,30‐39,1-3 days per month,not very interested
R0865,F049,3,0,high,Black,female,30‐39,1-3 days per month,not very interested
R0865,F053,3,1,low,Latina,female,30‐39,1-3 days per month,not very interested
R0865,F057,4,0,low,Asian American,female,30‐39,1-3 days per month,not very interested
R0865,F061,4,0,low,Latina,female,30‐39,1-3 days per month,not very interested
R0865,F076,2,1,high,Black,female,30‐39,1-3 days per month,not very interested
R0866,F003,3,1,low,White,female,40‐49,2-4 days per week,very interested
R0866,F017,4,1,high,Latina,female,40‐49,2-4 days per week,very interested
R0866,F034,5,1,high,Asian American,female,40‐49,2-4 days per week,very interested
R0866,F049,3,0,high,Black,female,40‐49,2-4 days per week,very interested
R0866,F050,4,1,low,Black,female,40‐49,2-4 days per week,very interested
R0866,F085,4,0,low,White,female,40‐49,2-4 days per week,very interested
R0866,F087,5,0,high,Asian American,female,40‐49,2-4 days per week,very interested
R0866,F104,4,0,low,Latina,female,40‐49,2-4 days per week,very interested
R0867,F015,3,1,low,Black,female,30‐39,5+ days per week,very interested
R0867,F025,4,1,high,Latina,female,30‐39,5+ days per week,very interested
R0867,F029,4,0,low,White,female,30‐39,5+ days per week,very interested
R0867,F034,3,0,high,Asian American,female,30‐39,5+ days per week,very interested
R0867,F064,3,1,high,White,female,30‐39,5+ days per week,very interested
R0867,F074,3,0,high,Latina,female,30‐39,5+ days per week,very interested
R0867,F102,3,0,low,Black,female,30‐39,5+ days per week,very interested
R0867,F116,3,1,low,Asian American,female,30‐39,5+ days per week,very interested
R0868,F010,2,0,low,Asian American,male,70 and above,never,somewhat interested
R0868,F022,1,0,high,Black,male,70 and above,never,somewhat interested
R0868,F055,4,0,low,Latina,male,70 and above,never,somewhat interested
R0868,F068,2,0,high,White,male,70 and above,never,somewhat interested
R0868,F073,4,1,low,White,male,70 and above,never,somewhat interested
R0868,F104,4,1,low,Latina,male,70 and above,never,somewhat interested
R0868,F110,2,1,high,Asian American,male,70 and above,never,somewhat interested
R0868,F113,2,1,high,Black,male,70 and above,never,somewhat interested
R0869,F006,3,1,high,Asian American,female,30‐39,1-3 days per month,somewhat interested
R0869,F014,2,0,low,White,female,30‐39,1-3 days per month,somewhat interested
R0869,F021,4,0,low,Latina,female,30‐39,1-3 days per month,somewhat interested
R0869,F033,5,0,high,Black,female,30‐39,1-3 days per month,somewhat interested
R0869,F056,2,1,high,Latina,female,30‐39,1-3 days per month,somewhat interested
R0869,F067,3,0,high,Asian American,female,30‐39,1-3 days per month,somewhat interested
R0869,F085,2,1,low,White,female,30‐39,1-3 days per month,somewhat interested
R0869,F114,2,1,low,Black,female,30‐39,1-3 days per month,somewhat interested
R0870,F032,2,0,high,Latina,female,60‐69,5+ days per week,somewhat interested
R0870,F036,4,0,high,White,female,60‐69,5+ days per week,somewhat interested
R0870,F050,1,0,low,Black,female,60‐69,5+ days per week,somewhat interested
R0870,F061,2,1,low,Latina,female,60‐69,5+ days per week,somewhat interested
R0870,F081,2,1,high,White,female,60‐69,5+ days per week,somewhat interested
R0870,F082,1,1,high,Black,female,60‐69,5+ days per week,somewhat interested
R0870,F105,2,1,low,Asian American,female,60‐69,5+ days per week,somewhat interested
R0870,F116,2,0,low,Asian American,female,60‐69,5+ days per week,somewhat interested
R0871,F014,2,1,low,White,male,70 and above,never,somewhat interested
R0871,F053,2,0,low,Latina,male,70 and above,never,somewhat interested
R0871,F067,4,1,high,Asian American,male,70 and above,never,somewhat interested
R0871,F071,2,0,high,White,male,70 and above,never,somewhat interested
R0871,F077,2,1,high,Black,male,70 and above,never,somewhat interested
R0871,F078,3,1,low,Latina,male,70 and above,never,somewhat interested
R0871,F095,2,0,low,Asian American,male,70 and above,never,somewhat interested
R0871,F109,2,0,high,Black,male,70 and above,never,somewhat interested
R0872,F002,3,1,high,Latina,female,40‐49,2-4 days per week,somewhat interested
R0872,F008,5,1,high,White,female,40‐49,2-4 days per week,somewhat interested
R0872,F015,2,0,low,Black,female,40‐49,2-4 days per week,somewhat interested
R0872,F017,2,0,high,Latina,female,40‐49,2-4 days per week,somewhat interested
R0872,F050,2,1,low,Black,female,40‐49,2-4 days per week,somewhat interested
R0872,F051,2,0,high,Asian American,female,40‐49,2-4 days per week,somewhat interested
R0872,F060,3,1,low,Asian American,female,40‐49,2-4 days per week,somewhat interested
R0872,F085,2,0,low,White,female,40‐49,2-4 days per week,somewhat interested
R0873,F015,2,1,low,Black,female,50‐59,5+ days per week,neutral
R0873,F030,4,1,high,Latina,female,50‐59,5+ days per week,neutral
R0873,F034,3,0,high,Asian American,female,50‐59,5+ days per week,neutral
R0873,F035,2,1,low,White,female,50‐59,5+ days per week,neutral
R0873,F037,5,0,high,Black,female,50‐59,5+ days per week,neutral
R0873,F039,5,0,low,White,female,50‐59,5+ days per week,neutral
R0873,F053,4,0,low,Latina,female,50‐59,5+ days per week,neutral
R0873,F067,4,1,high,Asian American,female,50‐59,5+ days per week,neutral
R0874,F002,2,0,high,Latina,male,50‐59,never,not at all interested
R0874,F005,5,1,high,White,male,50‐59,never,not at all interested
R0874,F007,3,0,low,Black,male,50‐59,never,not at all interested
R0874,F018,5,1,low,Asian American,male,50‐59,never,not at all interested
R0874,F027,4,0,high,Asian American,male,50‐59,never,not at all interested
R0874,F040,4,1,low,Black,male,50‐59,never,not at all interested
R0874,F073,5,0,low,White,male,50‐59,never,not at all interested
R0874,F092,5,1,high,Latina,male,50‐59,never,not at all interested
R0875,F010,3,1,low,Asian American,female,40‐49,5+ days per week,neutral
R0875,F024,3,0,low,Black,female,40‐49,5+ days per week,neutral
R0875,F041,3,1,high,White,female,40‐49,5+ days per week,neutral
R0875,F045,3,0,high,White,female,40‐49,5+ days per week,neutral
R0875,F055,3,1,low,Latina,female,40‐49,5+ days per week,neutral
R0875,F057,2,0,low,Asian American,female,40‐49,5+ days per week,neutral
R0875,F074,3,0,high,Latina,female,40‐49,5+ days per week,neutral
R0875,F113,3,1,high,Black,female,40‐49,5+ days per week,neutral
R0876,F001,3,0,high,Asian American,female,50‐59,1-3 days per month,neutral
R0876,F019,5,1,low,White,female,50‐59,1-3 days per month,neutral
R0876,F022,3,0,high,Black,female,50‐59,1-3 days per month,neutral
R0876,F025,6,1,high,Latina,female,50‐59,1-3 days per month,neutral
R0876,F040,4,1,low,Black,female,50‐59,1-3 days per month,neutral
R0876,F051,4,1,high,Asian American,female,50‐59,1-3 days per month,neutral
R0876,F078,4,0,low,Latina,female,50‐59,1-3 days per month,neutral
R0876,F093,5,0,low,White,female,50‐59,1-3 days per month,neutral
R0877,F037,4,0,high,Black,female,30‐39,5+ days per week,neutral
R0877,F038,3,0,low,Latina,female,30‐39,5+ days per week,neutral
R0877,F039,3,1,low,White,female,30‐39,5+ days per week,neutral
R0877,F063,4,1,high,Black,female,30‐39,5+ days per week,neutral
R0877,F067,3,1,high,Asian American,female,30‐39,5+ days per week,neutral
R0877,F072,2,1,low,Latina,female,30‐39,5+ days per week,neutral
R0877,F081,5,0,high,White,female,30‐39,5+ days per week,neutral
R0877,F097,2,0,low,Asian American,female,30‐39,5+ days per week,neutral
R0878,F016,4,1,high,White,female,20‐29,never,not very interested
R0878,F017,3,1,high,Latina,female,20‐29,never,not very interested
R0878,F025,5,0,high,Latina,female,20‐29,never,not very interested
R0878,F054,3,1,low,Black,female,20‐29,never,not very interested
R0878,F079,5,0,low,White,female,20‐29,never,not very interested
R0878,F088,2,0,low,Black,female,20‐29,never,not very interested
R0878,F095,2,1,low,Asian American,female,20‐29,never,not very interested
R0878,F110,3,0,high,Asian American,female,20‐29,never,not very interested
R0879,F010,3,1,low,Asian American,female,30‐39,2-4 days per week,somewhat interested
R0879,F016,3,0,high,White,female,30‐39,2-4 days per week,somewhat interested
R0879,F017,2,0,high,Latina,female,30‐39,2-4 days per week,somewhat interested
R0879,F088,2,0,low,Black,female,30‐39,2-4 days per week,somewhat interested
R0879,F097,4,0,low,Asian American,female,30‐39,2-4 days per week,somewhat interested
R0879,F098,4,1,high,Black,female,30‐39,2-4 days per week,somewhat interested
R0879,F104,4,1,low,Latina,female,30‐39,2-4 days per week,somewhat interested
R0879,F111,5,1,high,White,female,30‐39,2-4 days per week,somewhat interested
R0880,F029,2,1,low,White,female,30‐39,never,somewhat interested
R0880,F034,4,1,high,Asian American,female,30‐39,never,somewhat interested
R0880,F048,1,1,low,Black,female,30‐39,never,somewhat interested
R0880,F055,2,0,low,Latina,female,30‐39,never,somewhat interested
R0880,F076,3,0,high,Black,female,30‐39,never,somewhat interested
R0880,F083,4,0,high,Asian American,female,30‐39,never,somewhat interested
R0880,F092,6,1,high,Latina,female,30‐39,never,somewhat interested
R0880,F112,2,0,low,White,female,30‐39,never,somewhat interested
R0881,F012,4,1,high,Latina,female,40‐49,2-4 days per week,neutral
R0881,F018,3,1,low,Asian American,female,40‐49,2-4 days per week,neutral
R0881,F020,3,0,low,White,female,40‐49,2-4 days per week,neutral
R0881,F040,3,0,low,Black,female,40‐49,2-4 days per week,neutral
R0881,F043,4,1,low,Black,female,40‐49,2-4 days per week,neutral
R0881,F056,4,0,high,Latina,female,40‐49,2-4 days per week,neutral
R0881,F083,4,0,high,Asian American,female,40‐49,2-4 days per week,neutral
R0881,F094,4,1,high,White,female,40‐49,2-4 days per week,neutral
R0882,F006,4,1,high,Asian American,male,60‐69,never,somewhat interested
R0882,F018,2,0,low,Asian American,male,60‐69,never,somewhat interested
R0882,F026,4,0,high,White,male,60‐69,never,somewhat interested
R0882,F031,4,1,high,Black,male,60‐69,never,somewhat interested
R0882,F072,4,0,low,Latina,male,60‐69,never,somewhat interested
R0882,F079,5,1,low,White,male,60‐69,never,somewhat interested
R0882,F103,3,1,low,Latina,male,60‐69,never,somewhat interested
R0882,F113,2,0,high,Black,male,60‐69,never,somewhat interested
R0883,F002,2,1,high,Latina,female,30‐39,5+ days per week,neutral
R0883,F019,3,0,low,White,female,30‐39,5+ days per week,neutral
R0883,F067,3,0,high,Asian American,female,30‐39,5+ days per week,neutral
R0883,F069,3,1,low,Black,female,30‐39,5+ days per week,neutral
R0883,F072,4,0,low,Latina,female,30‐39,5+ days per week,neutral
R0883,F073,4,1,low,White,female,30‐39,5+ days per week,neutral
R0883,F100,3,0,high,Black,female,30‐39,5+ days per week,neutral
R0883,F110,4,1,high,Asian American,female,30‐39,5+ days per week,neutral
R0884,F007,4,1,low,Black,female,30‐39,5+ days per week,somewhat interested
R0884,F027,3,0,high,Asian American,female,30‐39,5+ days per week,somewhat interested
R0884,F044,2,0,low,White,female,30‐39,5+ days per week,somewhat interested
R0884,F048,2,0,low,Black,female,30‐39,5+ days per week,somewhat interested
R0884,F052,2,1,high,White,female,30‐39,5+ days per week,somewhat interested
R0884,F056,4,1,high,Latina,female,30‐39,5+ days per week,somewhat interested
R0884,F075,5,0,high,Latina,female,30‐39,5+ days per week,somewhat interested
R0884,F090,2,1,low,Asian American,female,30‐39,5+ days per week,somewhat interested
R0885,F006,4,1,high,Asian American,female,40‐49,2-4 days per week,neutral
R0885,F031,4,0,high,Black,female,40‐49,2-4 days per week,neutral
R0885,F044,3,1,low,White,female,40‐49,2-4 days per week,neutral
R0885,F075,3,1,high,Latina,female,40‐49,2-4 days per week,neutral
R0885,F102,2,1,low,Black,female,40‐49,2-4 days per week,neutral
R0885,F103,3,0,low,Latina,female,40‐49,2-4 days per week,neutral
R0885,F108,3,0,low,White,female,40‐49,2-4 days per week,neutral
R0885,F110,2,0,high,Asian American,female,40‐49,2-4 days per week,neutral
R0886,F046,1,0,low,Black,female,40‐49,2-4 days per week,somewhat interested
R0886,F056,2,0,high,Latina,female,40‐49,2-4 days per week,somewhat interested
R0886,F059,3,1,low,Latina,female,40‐49,2-4 days per week,somewhat interested
R0886,F060,4,0,low,Asian American,female,40‐49,2-4 days per week,somewhat interested
R0886,F076,4,1,high,Black,female,40‐49,2-4 days per week,somewhat interested
R0886,F080,5,1,high,White,female,40‐49,2-4 days per week,somewhat interested
R0886,F084,5,0,high,White,female,40‐49,2-4 days per week,somewhat interested
R0886,F116,2,1,low,Asian American,female,40‐49,2-4 days per week,somewhat interested
R0887,F005,4,0,high,White,male,50‐59,never,neutral
R0887,F010,3,0,low,Asian American,male,50‐59,never,neutral
R0887,F033,4,0,high,Black,male,50‐59,never,neutral
R0887,F061,5,1,low,Latina,male,50‐59,never,neutral
R0887,F098,4,1,high,Black,male,50‐59,never,neutral
R0887,F103,4,0,low,Latina,male,50‐59,never,neutral
R0887,F110,4,1,high,Asian American,male,50‐59,never,neutral
R0887,F112,4,1,low,White,male,50‐59,never,neutral
R0888,F010,2,1,low,Asian American,female,30‐39,5+ days per week,very interested
R0888,F012,3,0,high,Latina,female,30‐39,5+ days per week,very interested
R0888,F024,2,0,low,Black,female,30‐39,5+ days per week,very interested
R0888,F074,3,1,high,Latina,female,30‐39,5+ days per week,very interested
R0888,F084,3,1,high,White,female,30‐39,5+ days per week,very interested
R0888,F087,1,0,high,Asian American,female,30‐39,5+ days per week,very interested
R0888,F107,3,0,low,White,female,30‐39,5+ days per week,very interested
R0888,F114,2,1,low,Black,female,30‐39,5+ days per week,very interested
R0889,F020,4,1,low,White,female,50‐59,a few times per year,neutral
R0889,F020,4,0,low,White,female,50‐59,a few times per year,neutral
R0889,F027,5,1,high,Asian American,female,50‐59,a few times per year,neutral
R0889,F059,4,0,low,Latina,female,50‐59,a few times per year,neutral
R0889,F062,5,0,high,Black,female,50‐59,a few times per year,neutral
R0889,F074,4,1,high,Latina,female,50‐59,a few times per year,neutral
R0889,F087,4,0,high,Asian American,female,50‐59,a few times per year,neutral
R0889,F091,4,1,low,Black,female,50‐59,a few times per year,neutral
R0890,F011,5,0,low,Latina,female,40‐49,5+ days per week,very interested
R0890,F021,1,1,low,Latina,female,40‐49,5+ days per week,very interested
R0890,F031,4,1,high,Black,female,40‐49,5+ days per week,very interested
R0890,F034,2,1,high,Asian American,female,40‐49,5+ days per week,very interested
R0890,F065,4,0,high,White,female,40‐49,5+ days per week,very interested
R0890,F108,4,1,low,White,female,40‐49,5+ days per week,very interested
R0890,F113,3,0,high,Black,female,40‐49,5+ days per week,very interested
R0890,F116,1,0,low,Asian American,female,40‐49,5+ days per week,very interested
R0891,F003,5,0,low,White,female,30‐39,2-4 days per week,not very interested
R0891,F024,3,1,low,Black,female,30‐39,2-4 days per week,not very interested
R0891,F027,3,0,high,Asian American,female,30‐39,2-4 days per week,not very interested
R0891,F032,4,1,high,Latina,female,30‐39,2-4 days per week,not very interested
R0891,F051,4,1,high,Asian American,female,30‐39,2-4 days per week,not very interested
R0891,F061,5,0,low,Latina,female,30‐39,2-4 days per week,not very interested
R0891,F086,5,0,high,Black,female,30‐39,2-4 days per week,not very interested
R0891,F096,3,1,low,White,female,30‐39,2-4 days per week,not very interested
R0892,F001,1,0,high,Asian American,female,40‐49,5+ days per week,somewhat interested
R0892,F019,4,0,low,White,female,40‐49,5+ days per week,somewhat interested
R0892,F045,4,1,high,White,female,40‐49,5+ days per week,somewhat interested
R0892,F069,1,0,low,Black,female,40‐49,5+ days per week,somewhat interested
R0892,F075,5,1,high,Latina,female,40‐49,5+ days per week,somewhat interested
R0892,F089,3,0,high,Latina,female,40‐49,5+ days per week,somewhat interested
R0892,F102,6,1,low,Black,female,40‐49,5+ days per week,somewhat interested
R0892,F105,4,1,low,Asian American,female,40‐49,5+ days per week,somewhat interested
R0893,F004,3,1,low,White,female,50‐59,2-4 days per week,very interested
R0893,F006,1,0,high,Asian American,female,50‐59,2-4 days per week,very interested
R0893,F011,1,0,low,Latina,female,50‐59,2-4 days per week,very interested
R0893,F012,2,1,high,Latina,female,50‐59,2-4 days per week,very interested
R0893,F023,1,0,high,Black,female,50‐59,2-4 days per week,very interested
R0893,F035,1,0,low,White,female,50‐59,2-4 days per week,very interested
R0893,F087,1,1,high,Asian American,female,50‐59,2-4 days per week,very interested
R0893,F106,2,1,low,Black,female,50‐59,2-4 days per week,very interested
R0894,F007,3,0,low,Black,male,40‐49,never,not very interested
R0894,F010,2,0,low,Asian American,male,40‐49,never,not very interested
R0894,F021,1,1,low,Latina,male,40‐49,never,not very interested
R0894,F030,5,0,high,Latina,male,40‐49,never,not very interested
R0894,F037,4,1,high,Black,male,40‐49,never,not very interested
R0894,F064,2,0,high,White,male,40‐49,never,not very interested
R0894,F071,6,1,high,White,male,40‐49,never,not very interested
R0894,F097,2,1,low,Asian American,male,40‐49,never,not very interested
R0895,F027,3,1,high,Asian American,female,40‐49,5+ days per week,somewhat interested
R0895,F038,3,0,low,Latina,female,40‐49,5+ days per week,somewhat interested
R0895,F047,5,0,high,White,female,40‐49,5+ days per week,somewhat interested
R0895,F057,1,0,low,Asian American,female,40‐49,5+ days per week,somewhat interested
R0895,F066,5,0,high,Black,female,40‐49,5+ days per week,somewhat interested
R0895,F066,6,1,high,Black,female,40‐49,5+ days per week,somewhat interested
R0895,F104,5,1,low,Latina,female,40‐49,5+ days per week,somewhat interested
R0895,F112,5,1,low,White,female,40‐49,5+ days per week,somewhat interested
R0896,F012,5,0,high,Latina,male,20‐29,never,not at all interested
R0896,F013,5,0,low,Black,male,20‐29,never,not at all interested
R0896,F016,5,1,high,White,male,20‐29,never,not at all interested
R0896,F022,4,1,high,Black,male,20‐29,never,not at all interested
R0896,F053,4,1,low,Latina,male,20‐29,never,not at all interested
R0896,F057,1,1,low,Asian American,male,20‐29,never,not at all interested
R0896,F080,6,0,high,White,male,20‐29,never,not at all interested
R0896,F105,5,0,low,Asian American,male,20‐29,never,not at all interested
R0897,F009,5,0,low,White,male,40‐49,never,not at all interested
R0897,F030,6,1,high,Latina,male,40‐49,never,not at all interested
R0897,F032,4,0,high,Latina,male,40‐49,never,not at all interested
R0897,F046,3,0,low,Black,male,40‐49,never,not at all interested
R0897,F048,3,1,low,Black,male,40‐49,never,not at all interested
R0897,F067,2,0,high,Asian American,male,40‐49,never,not at all interested
R0897,F111,4,1,high,White,male,40‐49,never,not at all interested
R0897,F116,4,1,low,Asian American,male,40‐49,never,not at all interested
R0898,F008,5,0,high,White,male,20‐29,about once per week,somewhat interested
R0898,F020,4,1,low,White,male,20‐29,about once per week,somewhat interested
R0898,F023,3,1,high,Black,male,20‐29,about once per week,somewhat interested
R0898,F051,3,1,high,Asian American,male,20‐29,about once per week,somewhat interested
R0898,F059,4,0,low,Latina,male,20‐29,about once per week,somewhat interested
R0898,F059,4,1,low,Latina,male,20‐29,about once per week,somewhat interested
R0898,F060,2,0,low,Asian American,male,20‐29,about once per week,somewhat interested
R0898,F101,4,0,high,Black,male,20‐29,about once per week,somewhat interested
R0899,F001,2,0,high,Asian American,female,30‐39,2-4 days per week,very interested
R0899,F020,2,1,low,White,female,30‐39,2-4 days per week,very interested
R0899,F035,3,0,low,White,female,30‐39,2-4 days per week,very interested
R0899,F038,3,0,low,Latina,female,30‐39,2-4 days per week,very interested
R0899,F067,4,1,high,Asian American,female,30‐39,2-4 days per week,very interested
R0899,F089,4,1,high,Latina,female,30‐39,2-4 days per week,very interested
R0899,F098,5,0,high,Black,female,30‐39,2-4 days per week,very interested
R0899,F115,3,1,low,Black,female,30‐39,2-4 days per week,very interested
R0900,F006,5,0,high,Asian American,female,20‐29,5+ days per week,somewhat interested
R0900,F012,4,0,high,Latina,female,20‐29,5+ days per week,somewhat interested
R0900,F032,4,1,high,Latina,female,20‐29,5+ days per week,somewhat interested
R0900,F042,3,1,high,White,female,20‐29,5+ days per week,somewhat interested
R0900,F057,4,1,low,Asian American,female,20‐29,5+ days per week,somewhat interested
R0900,F106,4,1,low,Black,female,20‐29,5+ days per week,somewhat interested
R0900,F107,5,0,low,White,female,20‐29,5+ days per week,somewhat interested
R0900,F115,3,0,low,Black,female,20‐29,5+ days per week,somewhat interested
R0901,F051,3,1,high,Asian American,female,20‐29,5+ days per week,somewhat interested
R0901,F053,5,1,low,Latina,female,20‐29,5+ days per week,somewhat interested
R0901,F055,2,0,low,Latina,female,20‐29,5+ days per week,somewhat interested
R0901,F062,4,0,high,Black,female,20‐29,5+ days per week,somewhat interested
R0901,F062,3,1,high,Black,female,20‐29,5+ days per week,somewhat interested
R0901,F064,3,0,high,White,female,20‐29,5+ days per week,somewhat interested
R0901,F095,3,0,low,Asian American,female,20‐29,5+ days per week,somewhat interested
R0901,F096,4,1,low,White,female,20‐29,5+ days per week,somewhat interested
R0902,F002,3,0,high,Latina,male,60‐69,never,not very interested
R0902,F034,3,0,high,Asian American,male,60‐69,never,not very interested
R0902,F065,4,1,high,White,male,60‐69,never,not very interested
R0902,F070,4,1,low,Black,male,60‐69,never,not very interested
R0902,F074,3,1,high,Latina,male,60‐69,never,not very interested
R0902,F085,4,0,low,White,male,60‐69,never,not very interested
R0902,F091,3,0,low,Black,male,60‐69,never,not very interested
R0902,F097,3,1,low,Asian American,male,60‐69,never,not very interested
R0903,F015,3,0,low,Black,female,60‐69,about once per week,somewhat interested
R0903,F036,4,0,high,White,female,60‐69,about once per week,somewhat interested
R0903,F045,3,1,high,White,female,60‐69,about once per week,somewhat interested
R0903,F075,3,0,high,Latina,female,60‐69,about once per week,somewhat interested
R0903,F078,4,1,low,Latina,female,60‐69,about once per week,somewhat interested
R0903,F095,3,1,low,Asian American,female,60‐69,about once per week,somewhat interested
R0903,F109,3,1,high,Black,female,60‐69,about once per week,somewhat interested
R0903,F116,2,0,low,Asian American,female,60‐69,about once per week,somewhat interested
R0904,F010,4,0,low,Asian American,female,40‐49,5+ days per week,neutral
R0904,F021,5,1,low,Latina,female,40‐49,5+ days per week,neutral
R0904,F029,5,1,low,White,female,40‐49,5+ days per week,neutral
R0904,F033,2,0,high,Black,female,40‐49,5+ days per week,neutral
R0904,F094,4,0,high,White,female,40‐49,5+ days per week,neutral
R0904,F100,4,1,high,Black,female,40‐49,5+ days per week,neutral
R0904,F104,3,0,low,Latina,female,40‐49,5+ days per week,neutral
R0904,F110,4,1,high,Asian American,female,40‐49,5+ days per week,neutral
R0905,F014,2,1,low,White,female,40‐49,5+ days per week,somewhat interested
R0905,F017,3,1,high,Latina,female,40‐49,5+ days per week,somewhat interested
R0905,F034,4,0,high,Asian American,female,40‐49,5+ days per week,somewhat interested
R0905,F049,3,0,high,Black,female,40‐49,5+ days per week,somewhat interested
R0905,F061,4,0,low,Latina,female,40‐49,5+ days per week,somewhat interested
R0905,F083,4,1,high,Asian American,female,40‐49,5+ days per week,somewhat interested
R0905,F096,2,0,low,White,female,40‐49,5+ days per week,somewhat interested
R0905,F102,1,1,low,Black,female,40‐49,5+ days per week,somewhat interested
R0906,F023,3,1,high,Black,female,40‐49,5+ days per week,not very interested
R0906,F026,3,0,high,White,female,40‐49,5+ days per week,not very interested
R0906,F038,3,1,low,Latina,female,40‐49,5+ days per week,not very interested
R0906,F057,3,1,low,Asian American,female,40‐49,5+ days per week,not very interested
R0906,F084,3,1,high,White,female,40‐49,5+ days per week,not very interested
R0906,F088,3,0,low,Black,female,40‐49,5+ days per week,not very interested
R0906,F089,4,0,high,Latina,female,40‐49,5+ days per week,not very interested
R0906,F090,4,0,low,Asian American,female,40‐49,5+ days per week,not very interested
R0907,F011,1,1,low,Latina,male,50‐59,never,neutral
R0907,F013,2,0,low,Black,male,50‐59,never,neutral
R0907,F047,2,0,high,White,male,50‐59,never,neutral
R0907,F052,3,1,high,White,male,50‐59,never,neutral
R0907,F056,2,0,high,Latina,male,50‐59,never,neutral
R0907,F098,2,1,high,Black,male,50‐59,never,neutral
R0907,F105,2,0,low,Asian American,male,50‐59,never,neutral
R0907,F116,2,1,low,Asian American,male,50‐59,never,neutral
R0908,F009,5,0,low,White,female,50‐59,5+ days per week,neutral
R0908,F012,4,1,high,Latina,female,50‐59,5+ days per week,neutral
R0908,F021,4,0,low,Latina,female,50‐59,5+ days per week,neutral
R0908,F027,3,0,high,Asian American,female,50‐59,5+ days per week,neutral
R0908,F029,5,1,low,White,female,50‐59,5+ days per week,neutral
R0908,F067,5,1,high,Asian American,female,50‐59,5+ days per week,neutral
R0908,F086,4,0,high,Black,female,50‐59,5+ days per week,neutral
R0908,F114,5,1,low,Black,female,50‐59,5+ days per week,neutral
R0909,F005,5,1,high,White,male,30‐39,never,not very interested
R0909,F007,4,0,low,Black,male,30‐39,never,not very interested
R0909,F025,4,1,high,Latina,male,30‐39,never,not very interested
R0909,F040,4,1,low,Black,male,30‐39,never,not very interested
R0909,F056,4,0,high,Latina,male,30‐39,never,not very interested
R0909,F067,5,0,high,Asian American,male,30‐39,never,not very interested
R0909,F073,3,0,low,White,male,30‐39,never,not very interested
R0909,F095,6,1,low,Asian American,male,30‐39,never,not very interested
R0910,F001,3,1,high,Asian American,male,40‐49,never,not at all interested
R0910,F004,4,1,low,White,male,40‐49,never,not at all interested
R0910,F011,4,0,low,Latina,male,40‐49,never,not at all interested
R0910,F037,3,0,high,Black,male,40‐49,never,not at all interested
R0910,F046,3,1,low,Black,male,40‐49,never,not at all interested
R0910,F067,3,0,high,Asian American,male,40‐49,never,not at all interested
R0910,F079,4,0,low,White,male,40‐49,never,not at all interested
R0910,F092,2,1,high,Latina,male,40‐49,never,not at all interested
R0911,F005,6,1,high,White,male,40‐49,never,neutral
R0911,F008,4,0,high,White,male,40‐49,never,neutral
R0911,F018,6,1,low,Asian American,male,40‐49,never,neutral
R0911,F022,4,1,high,Black,male,40‐49,never,neutral
R0911,F040,5,0,low,Black,male,40‐49,never,neutral
R0911,F060,5,0,low,Asian American,male,40‐49,never,neutral
R0911,F072,4,1,low,Latina,male,40‐49,never,neutral
R0911,F092,4,0,high,Latina,male,40‐49,never,neutral
R0912,F006,3,0,high,Asian American,female,40‐49,5+ days per week,very interested
R0912,F031,4,0,high,Black,female,40‐49,5+ days per week,very interested
R0912,F032,4,1,high,Latina,female,40‐49,5+ days per week,very interested
R0912,F044,3,0,low,White,female,40‐49,5+ days per week,very interested
R0912,F054,2,1,low,Black,female,40‐49,5+ days per week,very interested
R0912,F073,4,1,low,White,female,40‐49,5+ days per week,very interested
R0912,F087,4,1,high,Asian American,female,40‐49,5+ days per week,very interested
R0912,F103,3,0,low,Latina,female,40‐49,5+ days per week,very interested
R0913,F008,5,1,high,White,female,50‐59,never,not very interested
R0913,F010,4,1,low,Asian American,female,50‐59,never,not very interested
R0913,F043,3,0,low,Black,female,50‐59,never,not very interested
R0913,F057,3,0,low,Asian American,female,50‐59,never,not very interested
R0913,F071,3,0,high,White,female,50‐59,never,not very interested
R0913,F074,3,0,high,Latina,female,50‐59,never,not very interested
R0913,F086,4,1,high,Black,female,50‐59,never,not very interested
R0913,F103,3,1,low,Latina,female,50‐59,never,not very interested
R0914,F004,2,0,low,White,female,50‐59,never,not very interested
R0914,F014,5,1,low,White,female,50‐59,never,not very interested
R0914,F017,3,1,high,Latina,female,50‐59,never,not very interested
R0914,F034,2,1,high,Asian American,female,50‐59,never,not very interested
R0914,F048,1,1,low,Black,female,50‐59,never,not very interested
R0914,F061,4,0,low,Latina,female,50‐59,never,not very interested
R0914,F067,4,0,high,Asian American,female,50‐59,never,not very interested
R0914,F113,3,0,high,Black,female,50‐59,never,not very interested
R0915,F018,4,1,low,Asian American,female,30‐39,5+ days per week,neutral
R0915,F030,4,0,high,Latina,female,30‐39,5+ days per week,neutral
R0915,F071,4,1,high,White,female,30‐39,5+ days per week,neutral
R0915,F089,4,1,high,Latina,female,30‐39,5+ days per week,neutral
R0915,F099,3,0,low,White,female,30‐39,5+ days per week,neutral
R0915,F106,3,1,low,Black,female,30‐39,5+ days per week,neutral
R0915,F106,2,0,low,Black,female,30‐39,5+ days per week,neutral
R0915,F110,3,0,high,Asian American,female,30‐39,5+ days per week,neutral
R0916,F001,1,1,high,Asian American,male,30‐39,never,somewhat interested
R0916,F022,1,1,high,Black,male,30‐39,never,somewhat interested
R0916,F061,3,0,low,Latina,male,30‐39,never,somewhat interested
R0916,F061,2,1,low,Latina,male,30‐39,never,somewhat interested
R0916,F076,1,0,high,Black,male,30‐39,never,somewhat interested
R0916,F080,2,0,high,White,male,30‐39,never,somewhat interested
R0916,F085,2,1,low,White,male,30‐39,never,somewhat interested
R0916,F116,1,0,low,Asian American,male,30‐39,never,somewhat interested
R0917,F003,4,0,low,White,male,30‐39,never,not very interested
R0917,F012,4,0,high,Latina,male,30‐39,never,not very interested
R0917,F013,4,1,low,Black,male,30‐39,never,not very interested
R0917,F018,4,1,low,Asian American,male,30‐39,never,not very interested
R0917,F025,4,1,high,Latina,male,30‐39,never,not very interested
R0917,F027,3,0,high,Asian American,male,30‐39,never,not very interested
R0917,F052,4,1,high,White,male,30‐39,never,not very interested
R0917,F088,3,0,low,Black,male,30‐39,never,not very interested
R0918,F038,2,0,low,Latina,male,50‐59,a few times per year,not very interested
R0918,F057,1,0,low,Asian American,male,50‐59,a few times per year,not very interested
R0918,F072,5,1,low,Latina,male,50‐59,a few times per year,not very interested
R0918,F076,2,1,high,Black,male,50‐59,a few times per year,not very interested
R0918,F087,5,1,high,Asian American,male,50‐59,a few times per year,not very interested
R0918,F099,3,1,low,White,male,50‐59,a few times per year,not very interested
R0918,F109,2,0,high,Black,male,50‐59,a few times per year,not very interested
R0918,F111,4,0,high,White,male,50‐59,a few times per year,not very interested
R0919,F025,3,0,high,Latina,female,50‐59,2-4 days per week,not very interested
R0919,F026,4,1,high,White,female,50‐59,2-4 days per week,not very interested
R0919,F037,1,1,high,Black,female,50‐59,2-4 days per week,not very interested
R0919,F053,3,1,low,Latina,female,50‐59,2-4 days per week,not very interested
R0919,F060,1,1,low,Asian American,female,50‐59,2-4 days per week,not very interested
R0919,F065,3,0,high,White,female,50‐59,2-4 days per week,not very interested
R0919,F097,3,0,low,Asian American,female,50‐59,2-4 days per week,not very interested
R0919,F102,1,0,low,Black,female,50‐59,2-4 days per week,not very interested
R0920,F017,4,1,high,Latina,female,40‐49,never,not at all interested
R0920,F024,3,0,low,Black,female,40‐49,never,not at all interested
R0920,F025,5,0,high,Latina,female,40‐49,never,not at all interested
R0920,F051,2,0,high,Asian American,female,40‐49,never,not at all interested
R0920,F064,3,1,high,White,female,40‐49,never,not at all interested
R0920,F070,6,1,low,Black,female,40‐49,never,not at all interested
R0920,F090,1,1,low,Asian American,female,40‐49,never,not at all interested
R0920,F096,2,0,low,White,female,40‐49,never,not at all interested
R0921,F015,1,1,low,Black,male,30‐39,never,not at all interested
R0921,F029,5,0,low,White,male,30‐39,never,not at all interested
R0921,F051,4,1,high,Asian American,male,30‐39,never,not at all interested
R0921,F056,2,1,high,Latina,male,30‐39,never,not at all interested
R0921,F063,1,0,high,Black,male,30‐39,never,not at all interested
R0921,F079,3,1,low,White,male,30‐39,never,not at all interested
R0921,F087,2,0,high,Asian American,male,30‐39,never,not at all interested
R0921,F104,3,0,low,Latina,male,30‐39,never,not at all interested
R0922,F005,4,0,high,White,female,40‐49,2-4 days per week,neutral
R0922,F017,4,0,high,Latina,female,40‐49,2-4 days per week,neutral
R0922,F033,3,1,high,Black,female,40‐49,2-4 days per week,neutral
R0922,F081,4,1,high,White,female,40‐49,2-4 days per week,neutral
R0922,F090,2,1,low,Asian American,female,40‐49,2-4 days per week,neutral
R0922,F104,2,1,low,Latina,female,40‐49,2-4 days per week,neutral
R0922,F114,3,0,low,Black,female,40‐49,2-4 days per week,neutral
R0922,F116,2,0,low,Asian American,female,40‐49,2-4 days per week,neutral
R0923,F012,2,1,high,Latina,female,60‐69,5+ days per week,very interested
R0923,F028,2,1,high,White,female,60‐69,5+ days per week,very interested
R0923,F029,2,0,low,White,female,60‐69,5+ days per week,very interested
R0923,F034,2,0,high,Asian American,female,60‐69,5+ days per week,very interested
R0923,F075,2,0,high,Latina,female,60‐69,5+ days per week,very interested
R0923,F088,1,1,low,Black,female,60‐69,5+ days per week,very interested
R0923,F097,2,1,low,Asian American,female,60‐69,5+ days per week,very interested
R0923,F102,1,0,low,Black,female,60‐69,5+ days per week,very interested
R0924,F023,3,0,high,Black,male,40‐49,never,somewhat interested
R0924,F051,4,0,high,Asian American,male,40‐49,never,somewhat interested
R0924,F070,3,1,low,Black,male,40‐49,never,somewhat interested
R0924,F075,4,1,high,Latina,male,40‐49,never,somewhat interested
R0924,F078,5,0,low,Latina,male,40‐49,never,somewhat interested
R0924,F083,4,1,high,Asian American,male,40‐49,never,somewhat interested
R0924,F107,5,0,low,White,male,40‐49,never,somewhat interested
R0924,F112,4,1,low,White,male,40‐49,never,somewhat interested
R0925,F034,5,1,high,Asian American,female,60‐69,1-3 days per month,neutral
R0925,F038,3,0,low,Latina,female,60‐69,1-3 days per month,neutral
R0925,F042,4,0,high,White,female,60‐69,1-3 days per month,neutral
R0925,F055,5,1,low,Latina,female,60‐69,1-3 days per month,neutral
R0925,F082,3,0,high,Black,female,60‐69,1-3 days per month,neutral
R0925,F090,4,0,low,Asian American,female,60‐69,1-3 days per month,neutral
R0925,F093,4,1,low,White,female,60‐69,1-3 days per month,neutral
R0925,F101,5,1,high,Black,female,60‐69,1-3 days per month,neutral
R0926,F002,2,0,high,Latina,female,30‐39,5+ days per week,somewhat interested
R0926,F047,4,1,high,White,female,30‐39,5+ days per week,somewhat interested
R0926,F058,5,1,high,Black,female,30‐39,5+ days per week,somewhat interested
R0926,F061,4,1,low,Latina,female,30‐39,5+ days per week,somewhat interested
R0926,F069,1,0,low,Black,female,30‐39,5+ days per week,somewhat interested
R0926,F081,5,0,high,White,female,30‐39,5+ days per week,somewhat interested
R0926,F095,1,0,low,Asian American,female,30‐39,5+ days per week,somewhat interested
R0926,F105,1,1,low,Asian American,female,30‐39,5+ days per week,somewhat interested
R0927,F001,4,0,high,Asian American,male,40‐49,never,neutral
R0927,F013,4,1,low,Black,male,40‐49,never,neutral
R0927,F030,4,1,high,Latina,male,40‐49,never,neutral
R0927,F034,4,1,high,Asian American,male,40‐49,never,neutral
R0927,F038,4,0,low,Latina,male,40‐49,never,neutral
R0927,F073,4,0,low,White,male,40‐49,never,neutral
R0927,F077,4,0,high,Black,male,40‐49,never,neutral
R0927,F099,4,1,low,White,male,40‐49,never,neutral
R0928,F059,2,1,low,Latina,female,40‐49,a few times per year,not very interested
R0928,F063,4,1,high,Black,female,40‐49,a few times per year,not very interested
R0928,F077,3,0,high,Black,female,40‐49,a few times per year,not very interested
R0928,F079,4,1,low,White,female,40‐49,a few times per year,not very interested
R0928,F084,4,0,high,White,female,40‐49,a few times per year,not very interested
R0928,F095,3,0,low,Asian American,female,40‐49,a few times per year,not very interested
R0928,F103,3,0,low,Latina,female,40‐49,a few times per year,not very interested
R0928,F110,3,1,high,Asian American,female,40‐49,a few times per year,not very interested
R0929,F006,2,1,high,Asian American,female,40‐49,5+ days per week,somewhat interested
R0929,F007,2,1,low,Black,female,40‐49,5+ days per week,somewhat interested
R0929,F062,2,0,high,Black,female,40‐49,5+ days per week,somewhat interested
R0929,F072,2,0,low,Latina,female,40‐49,5+ days per week,somewhat interested
R0929,F074,2,1,high,Latina,female,40‐49,5+ days per week,somewhat interested
R0929,F083,2,0,high,Asian American,female,40‐49,5+ days per week,somewhat interested
R0929,F085,2,1,low,White,female,40‐49,5+ days per week,somewhat interested
R0929,F099,2,0,low,White,female,40‐49,5+ days per week,somewhat interested
R0930,F010,3,0,low,Asian American,female,40‐49,5+ days per week,somewhat interested
R0930,F032,2,0,high,Latina,female,40‐49,5+ days per week,somewhat interested
R0930,F036,3,1,high,White,female,40‐49,5+ days per week,somewhat interested
R0930,F042,4,0,high,White,female,40‐49,5+ days per week,somewhat interested
R0930,F048,1,0,low,Black,female,40‐49,5+ days per week,somewhat interested
R0930,F055,1,1,low,Latina,female,40‐49,5+ days per week,somewhat interested
R0930,F082,4,1,high,Black,female,40‐49,5+ days per week,somewhat interested
R0930,F097,1,1,low,Asian American,female,40‐49,5+ days per week,somewhat interested
R0931,F001,2,0,high,Asian American,male,50‐59,never,somewhat interested
R0931,F010,2,1,low,Asian American,male,50‐59,never,somewhat interested
R0931,F016,2,1,high,White,male,50‐59,never,somewhat interested
R0931,F032,2,0,high,Latina,male,50‐59,never,somewhat interested
R0931,F079,3,0,low,White,male,50‐59,never,somewhat interested
R0931,F088,2,0,low,Black,male,50‐59,never,somewhat interested
R0931,F091,2,1,low,Black,male,50‐59,never,somewhat interested
R0931,F092,2,1,high,Latina,male,50‐59,never,somewhat interested
R0932,F034,2,0,high,Asian American,male,20‐29,never,very interested
R0932,F039,4,1,low,White,male,20‐29,never,very interested
R0932,F048,1,1,low,Black,male,20‐29,never,very interested
R0932,F055,3,0,low,Latina,male,20‐29,never,very interested
R0932,F076,1,0,high,Black,male,20‐29,never,very interested
R0932,F092,5,1,high,Latina,male,20‐29,never,very interested
R0932,F093,4,0,low,White,male,20‐29,never,very interested
R0932,F110,3,1,high,Asian American,male,20‐29,never,very interested
R0933,F021,4,0,low,Latina,female,20‐29,about once per week,somewhat interested
R0933,F033,4,1,high,Black,female,20‐29,about once per week,somewhat interested
R0933,F035,3,1,low,White,female,20‐29,about once per week,somewhat interested
R0933,F045,4,0,high,White,female,20‐29,about once per week,somewhat interested
R0933,F061,4,1,low,Latina,female,20‐29,about once per week,somewhat interested
R0933,F083,4,1,high,Asian American,female,20‐29,about once per week,somewhat interested
R0933,F095,3,0,low,Asian American,female,20‐29,about once per week,somewhat interested
R0933,F100,3,0,high,Black,female,20‐29,about once per week,somewhat interested
R0934,F010,3,0,low,Asian American,female,20‐29,never,not very interested
R0934,F030,3,0,high,Latina,female,20‐29,never,not very interested
R0934,F052,4,0,high,White,female,20‐29,never,not very interested
R0934,F059,5,1,low,Latina,female,20‐29,never,not very interested
R0934,F064,4,1,high,White,female,20‐29,never,not very interested
R0934,F101,4,1,high,Black,female,20‐29,never,not very interested
R0934,F106,4,0,low,Black,female,20‐29,never,not very interested
R0934,F116,3,1,low,Asian American,female,20‐29,never,not very interested
R0935,F026,5,1,high,White,female,30‐39,5+ days per week,somewhat interested
R0935,F035,5,0,low,White,female,30‐39,5+ days per week,somewhat interested
R0935,F050,2,1,low,Black,female,30‐39,5+ days per week,somewhat interested
R0935,F056,4,1,high,Latina,female,30‐39,5+ days per week,somewhat interested
R0935,F056,3,0,high,Latina,female,30‐39,5+ days per week,somewhat interested
R0935,F069,2,0,low,Black,female,30‐39,5+ days per week,somewhat interested
R0935,F087,2,0,high,Asian American,female,30‐39,5+ days per week,somewhat interested
R0935,F097,4,1,low,Asian American,female,30‐39,5+ days per week,somewhat interested
R0936,F003,3,1,low,White,female,60‐69,about once per week,somewhat interested
R0936,F006,2,0,high,Asian American,female,60‐69,about once per week,somewhat interested
R0936,F017,2,1,high,Latina,female,60‐69,about once per week,somewhat interested
R0936,F024,2,1,low,Black,female,60‐69,about once per week,somewhat interested
R0936,F067,2,1,high,Asian American,female,60‐69,about once per week,somewhat interested
R0936,F100,2,0,high,Black,female,60‐69,about once per week,somewhat interested
R0936,F104,5,0,low,Latina,female,60‐69,about once per week,somewhat interested
R0936,F108,2,0,low,White,female,60‐69,about once per week,somewhat interested
R0937,F004,4,0,low,White,female,30‐39,5+ days per week,somewhat interested
R0937,F010,2,1,low,Asian American,female,30‐39,5+ days per week,somewhat interested
R0937,F025,3,0,high,Latina,female,30‐39,5+ days per week,somewhat interested
R0937,F034,1,0,high,Asian American,female,30‐39,5+ days per week,somewhat interested
R0937,F046,1,0,low,Black,female,30‐39,5+ days per week,somewhat interested
R0937,F047,4,1,high,White,female,30‐39,5+ days per week,somewhat interested
R0937,F048,2,1,low,Black,female,30‐39,5+ days per week,somewhat interested
R0937,F056,4,1,high,Latina,female,30‐39,5+ days per week,somewhat interested
R0938,F011,3,1,low,Latina,male,40‐49,never,not at all interested
R0938,F026,2,0,high,White,male,40‐49,never,not at all interested
R0938,F027,1,1,high,Asian American,male,40‐49,never,not at all interested
R0938,F063,4,0,high,Black,male,40‐49,never,not at all interested
R0938,F078,4,0,low,Latina,male,40‐49,never,not at all interested
R0938,F086,3,1,high,Black,male,40‐49,never,not at all interested
R0938,F090,1,0,low,Asian American,male,40‐49,never,not at all interested
R0938,F107,2,1,low,White,male,40‐49,never,not at all interested
R0939,F006,3,0,high,Asian American,female,40‐49,5+ days per week,somewhat interested
R0939,F013,2,0,low,Black,female,40‐49,5+ days per week,somewhat interested
R0939,F024,3,1,low,Black,female,40‐49,5+ days per week,somewhat interested
R0939,F030,3,0,high,Latina,female,40‐49,5+ days per week,somewhat interested
R0939,F032,3,1,high,Latina,female,40‐49,5+ days per week,somewhat interested
R0939,F039,4,0,low,White,female,40‐49,5+ days per week,somewhat interested
R0939,F080,4,1,high,White,female,40‐49,5+ days per week,somewhat interested
R0939,F090,2,1,low,Asian American,female,40‐49,5+ days per week,somewhat interested
R0940,F001,1,0,high,Asian American,male,50‐59,never,not very interested
R0940,F019,4,1,low,White,male,50‐59,never,not very interested
R0940,F019,3,0,low,White,male,50‐59,never,not very interested
R0940,F032,2,1,high,Latina,male,50‐59,never,not very interested
R0940,F053,3,0,low,Latina,male,50‐59,never,not very interested
R0940,F058,2,0,high,Black,male,50‐59,never,not very interested
R0940,F087,2,1,high,Asian American,male,50‐59,never,not very interested
R0940,F088,1,1,low,Black,male,50‐59,never,not very interested
R0941,F003,2,0,low,White,male,50‐59,never,somewhat interested
R0941,F007,2,1,low,Black,male,50‐59,never,somewhat interested
R0941,F025,3,1,high,Latina,male,50‐59,never,somewhat interested
R0941,F068,3,1,high,White,male,50‐59,never,somewhat interested
R0941,F070,2,0,low,Black,male,50‐59,never,somewhat interested
R0941,F074,2,0,high,Latina,male,50‐59,never,somewhat interested
R0941,F110,1,0,high,Asian American,male,50‐59,never,somewhat interested
R0941,F116,2,1,low,Asian American,male,50‐59,never,somewhat interested
R0942,F002,1,1,high,Latina,male,40‐49,never,somewhat interested
R0942,F003,2,0,low,White,male,40‐49,never,somewhat interested
R0942,F006,1,1,high,Asian American,male,40‐49,never,somewhat interested
R0942,F072,2,0,low,Latina,male,40‐49,never,somewhat interested
R0942,F091,2,1,low,Black,male,40‐49,never,somewhat interested
R0942,F101,1,0,high,Black,male,40‐49,never,somewhat interested
R0942,F107,3,1,low,White,male,40‐49,never,somewhat interested
R0942,F110,3,0,high,Asian American,male,40‐49,never,somewhat interested
R0943,F010,2,1,low,Asian American,female,30‐39,5+ days per week,not very interested
R0943,F016,4,0,high,White,female,30‐39,5+ days per week,not very interested
R0943,F050,2,0,low,Black,female,30‐39,5+ days per week,not very interested
R0943,F059,2,1,low,Latina,female,30‐39,5+ days per week,not very interested
R0943,F063,5,1,high,Black,female,30‐39,5+ days per week,not very interested
R0943,F068,2,1,high,White,female,30‐39,5+ days per week,not very interested
R0943,F075,3,0,high,Latina,female,30‐39,5+ days per week,not very interested
R0943,F090,2,0,low,Asian American,female,30‐39,5+ days per week,not very interested
R0944,F039,2,1,low,White,male,40‐49,never,neutral
R0944,F049,1,0,high,Black,male,40‐49,never,neutral
R0944,F055,2,0,low,Latina,male,40‐49,never,neutral
R0944,F068,2,0,high,White,male,40‐49,never,neutral
R0944,F072,2,1,low,Latina,male,40‐49,never,neutral
R0944,F087,2,1,high,Asian American,male,40‐49,never,neutral
R0944,F097,2,0,low,Asian American,male,40‐49,never,neutral
R0944,F109,2,1,high,Black,male,40‐49,never,neutral
R0945,F014,3,1,low,White,female,40‐49,5+ days per week,neutral
R0945,F018,3,0,low,Asian American,female,40‐49,5+ days per week,neutral
R0945,F023,2,0,high,Black,female,40‐49,5+ days per week,neutral
R0945,F036,4,0,high,White,female,40‐49,5+ days per week,neutral
R0945,F051,3,1,high,Asian American,female,40‐49,5+ days per week,neutral
R0945,F053,3,0,low,Latina,female,40‐49,5+ days per week,neutral
R0945,F053,3,1,low,Latina,female,40‐49,5+ days per week,neutral
R0945,F082,3,1,high,Black,female,40‐49,5+ days per week,neutral
R0946,F021,3,0,low,Latina,female,20‐29,2-4 days per week,somewhat interested
R0946,F034,3,1,high,Asian American,female,20‐29,2-4 days per week,somewhat interested
R0946,F043,3,1,low,Black,female,20‐29,2-4 days per week,somewhat interested
R0946,F044,2,1,low,White,female,20‐29,2-4 days per week,somewhat interested
R0946,F051,2,0,high,Asian American,female,20‐29,2-4 days per week,somewhat interested
R0946,F056,2,1,high,Latina,female,20‐29,2-4 days per week,somewhat interested
R0946,F085,2,0,low,White,female,20‐29,2-4 days per week,somewhat interested
R0946,F109,3,0,high,Black,female,20‐29,2-4 days per week,somewhat interested
R0947,F001,2,0,high,Asian American,female,40‐49,never,neutral
R0947,F002,3,1,high,Latina,female,40‐49,never,neutral
R0947,F017,4,0,high,Latina,female,40‐49,never,neutral
R0947,F094,4,1,high,White,female,40‐49,never,neutral
R0947,F105,3,1,low,Asian American,female,40‐49,never,neutral
R0947,F112,3,0,low,White,female,40‐49,never,neutral
R0947,F114,3,1,low,Black,female,40‐49,never,neutral
R0947,F114,3,0,low,Black,female,40‐49,never,neutral
R0948,F012,4,1,high,Latina,female,30‐39,5+ days per week,somewhat interested
R0948,F027,2,0,high,Asian American,female,30‐39,5+ days per week,somewhat interested
R0948,F043,4,1,low,Black,female,30‐39,5+ days per week,somewhat interested
R0948,F048,4,0,low,Black,female,30‐39,5+ days per week,somewhat interested
R0948,F057,3,1,low,Asian American,female,30‐39,5+ days per week,somewhat interested
R0948,F071,4,1,high,White,female,30‐39,5+ days per week,somewhat interested
R0948,F092,3,0,high,Latina,female,30‐39,5+ days per week,somewhat interested
R0948,F108,4,0,low,White,female,30‐39,5+ days per week,somewhat interested
R0949,F004,5,0,low,White,female,40‐49,never,not very interested
R0949,F012,5,1,high,Latina,female,40‐49,never,not very interested
R0949,F022,4,0,high,Black,female,40‐49,never,not very interested
R0949,F027,2,0,high,Asian American,female,40‐49,never,not very interested
R0949,F035,4,1,low,White,female,40‐49,never,not very interested
R0949,F038,3,0,low,Latina,female,40‐49,never,not very interested
R0949,F083,5,1,high,Asian American,female,40‐49,never,not very interested
R0949,F106,3,1,low,Black,female,40‐49,never,not very interested
R0950,F005,4,0,high,White,female,50‐59,5+ days per week,not very interested
R0950,F018,3,0,low,Asian American,female,50‐59,5+ days per week,not very interested
R0950,F042,3,1,high,White,female,50‐59,5+ days per week,not very interested
R0950,F054,3,0,low,Black,female,50‐59,5+ days per week,not very interested
R0950,F062,2,1,high,Black,female,50‐59,5+ days per week,not very interested
R0950,F092,3,0,high,Latina,female,50‐59,5+ days per week,not very interested
R0950,F095,3,1,low,Asian American,female,50‐59,5+ days per week,not very interested
R0950,F103,2,1,low,Latina,female,50‐59,5+ days per week,not very interested
R0951,F034,3,1,high,Asian American,male,50‐59,never,not at all interested
R0951,F059,4,0,low,Latina,male,50‐59,never,not at all interested
R0951,F065,2,0,high,White,male,50‐59,never,not at all interested
R0951,F076,1,1,high,Black,male,50‐59,never,not at all interested
R0951,F098,3,0,high,Black,male,50‐59,never,not at all interested
R0951,F103,3,1,low,Latina,male,50‐59,never,not at all interested
R0951,F105,1,0,low,Asian American,male,50‐59,never,not at all interested
R0951,F107,2,1,low,White,male,50‐59,never,not at all interested
R0952,F014,2,0,low,White,male,60‐69,never,somewhat interested
R0952,F040,3,1,low,Black,male,60‐69,never,somewhat interested
R0952,F051,3,1,high,Asian American,male,60‐69,never,somewhat interested
R0952,F059,4,0,low,Latina,male,60‐69,never,somewhat interested
R0952,F074,4,1,high,Latina,male,60‐69,never,somewhat interested
R0952,F082,4,0,high,Black,male,60‐69,never,somewhat interested
R0952,F087,4,0,high,Asian American,male,60‐69,never,somewhat interested
R0952,F108,3,1,low,White,male,60‐69,never,somewhat interested
R0953,F021,3,0,low,Latina,female,30‐39,1-3 days per month,neutral
R0953,F022,3,0,high,Black,female,30‐39,1-3 days per month,neutral
R0953,F057,3,0,low,Asian American,female,30‐39,1-3 days per month,neutral
R0953,F067,5,1,high,Asian American,female,30‐39,1-3 days per month,neutral
R0953,F079,4,1,low,White,female,30‐39,1-3 days per month,neutral
R0953,F101,4,1,high,Black,female,30‐39,1-3 days per month,neutral
R0953,F104,5,1,low,Latina,female,30‐39,1-3 days per month,neutral
R0953,F111,5,0,high,White,female,30‐39,1-3 days per month,neutral
R0954,F018,4,1,low,Asian American,male,30‐39,never,not at all interested
R0954,F032,4,0,high,Latina,male,30‐39,never,not at all interested
R0954,F042,5,1,high,White,male,30‐39,never,not at all interested
R0954,F043,3,0,low,Black,male,30‐39,never,not at all interested
R0954,F046,4,1,low,Black,male,30‐39,never,not at all interested
R0954,F067,4,0,high,Asian American,male,30‐39,never,not at all interested
R0954,F073,3,0,low,White,male,30‐39,never,not at all interested
R0954,F075,3,1,high,Latina,male,30‐39,never,not at all interested
R0955,F017,4,0,high,Latina,female,30‐39,2-4 days per week,somewhat interested
R0955,F042,4,0,high,White,female,30‐39,2-4 days per week,somewhat interested
R0955,F045,5,1,high,White,female,30‐39,2-4 days per week,somewhat interested
R0955,F057,3,1,low,Asian American,female,30‐39,2-4 days per week,somewhat interested
R0955,F057,3,0,low,Asian American,female,30‐39,2-4 days per week,somewhat interested
R0955,F066,3,1,high,Black,female,30‐39,2-4 days per week,somewhat interested
R0955,F078,5,1,low,Latina,female,30‐39,2-4 days per week,somewhat interested
R0955,F091,3,0,low,Black,female,30‐39,2-4 days per week,somewhat interested
R0956,F002,1,0,high,Latina,female,50‐59,5+ days per week,very interested
R0956,F005,4,1,high,White,female,50‐59,5+ days per week,very interested
R0956,F020,1,0,low,White,female,50‐59,5+ days per week,very interested
R0956,F040,4,0,low,Black,female,50‐59,5+ days per week,very interested
R0956,F051,1,0,high,Asian American,female,50‐59,5+ days per week,very interested
R0956,F074,4,1,high,Latina,female,50‐59,5+ days per week,very interested
R0956,F095,1,1,low,Asian American,female,50‐59,5+ days per week,very interested
R0956,F102,4,1,low,Black,female,50‐59,5+ days per week,very interested
R0957,F018,3,1,low,Asian American,male,50‐59,never,not very interested
R0957,F037,4,1,high,Black,male,50‐59,never,not very interested
R0957,F056,4,0,high,Latina,male,50‐59,never,not very interested
R0957,F061,3,1,low,Latina,male,50‐59,never,not very interested
R0957,F068,4,0,high,White,male,50‐59,never,not very interested
R0957,F081,4,1,high,White,male,50‐59,never,not very interested
R0957,F115,3,0,low,Black,male,50‐59,never,not very interested
R0957,F116,2,0,low,Asian American,male,50‐59,never,not very interested
R0958,F027,2,1,high,Asian American,male,50‐59,never,not very interested
R0958,F061,2,0,low,Latina,male,50‐59,never,not very interested
R0958,F073,1,1,low,White,male,50‐59,never,not very interested
R0958,F077,1,0,high,Black,male,50‐59,never,not very interested
R0958,F083,2,0,high,Asian American,male,50‐59,never,not very interested
R0958,F089,2,1,high,Latina,male,50‐59,never,not very interested
R0958,F108,2,0,low,White,male,50‐59,never,not very interested
R0958,F115,2,1,low,Black,male,50‐59,never,not very interested
R0959,F034,2,1,high,Asian American,male,30‐39,never,not very interested
R0959,F038,2,0,low,Latina,male,30‐39,never,not very interested
R0959,F038,2,1,low,Latina,male,30‐39,never,not very interested
R0959,F049,1,0,high,Black,male,30‐39,never,not very interested
R0959,F060,1,0,low,Asian American,male,30‐39,never,not very interested
R0959,F093,3,1,low,White,male,30‐39,never,not very interested
R0959,F094,3,0,high,White,male,30‐39,never,not very interested
R0959,F100,2,1,high,Black,male,30‐39,never,not very interested
R0960,F001,3,1,high,Asian American,male,60‐69,never,not very interested
R0960,F007,4,1,low,Black,male,60‐69,never,not very interested
R0960,F030,5,1,high,Latina,male,60‐69,never,not very interested
R0960,F033,4,0,high,Black,male,60‐69,never,not very interested
R0960,F034,2,0,high,Asian American,male,60‐69,never,not very interested
R0960,F085,3,1,low,White,male,60‐69,never,not very interested
R0960,F103,4,0,low,Latina,male,60‐69,never,not very interested
R0960,F112,3,0,low,White,male,60‐69,never,not very interested
R0961,F047,4,0,high,White,male,30‐39,never,not very interested
R0961,F054,2,0,low,Black,male,30‐39,never,not very interested
R0961,F055,4,1,low,Latina,male,30‐39,never,not very interested
R0961,F063,2,1,high,Black,male,30‐39,never,not very interested
R0961,F089,5,0,high,Latina,male,30‐39,never,not very interested
R0961,F097,2,1,low,Asian American,male,30‐39,never,not very interested
R0961,F111,5,1,high,White,male,30‐39,never,not very interested
R0961,F116,2,0,low,Asian American,male,30‐39,never,not very interested
R0962,F005,5,1,high,White,female,20‐29,5+ days per week,very interested
R0962,F013,3,0,low,Black,female,20‐29,5+ days per week,very interested
R0962,F057,2,0,low,Asian American,female,20‐29,5+ days per week,very interested
R0962,F072,3,1,low,Latina,female,20‐29,5+ days per week,very interested
R0962,F074,3,0,high,Latina,female,20‐29,5+ days per week,very interested
R0962,F094,4,0,high,White,female,20‐29,5+ days per week,very interested
R0962,F105,3,1,low,Asian American,female,20‐29,5+ days per week,very interested
R0962,F113,3,1,high,Black,female,20‐29,5+ days per week,very interested
R0963,F009,4,0,low,White,female,40‐49,5+ days per week,not very interested
R0963,F011,3,0,low,Latina,female,40‐49,5+ days per week,not very interested
R0963,F029,3,1,low,White,female,40‐49,5+ days per week,not very interested
R0963,F051,3,1,high,Asian American,female,40‐49,5+ days per week,not very interested
R0963,F067,4,0,high,Asian American,female,40‐49,5+ days per week,not very interested
R0963,F075,3,1,high,Latina,female,40‐49,5+ days per week,not very interested
R0963,F076,3,0,high,Black,female,40‐49,5+ days per week,not very interested
R0963,F091,2,1,low,Black,female,40‐49,5+ days per week,not very interested
R0964,F014,5,1,low,White,female,30‐39,2-4 days per week,not very interested
R0964,F015,4,1,low,Black,female,30‐39,2-4 days per week,not very interested
R0964,F027,3,0,high,Asian American,female,30‐39,2-4 days per week,not very interested
R0964,F037,4,0,high,Black,female,30‐39,2-4 days per week,not very interested
R0964,F055,3,0,low,Latina,female,30‐39,2-4 days per week,not very interested
R0964,F056,4,1,high,Latina,female,30‐39,2-4 days per week,not very interested
R0964,F067,5,1,high,Asian American,female,30‐39,2-4 days per week,not very interested
R0964,F079,4,0,low,White,female,30‐39,2-4 days per week,not very interested
R0965,F025,1,1,high,Latina,male,30‐39,never,not at all interested
R0965,F039,1,0,low,White,male,30‐39,never,not at all interested
R0965,F044,1,1,low,White,male,30‐39,never,not at all interested
R0965,F072,1,0,low,Latina,male,30‐39,never,not at all interested
R0965,F077,1,0,high,Black,male,30‐39,never,not at all interested
R0965,F106,1,1,low,Black,male,30‐39,never,not at all interested
R0965,F110,2,1,high,Asian American,male,30‐39,never,not at all interested
R0965,F110,1,0,high,Asian American,male,30‐39,never,not at all interested
R0966,F010,4,0,low,Asian American,male,40‐49,a few times per year,neutral
R0966,F011,4,1,low,Latina,male,40‐49,a few times per year,neutral
R0966,F023,2,1,high,Black,male,40‐49,a few times per year,neutral
R0966,F028,3,0,high,White,male,40‐49,a few times per year,neutral
R0966,F052,4,1,high,White,male,40‐49,a few times per year,neutral
R0966,F060,2,1,low,Asian American,male,40‐49,a few times per year,neutral
R0966,F069,3,0,low,Black,male,40‐49,a few times per year,neutral
R0966,F089,5,0,high,Latina,male,40‐49,a few times per year,neutral
R0967,F006,2,0,high,Asian American,female,30‐39,about once per week,neutral
R0967,F026,5,1,high,White,female,30‐39,about once per week,neutral
R0967,F050,2,1,low,Black,female,30‐39,about once per week,neutral
R0967,F054,4,0,low,Black,female,30‐39,about once per week,neutral
R0967,F089,5,1,high,Latina,female,30‐39,about once per week,neutral
R0967,F089,4,0,high,Latina,female,30‐39,about once per week,neutral
R0967,F097,3,1,low,Asian American,female,30‐39,about once per week,neutral
R0967,F099,4,0,low,White,female,30‐39,about once per week,neutral
R0968,F005,5,1,high,White,female,50‐59,2-4 days per week,somewhat interested
R0968,F017,3,1,high,Latina,female,50‐59,2-4 days per week,somewhat interested
R0968,F060,3,1,low,Asian American,female,50‐59,2-4 days per week,somewhat interested
R0968,F087,3,0,high,Asian American,female,50‐59,2-4 days per week,somewhat interested
R0968,F092,2,0,high,Latina,female,50‐59,2-4 days per week,somewhat interested
R0968,F108,4,0,low,White,female,50‐59,2-4 days per week,somewhat interested
R0968,F114,3,1,low,Black,female,50‐59,2-4 days per week,somewhat interested
R0968,F115,4,0,low,Black,female,50‐59,2-4 days per week,somewhat interested
R0969,F015,4,1,low,Black,female,40‐49,5+ days per week,very interested
R0969,F025,3,0,high,Latina,female,40‐49,5+ days per week,very interested
R0969,F043,4,0,low,Black,female,40‐49,5+ days per week,very interested
R0969,F047,4,1,high,White,female,40‐49,5+ days per week,very interested
R0969,F051,4,0,high,Asian American,female,40‐49,5+ days per week,very interested
R0969,F075,2,1,high,Latina,female,40‐49,5+ days per week,very interested
R0969,F085,4,0,low,White,female,40‐49,5+ days per week,very interested
R0969,F116,3,1,low,Asian American,female,40‐49,5+ days per week,very interested
R0970,F001,3,1,high,Asian American,female,20‐29,2-4 days per week,not very interested
R0970,F031,4,1,high,Black,female,20‐29,2-4 days per week,not very interested
R0970,F033,3,0,high,Black,female,20‐29,2-4 days per week,not very interested
R0970,F045,3,0,high,White,female,20‐29,2-4 days per week,not very interested
R0970,F059,2,1,low,Latina,female,20‐29,2-4 days per week,not very interested
R0970,F061,1,0,low,Latina,female,20‐29,2-4 days per week,not very interested
R0970,F095,1,0,low,Asian American,female,20‐29,2-4 days per week,not very interested
R0970,F099,1,1,low,White,female,20‐29,2-4 days per week,not very interested
R0971,F017,4,0,high,Latina,male,50‐59,never,not very interested
R0971,F027,3,0,high,Asian American,male,50‐59,never,not very interested
R0971,F040,3,1,low,Black,male,50‐59,never,not very interested
R0971,F045,4,1,high,White,male,50‐59,never,not very interested
R0971,F069,3,0,low,Black,male,50‐59,never,not very interested
R0971,F092,3,1,high,Latina,male,50‐59,never,not very interested
R0971,F095,3,1,low,Asian American,male,50‐59,never,not very interested
R0971,F107,3,0,low,White,male,50‐59,never,not very interested
R0972,F011,5,1,low,Latina,female,30‐39,5+ days per week,very interested
R0972,F040,4,0,low,Black,female,30‐39,5+ days per week,very interested
R0972,F052,4,0,high,White,female,30‐39,5+ days per week,very interested
R0972,F057,2,1,low,Asian American,female,30‐39,5+ days per week,very interested
R0972,F058,4,1,high,Black,female,30‐39,5+ days per week,very interested
R0972,F060,2,0,low,Asian American,female,30‐39,5+ days per week,very interested
R0972,F080,5,1,high,White,female,30‐39,5+ days per week,very interested
R0972,F092,5,0,high,Latina,female,30‐39,5+ days per week,very interested
R0973,F015,3,0,low,Black,female,40‐49,5+ days per week,very interested
R0973,F021,2,1,low,Latina,female,40‐49,5+ days per week,very interested
R0973,F065,2,0,high,White,female,40‐49,5+ days per week,very interested
R0973,F074,3,0,high,Latina,female,40‐49,5+ days per week,very interested
R0973,F086,2,1,high,Black,female,40‐49,5+ days per week,very interested
R0973,F090,2,1,low,Asian American,female,40‐49,5+ days per week,very interested
R0973,F094,5,1,high,White,female,40‐49,5+ days per week,very interested
R0973,F105,4,0,low,Asian American,female,40‐49,5+ days per week,very interested
R0974,F002,1,0,high,Latina,female,40‐49,2-4 days per week,somewhat interested
R0974,F004,4,0,low,White,female,40‐49,2-4 days per week,somewhat interested
R0974,F010,4,1,low,Asian American,female,40‐49,2-4 days per week,somewhat interested
R0974,F015,4,0,low,Black,female,40‐49,2-4 days per week,somewhat interested
R0974,F025,2,1,high,Latina,female,40‐49,2-4 days per week,somewhat interested
R0974,F067,3,0,high,Asian American,female,40‐49,2-4 days per week,somewhat interested
R0974,F102,3,1,low,Black,female,40‐49,2-4 days per week,somewhat interested
R0974,F111,3,1,high,White,female,40‐49,2-4 days per week,somewhat interested
R0975,F016,1,0,high,White,male,30‐39,never,neutral
R0975,F035,5,1,low,White,male,30‐39,never,neutral
R0975,F053,4,1,low,Latina,male,30‐39,never,neutral
R0975,F066,1,0,high,Black,male,30‐39,never,neutral
R0975,F087,2,1,high,Asian American,male,30‐39,never,neutral
R0975,F095,1,0,low,Asian American,male,30‐39,never,neutral
R0975,F101,3,1,high,Black,male,30‐39,never,neutral
R0975,F103,1,0,low,Latina,male,30‐39,never,neutral
R0976,F001,2,1,high,Asian American,female,20‐29,never,not very interested
R0976,F009,1,1,low,White,female,20‐29,never,not very interested
R0976,F023,1,0,high,Black,female,20‐29,never,not very interested
R0976,F025,3,1,high,Latina,female,20‐29,never,not very interested
R0976,F050,1,1,low,Black,female,20‐29,never,not very interested
R0976,F078,2,0,low,Latina,female,20‐29,never,not very interested
R0976,F107,1,0,low,White,female,20‐29,never,not very interested
R0976,F110,1,0,high,Asian American,female,20‐29,never,not very interested
R0977,F006,3,1,high,Asian American,female,20‐29,2-4 days per week,neutral
R0977,F038,4,0,low,Latina,female,20‐29,2-4 days per week,neutral
R0977,F041,4,0,high,White,female,20‐29,2-4 days per week,neutral
R0977,F044,3,1,low,White,female,20‐29,2-4 days per week,neutral
R0977,F055,4,1,low,Latina,female,20‐29,2-4 days per week,neutral
R0977,F057,4,0,low,Asian American,female,20‐29,2-4 days per week,neutral
R0977,F066,3,1,high,Black,female,20‐29,2-4 days per week,neutral
R0977,F109,4,0,high,Black,female,20‐29,2-4 days per week,neutral
R0978,F008,4,1,high,White,female,50‐59,about once per week,somewhat interested
R0978,F012,4,0,high,Latina,female,50‐59,about once per week,somewhat interested
R0978,F014,4,0,low,White,female,50‐59,about once per week,somewhat interested
R0978,F056,4,1,high,Latina,female,50‐59,about once per week,somewhat interested
R0978,F070,4,1,low,Black,female,50‐59,about once per week,somewhat interested
R0978,F087,3,0,high,Asian American,female,50‐59,about once per week,somewhat interested
R0978,F105,4,1,low,Asian American,female,50‐59,about once per week,somewhat interested
R0978,F114,4,0,low,Black,female,50‐59,about once per week,somewhat interested
R0979,F010,2,1,low,Asian American,female,50‐59,never,not very interested
R0979,F049,2,1,high,Black,female,50‐59,never,not very interested
R0979,F056,4,0,high,Latina,female,50‐59,never,not very interested
R0979,F061,3,1,low,Latina,female,50‐59,never,not very interested
R0979,F068,4,1,high,White,female,50‐59,never,not very interested
R0979,F081,4,0,high,White,female,50‐59,never,not very interested
R0979,F097,3,0,low,Asian American,female,50‐59,never,not very interested
R0979,F106,4,0,low,Black,female,50‐59,never,not very interested
R0980,F004,3,1,low,White,female,20‐29,a few times per year,somewhat interested
R0980,F032,4,1,high,Latina,female,20‐29,a few times per year,somewhat interested
R0980,F034,2,1,high,Asian American,female,20‐29,a few times per year,somewhat interested
R0980,F038,3,0,low,Latina,female,20‐29,a few times per year,somewhat interested
R0980,F039,6,0,low,White,female,20‐29,a few times per year,somewhat interested
R0980,F069,2,1,low,Black,female,20‐29,a few times per year,somewhat interested
R0980,F087,2,0,high,Asian American,female,20‐29,a few times per year,somewhat interested
R0980,F098,5,0,high,Black,female,20‐29,a few times per year,somewhat interested
R0981,F027,3,1,high,Asian American,female,40‐49,5+ days per week,somewhat interested
R0981,F042,3,0,high,White,female,40‐49,5+ days per week,somewhat interested
R0981,F061,4,1,low,Latina,female,40‐49,5+ days per week,somewhat interested
R0981,F062,4,1,high,Black,female,40‐49,5+ days per week,somewhat interested
R0981,F072,4,0,low,Latina,female,40‐49,5+ days per week,somewhat interested
R0981,F105,2,0,low,Asian American,female,40‐49,5+ days per week,somewhat interested
R0981,F112,3,1,low,White,female,40‐49,5+ days per week,somewhat interested
R0981,F113,4,0,high,Black,female,40‐49,5+ days per week,somewhat interested
R0982,F002,3,0,high,Latina,female,30‐39,1-3 days per month,somewhat interested
R0982,F018,3,0,low,Asian American,female,30‐39,1-3 days per month,somewhat interested
R0982,F038,4,1,low,Latina,female,30‐39,1-3 days per month,somewhat interested
R0982,F048,3,0,low,Black,female,30‐39,1-3 days per month,somewhat interested
R0982,F064,4,1,high,White,female,30‐39,1-3 days per month,somewhat interested
R0982,F080,4,0,high,White,female,30‐39,1-3 days per month,somewhat interested
R0982,F095,3,1,low,Asian American,female,30‐39,1-3 days per month,somewhat interested
R0982,F109,4,1,high,Black,female,30‐39,1-3 days per month,somewhat interested
R0983,F011,2,1,low,Latina,male,70 and above,never,not at all interested
R0983,F081,6,0,high,White,male,70 and above,never,not at all interested
R0983,F086,2,0,high,Black,male,70 and above,never,not at all interested
R0983,F090,1,0,low,Asian American,male,70 and above,never,not at all interested
R0983,F103,4,0,low,Latina,male,70 and above,never,not at all interested
R0983,F108,5,1,low,White,male,70 and above,never,not at all interested
R0983,F110,3,1,high,Asian American,male,70 and above,never,not at all interested
R0983,F113,3,1,high,Black,male,70 and above,never,not at all interested
R0984,F002,3,1,high,Latina,female,20‐29,1-3 days per month,neutral
R0984,F016,5,1,high,White,female,20‐29,1-3 days per month,neutral
R0984,F040,3,0,low,Black,female,20‐29,1-3 days per month,neutral
R0984,F056,4,0,high,Latina,female,20‐29,1-3 days per month,neutral
R0984,F090,3,1,low,Asian American,female,20‐29,1-3 days per month,neutral
R0984,F091,4,1,low,Black,female,20‐29,1-3 days per month,neutral
R0984,F093,3,0,low,White,female,20‐29,1-3 days per month,neutral
R0984,F110,5,0,high,Asian American,female,20‐29,1-3 days per month,neutral
R0985,F006,1,0,high,Asian American,female,30‐39,2-4 days per week,not very interested
R0985,F019,4,0,low,White,female,30‐39,2-4 days per week,not very interested
R0985,F021,4,0,low,Latina,female,30‐39,2-4 days per week,not very interested
R0985,F030,4,1,high,Latina,female,30‐39,2-4 days per week,not very interested
R0985,F049,3,0,high,Black,female,30‐39,2-4 days per week,not very interested
R0985,F102,4,1,low,Black,female,30‐39,2-4 days per week,not very interested
R0985,F108,2,1,low,White,female,30‐39,2-4 days per week,not very interested
R0985,F110,3,1,high,Asian American,female,30‐39,2-4 days per week,not very interested
R0986,F010,4,0,low,Asian American,male,20‐29,2-4 days per week,very interested
R0986,F019,3,1,low,White,male,20‐29,2-4 days per week,very interested
R0986,F047,3,0,high,White,male,20‐29,2-4 days per week,very interested
R0986,F058,5,1,high,Black,male,20‐29,2-4 days per week,very interested
R0986,F059,4,0,low,Latina,male,20‐29,2-4 days per week,very interested
R0986,F076,2,0,high,Black,male,20‐29,2-4 days per week,very interested
R0986,F087,3,1,high,Asian American,male,20‐29,2-4 days per week,very interested
R0986,F104,5,1,low,Latina,male,20‐29,2-4 days per week,very interested
R0987,F001,4,0,high,Asian American,female,40‐49,1-3 days per month,somewhat interested
R0987,F013,4,0,low,Black,female,40‐49,1-3 days per month,somewhat interested
R0987,F017,4,1,high,Latina,female,40‐49,1-3 days per month,somewhat interested
R0987,F043,3,1,low,Black,female,40‐49,1-3 days per month,somewhat interested
R0987,F044,3,0,low,White,female,40‐49,1-3 days per month,somewhat interested
R0987,F057,3,1,low,Asian American,female,40‐49,1-3 days per month,somewhat interested
R0987,F065,4,1,high,White,female,40‐49,1-3 days per month,somewhat interested
R0987,F074,3,0,high,Latina,female,40‐49,1-3 days per month,somewhat interested
R0988,F016,4,1,high,White,male,60‐69,never,not at all interested
R0988,F017,4,0,high,Latina,male,60‐69,never,not at all interested
R0988,F018,5,1,low,Asian American,male,60‐69,never,not at all interested
R0988,F041,3,0,high,White,male,60‐69,never,not at all interested
R0988,F053,4,1,low,Latina,male,60‐69,never,not at all interested
R0988,F095,3,0,low,Asian American,male,60‐69,never,not at all interested
R0988,F101,4,1,high,Black,male,60‐69,never,not at all interested
R0988,F102,3,0,low,Black,male,60‐69,never,not at all interested
R0989,F020,4,0,low,White,male,40‐49,never,not very interested
R0989,F027,3,1,high,Asian American,male,40‐49,never,not very interested
R0989,F031,4,0,high,Black,male,40‐49,never,not very interested
R0989,F044,3,1,low,White,male,40‐49,never,not very interested
R0989,F059,5,0,low,Latina,male,40‐49,never,not very interested
R0989,F074,3,1,high,Latina,male,40‐49,never,not very interested
R0989,F083,3,0,high,Asian American,male,40‐49,never,not very interested
R0989,F088,2,1,low,Black,male,40‐49,never,not very interested
R0990,F011,4,0,low,Latina,female,50‐59,a few times per year,not very interested
R0990,F029,4,0,low,White,female,50‐59,a few times per year,not very interested
R0990,F035,4,1,low,White,female,50‐59,a few times per year,not very interested
R0990,F051,4,0,high,Asian American,female,50‐59,a few times per year,not very interested
R0990,F075,2,1,high,Latina,female,50‐59,a few times per year,not very interested
R0990,F087,3,1,high,Asian American,female,50‐59,a few times per year,not very interested
R0990,F101,3,0,high,Black,female,50‐59,a few times per year,not very interested
R0990,F106,2,1,low,Black,female,50‐59,a few times per year,not very interested
R0991,F006,4,1,high,Asian American,female,40‐49,5+ days per week,not very interested
R0991,F021,2,0,low,Latina,female,40‐49,5+ days per week,not very interested
R0991,F028,3,0,high,White,female,40‐49,5+ days per week,not very interested
R0991,F060,2,0,low,Asian American,female,40‐49,5+ days per week,not very interested
R0991,F073,4,1,low,White,female,40‐49,5+ days per week,not very interested
R0991,F078,5,1,low,Latina,female,40‐49,5+ days per week,not very interested
R0991,F082,4,0,high,Black,female,40‐49,5+ days per week,not very interested
R0991,F082,5,1,high,Black,female,40‐49,5+ days per week,not very interested
R0992,F003,5,0,low,White,female,50‐59,5+ days per week,somewhat interested
R0992,F032,5,1,high,Latina,female,50‐59,5+ days per week,somewhat interested
R0992,F075,2,0,high,Latina,female,50‐59,5+ days per week,somewhat interested
R0992,F080,5,1,high,White,female,50‐59,5+ days per week,somewhat interested
R0992,F083,5,0,high,Asian American,female,50‐59,5+ days per week,somewhat interested
R0992,F105,5,1,low,Asian American,female,50‐59,5+ days per week,somewhat interested
R0992,F106,4,0,low,Black,female,50‐59,5+ days per week,somewhat interested
R0992,F115,5,1,low,Black,female,50‐59,5+ days per week,somewhat interested
R0993,F006,4,1,high,Asian American,male,20‐29,never,somewhat interested
R0993,F017,5,1,high,Latina,male,20‐29,never,somewhat interested
R0993,F054,2,1,low,Black,male,20‐29,never,somewhat interested
R0993,F066,2,0,high,Black,male,20‐29,never,somewhat interested
R0993,F093,4,1,low,White,male,20‐29,never,somewhat interested
R0993,F093,5,0,low,White,male,20‐29,never,somewhat interested
R0993,F104,2,0,low,Latina,male,20‐29,never,somewhat interested
R0993,F110,2,0,high,Asian American,male,20‐29,never,somewhat interested
R0994,F025,3,0,high,Latina,female,50‐59,never,not at all interested
R0994,F026,4,0,high,White,female,50‐59,never,not at all interested
R0994,F041,3,1,high,White,female,50‐59,never,not at all interested
R0994,F046,3,0,low,Black,female,50‐59,never,not at all interested
R0994,F062,3,1,high,Black,female,50‐59,never,not at all interested
R0994,F072,3,1,low,Latina,female,50‐59,never,not at all interested
R0994,F090,2,0,low,Asian American,female,50‐59,never,not at all interested
R0994,F105,3,1,low,Asian American,female,50‐59,never,not at all interested
R0995,F003,2,1,low,White,male,40‐49,never,not very interested
R0995,F016,3,0,high,White,male,40‐49,never,not very interested
R0995,F018,2,0,low,Asian American,male,40‐49,never,not very interested
R0995,F022,2,1,high,Black,male,40‐49,never,not very interested
R0995,F038,2,1,low,Latina,male,40‐49,never,not very interested
R0995,F063,3,0,high,Black,male,40‐49,never,not very interested
R0995,F067,4,1,high,Asian American,male,40‐49,never,not very interested
R0995,F078,2,0,low,Latina,male,40‐49,never,not very interested
R0996,F007,1,0,low,Black,female,20‐29,2-4 days per week,very interested
R0996,F012,2,0,high,Latina,female,20‐29,2-4 days per week,very interested
R0996,F031,3,1,high,Black,female,20‐29,2-4 days per week,very interested
R0996,F084,3,1,high,White,female,20‐29,2-4 days per week,very interested
R0996,F084,3,0,high,White,female,20‐29,2-4 days per week,very interested
R0996,F090,2,1,low,Asian American,female,20‐29,2-4 days per week,very interested
R0996,F103,2,1,low,Latina,female,20‐29,2-4 days per week,very interested
R0996,F116,1,0,low,Asian American,female,20‐29,2-4 days per week,very interested
R0997,F006,4,0,high,Asian American,female,40‐49,5+ days per week,not very interested
R0997,F009,5,0,low,White,female,40‐49,5+ days per week,not very interested
R0997,F036,5,1,high,White,female,40‐49,5+ days per week,not very interested
R0997,F048,3,0,low,Black,female,40‐49,5+ days per week,not very interested
R0997,F069,3,1,low,Black,female,40‐49,5+ days per week,not very interested
R0997,F089,4,1,high,Latina,female,40‐49,5+ days per week,not very interested
R0997,F092,4,0,high,Latina,female,40‐49,5+ days per week,not very interested
R0997,F116,3,1,low,Asian American,female,40‐49,5+ days per week,not very interested
R0998,F005,1,0,high,White,female,20‐29,about once per week,very interested
R0998,F021,1,1,low,Latina,female,20‐29,about once per week,very interested
R0998,F023,2,0,high,Black,female,20‐29,about once per week,very interested
R0998,F033,4,1,high,Black,female,20‐29,about once per week,very interested
R0998,F035,4,1,low,White,female,20‐29,about once per week,very interested
R0998,F053,3,0,low,Latina,female,20‐29,about once per week,very interested
R0998,F105,1,0,low,Asian American,female,20‐29,about once per week,very interested
R0998,F110,2,1,high,Asian American,female,20‐29,about once per week,very interested
R0999,F040,2,1,low,Black,female,50‐59,1-3 days per month,somewhat interested
R0999,F072,4,0,low,Latina,female,50‐59,1-3 days per month,somewhat interested
R0999,F073,3,0,low,White,female,50‐59,1-3 days per month,somewhat interested
R0999,F079,4,1,low,White,female,50‐59,1-3 days per month,somewhat interested
R0999,F082,4,0,high,Black,female,50‐59,1-3 days per month,somewhat interested
R0999,F083,5,1,high,Asian American,female,50‐59,1-3 days per month,somewhat interested
R0999,F087,2,0,high,Asian American,female,50‐59,1-3 days per month,somewhat interested
R0999,F089,3,1,high,Latina,female,50‐59,1-3 days per month,somewhat interested
R1000,F001,2,1,high,Asian American,male,40‐49,never,not very interested
R1000,F020,3,1,low,White,male,40‐49,never,not very interested
R1000,F066,3,0,high,Black,male,40‐49,never,not very interested
R1000,F080,3,0,high,White,male,40‐49,never,not very interested
R1000,F097,2,0,low,Asian American,male,40‐49,never,not very interested
R1000,F098,4,1,high,Black,male,40‐49,never,not very interested
R1000,F104,3,0,low,Latina,male,40‐49,never,not very interested
R1000,F104,3,1,low,Latina,male,40‐49,never,not very interested
R1001,F024,2,0,low,Black,female,40‐49,5+ days per week,neutral
R1001,F030,4,1,high,Latina,female,40‐49,5+ days per week,neutral
R1001,F032,2,0,high,Latina,female,40‐49,5+ days per week,neutral
R1001,F051,2,0,high,Asian American,female,40‐49,5+ days per week,neutral
R1001,F060,2,1,low,Asian American,female,40‐49,5+ days per week,neutral
R1001,F068,3,1,high,White,female,40‐49,5+ days per week,neutral
R1001,F106,3,1,low,Black,female,40‐49,5+ days per week,neutral
R1001,F108,2,0,low,White,female,40‐49,5+ days per week,neutral
R1002,F008,3,0,high,White,male,60‐69,never,not very interested
R1002,F022,1,1,high,Black,male,60‐69,never,not very interested
R1002,F030,4,0,high,Latina,male,60‐69,never,not very interested
R1002,F059,4,1,low,Latina,male,60‐69,never,not very interested
R1002,F060,1,0,low,Asian American,male,60‐69,never,not very interested
R1002,F071,5,1,high,White,male,60‐69,never,not very interested
R1002,F088,1,0,low,Black,male,60‐69,never,not very interested
R1002,F095,3,1,low,Asian American,male,60‐69,never,not very interested
R1003,F001,2,0,high,Asian American,male,30‐39,never,not at all interested
R1003,F017,4,1,high,Latina,male,30‐39,never,not at all interested
R1003,F024,2,1,low,Black,male,30‐39,never,not at all interested
R1003,F061,3,0,low,Latina,male,30‐39,never,not at all interested
R1003,F062,2,0,high,Black,male,30‐39,never,not at all interested
R1003,F067,4,1,high,Asian American,male,30‐39,never,not at all interested
R1003,F099,3,0,low,White,male,30‐39,never,not at all interested
R1003,F107,4,1,low,White,male,30‐39,never,not at all interested
R1004,F009,3,1,low,White,female,20‐29,never,not at all interested
R1004,F011,4,0,low,Latina,female,20‐29,never,not at all interested
R1004,F021,3,1,low,Latina,female,20‐29,never,not at all interested
R1004,F037,4,0,high,Black,female,20‐29,never,not at all interested
R1004,F063,3,1,high,Black,female,20‐29,never,not at all interested
R1004,F081,4,0,high,White,female,20‐29,never,not at all interested
R1004,F083,5,1,high,Asian American,female,20‐29,never,not at all interested
R1004,F095,2,0,low,Asian American,female,20‐29,never,not at all interested
R1005,F012,5,1,high,Latina,female,30‐39,5+ days per week,somewhat interested
R1005,F019,4,0,low,White,female,30‐39,5+ days per week,somewhat interested
R1005,F024,3,1,low,Black,female,30‐39,5+ days per week,somewhat interested
R1005,F034,4,0,high,Asian American,female,30‐39,5+ days per week,somewhat interested
R1005,F052,4,1,high,White,female,30‐39,5+ days per week,somewhat interested
R1005,F091,2,0,low,Black,female,30‐39,5+ days per week,somewhat interested
R1005,F092,3,0,high,Latina,female,30‐39,5+ days per week,somewhat interested
R1005,F097,3,1,low,Asian American,female,30‐39,5+ days per week,somewhat interested
R1006,F028,2,1,high,White,male,20‐29,never,not very interested
R1006,F036,4,0,high,White,male,20‐29,never,not very interested
R1006,F050,1,0,low,Black,male,20‐29,never,not very interested
R1006,F078,3,1,low,Latina,male,20‐29,never,not very interested
R1006,F092,3,0,high,Latina,male,20‐29,never,not very interested
R1006,F097,2,1,low,Asian American,male,20‐29,never,not very interested
R1006,F097,2,0,low,Asian American,male,20‐29,never,not very interested
R1006,F100,2,1,high,Black,male,20‐29,never,not very interested
R1007,F001,3,1,high,Asian American,female,30‐39,never,neutral
R1007,F083,4,0,high,Asian American,female,30‐39,never,neutral
R1007,F092,3,1,high,Latina,female,30‐39,never,neutral
R1007,F096,3,1,low,White,female,30‐39,never,neutral
R1007,F096,4,0,low,White,female,30‐39,never,neutral
R1007,F104,3,0,low,Latina,female,30‐39,never,neutral
R1007,F113,4,0,high,Black,female,30‐39,never,neutral
R1007,F115,3,1,low,Black,female,30‐39,never,neutral
R1008,F025,3,0,high,Latina,female,50‐59,1-3 days per month,not very interested
R1008,F043,3,0,low,Black,female,50‐59,1-3 days per month,not very interested
R1008,F053,5,1,low,Latina,female,50‐59,1-3 days per month,not very interested
R1008,F057,3,1,low,Asian American,female,50‐59,1-3 days per month,not very interested
R1008,F057,3,0,low,Asian American,female,50‐59,1-3 days per month,not very interested
R1008,F071,4,0,high,White,female,50‐59,1-3 days per month,not very interested
R1008,F082,2,1,high,Black,female,50‐59,1-3 days per month,not very interested
R1008,F094,4,1,high,White,female,50‐59,1-3 days per month,not very interested
R1009,F004,3,0,low,White,female,20‐29,5+ days per week,very interested
R1009,F013,3,1,low,Black,female,20‐29,5+ days per week,very interested
R1009,F019,5,1,low,White,female,20‐29,5+ days per week,very interested
R1009,F051,3,0,high,Asian American,female,20‐29,5+ days per week,very interested
R1009,F074,3,1,high,Latina,female,20‐29,5+ days per week,very interested
R1009,F087,3,1,high,Asian American,female,20‐29,5+ days per week,very interested
R1009,F100,4,0,high,Black,female,20‐29,5+ days per week,very interested
R1009,F103,4,0,low,Latina,female,20‐29,5+ days per week,very interested
R1010,F002,1,0,high,Latina,male,50‐59,never,neutral
R1010,F010,2,1,low,Asian American,male,50‐59,never,neutral
R1010,F012,3,1,high,Latina,male,50‐59,never,neutral
R1010,F013,3,1,low,Black,male,50‐59,never,neutral
R1010,F087,1,0,high,Asian American,male,50‐59,never,neutral
R1010,F094,3,1,high,White,male,50‐59,never,neutral
R1010,F112,1,0,low,White,male,50‐59,never,neutral
R1010,F115,1,0,low,Black,male,50‐59,never,neutral
R1011,F001,4,0,high,Asian American,female,50‐59,about once per week,not very interested
R1011,F012,5,0,high,Latina,female,50‐59,about once per week,not very interested
R1011,F039,5,0,low,White,female,50‐59,about once per week,not very interested
R1011,F046,3,1,low,Black,female,50‐59,about once per week,not very interested
R1011,F046,4,0,low,Black,female,50‐59,about once per week,not very interested
R1011,F056,3,1,high,Latina,female,50‐59,about once per week,not very interested
R1011,F090,4,1,low,Asian American,female,50‐59,about once per week,not very interested
R1011,F111,5,1,high,White,female,50‐59,about once per week,not very interested
R1012,F027,2,1,high,Asian American,female,30‐39,1-3 days per month,not very interested
R1012,F027,2,0,high,Asian American,female,30‐39,1-3 days per month,not very interested
R1012,F056,4,1,high,Latina,female,30‐39,1-3 days per month,not very interested
R1012,F059,2,0,low,Latina,female,30‐39,1-3 days per month,not very interested
R1012,F063,1,0,high,Black,female,30‐39,1-3 days per month,not very interested
R1012,F085,2,0,low,White,female,30‐39,1-3 days per month,not very interested
R1012,F099,3,1,low,White,female,30‐39,1-3 days per month,not very interested
R1012,F114,1,1,low,Black,female,30‐39,1-3 days per month,not very interested
R1013,F010,4,0,low,Asian American,female,30‐39,5+ days per week,neutral
R1013,F016,3,0,high,White,female,30‐39,5+ days per week,neutral
R1013,F023,4,0,high,Black,female,30‐39,5+ days per week,neutral
R1013,F034,3,1,high,Asian American,female,30‐39,5+ days per week,neutral
R1013,F037,3,1,high,Black,female,30‐39,5+ days per week,neutral
R1013,F055,3,0,low,Latina,female,30‐39,5+ days per week,neutral
R1013,F078,3,1,low,Latina,female,30‐39,5+ days per week,neutral
R1013,F085,3,1,low,White,female,30‐39,5+ days per week,neutral
R1014,F010,1,1,low,Asian American,male,30‐39,never,not at all interested
R1014,F011,2,1,low,Latina,male,30‐39,never,not at all interested
R1014,F024,1,0,low,Black,male,30‐39,never,not at all interested
R1014,F075,1,0,high,Latina,male,30‐39,never,not at all interested
R1014,F080,1,0,high,White,male,30‐39,never,not at all interested
R1014,F095,1,0,low,Asian American,male,30‐39,never,not at all interested
R1014,F098,2,1,high,Black,male,30‐39,never,not at all interested
R1014,F111,1,1,high,White,male,30‐39,never,not at all interested
R1015,F018,4,1,low,Asian American,male,50‐59,never,not very interested
R1015,F025,4,1,high,Latina,male,50‐59,never,not very interested
R1015,F027,2,0,high,Asian American,male,50‐59,never,not very interested
R1015,F044,2,0,low,White,male,50‐59,never,not very interested
R1015,F048,2,1,low,Black,male,50‐59,never,not very interested
R1015,F050,1,0,low,Black,male,50‐59,never,not very interested
R1015,F065,3,1,high,White,male,50‐59,never,not very interested
R1015,F075,3,0,high,Latina,male,50‐59,never,not very interested
R1016,F025,2,1,high,Latina,male,40‐49,never,not at all interested
R1016,F034,2,0,high,Asian American,male,40‐49,never,not at all interested
R1016,F039,3,1,low,White,male,40‐49,never,not at all interested
R1016,F044,2,0,low,White,male,40‐49,never,not at all interested
R1016,F048,2,1,low,Black,male,40‐49,never,not at all interested
R1016,F058,4,0,high,Black,male,40‐49,never,not at all interested
R1016,F078,2,0,low,Latina,male,40‐49,never,not at all interested
R1016,F110,2,1,high,Asian American,male,40‐49,never,not at all interested
R1017,F029,4,1,low,White,female,50‐59,2-4 days per week,neutral
R1017,F038,2,0,low,Latina,female,50‐59,2-4 days per week,neutral
R1017,F047,3,0,high,White,female,50‐59,2-4 days per week,neutral
R1017,F055,3,1,low,Latina,female,50‐59,2-4 days per week,neutral
R1017,F057,2,0,low,Asian American,female,50‐59,2-4 days per week,neutral
R1017,F066,2,0,high,Black,female,50‐59,2-4 days per week,neutral
R1017,F086,2,1,high,Black,female,50‐59,2-4 days per week,neutral
R1017,F110,2,1,high,Asian American,female,50‐59,2-4 days per week,neutral
R1018,F003,3,1,low,White,female,60‐69,2-4 days per week,somewhat interested
R1018,F008,5,0,high,White,female,60‐69,2-4 days per week,somewhat interested
R1018,F011,5,0,low,Latina,female,60‐69,2-4 days per week,somewhat interested
R1018,F072,4,1,low,Latina,female,60‐69,2-4 days per week,somewhat interested
R1018,F082,5,0,high,Black,female,60‐69,2-4 days per week,somewhat interested
R1018,F087,3,1,high,Asian American,female,60‐69,2-4 days per week,somewhat interested
R1018,F090,4,0,low,Asian American,female,60‐69,2-4 days per week,somewhat interested
R1018,F100,4,1,high,Black,female,60‐69,2-4 days per week,somewhat interested
R1019,F003,3,0,low,White,male,50‐59,never,not very interested
R1019,F006,2,0,high,Asian American,male,50‐59,never,not very interested
R1019,F013,2,1,low,Black,male,50‐59,never,not very interested
R1019,F056,2,0,high,Latina,male,50‐59,never,not very interested
R1019,F068,3,1,high,White,male,50‐59,never,not very interested
R1019,F069,2,0,low,Black,male,50‐59,never,not very interested
R1019,F075,2,1,high,Latina,male,50‐59,never,not very interested
R1019,F116,2,1,low,Asian American,male,50‐59,never,not very interested
R1020,F004,1,0,low,White,female,30‐39,2-4 days per week,somewhat interested
R1020,F032,3,1,high,Latina,female,30‐39,2-4 days per week,somewhat interested
R1020,F052,3,1,high,White,female,30‐39,2-4 days per week,somewhat interested
R1020,F057,2,1,low,Asian American,female,30‐39,2-4 days per week,somewhat interested
R1020,F067,4,0,high,Asian American,female,30‐39,2-4 days per week,somewhat interested
R1020,F088,2,0,low,Black,female,30‐39,2-4 days per week,somewhat interested
R1020,F089,4,0,high,Latina,female,30‐39,2-4 days per week,somewhat interested
R1020,F115,2,1,low,Black,female,30‐39,2-4 days per week,somewhat interested
R1021,F015,1,0,low,Black,male,70 and above,never,not very interested
R1021,F017,1,0,high,Latina,male,70 and above,never,not very interested
R1021,F028,4,1,high,White,male,70 and above,never,not very interested
R1021,F058,2,1,high,Black,male,70 and above,never,not very interested
R1021,F059,1,1,low,Latina,male,70 and above,never,not very interested
R1021,F068,1,0,high,White,male,70 and above,never,not very interested
R1021,F105,2,1,low,Asian American,male,70 and above,never,not very interested
R1021,F116,3,0,low,Asian American,male,70 and above,never,not very interested
R1022,F012,3,1,high,Latina,female,20‐29,about once per week,not very interested
R1022,F019,2,1,low,White,female,20‐29,about once per week,not very interested
R1022,F027,2,0,high,Asian American,female,20‐29,about once per week,not very interested
R1022,F051,3,1,high,Asian American,female,20‐29,about once per week,not very interested
R1022,F053,3,0,low,Latina,female,20‐29,about once per week,not very interested
R1022,F082,3,0,high,Black,female,20‐29,about once per week,not very interested
R1022,F091,2,1,low,Black,female,20‐29,about once per week,not very interested
R1022,F107,3,0,low,White,female,20‐29,about once per week,not very interested
R1023,F004,1,1,low,White,male,30‐39,never,not very interested
R1023,F006,2,1,high,Asian American,male,30‐39,never,not very interested
R1023,F011,3,1,low,Latina,male,30‐39,never,not very interested
R1023,F036,4,0,high,White,male,30‐39,never,not very interested
R1023,F057,2,0,low,Asian American,male,30‐39,never,not very interested
R1023,F059,4,0,low,Latina,male,30‐39,never,not very interested
R1023,F076,3,1,high,Black,male,30‐39,never,not very interested
R1023,F113,3,0,high,Black,male,30‐39,never,not very interested
R1024,F018,3,1,low,Asian American,female,40‐49,5+ days per week,very interested
R1024,F023,4,1,high,Black,female,40‐49,5+ days per week,very interested
R1024,F052,3,1,high,White,female,40‐49,5+ days per week,very interested
R1024,F056,3,0,high,Latina,female,40‐49,5+ days per week,very interested
R1024,F061,3,1,low,Latina,female,40‐49,5+ days per week,very interested
R1024,F084,4,0,high,White,female,40‐49,5+ days per week,very interested
R1024,F105,3,0,low,Asian American,female,40‐49,5+ days per week,very interested
R1024,F106,3,0,low,Black,female,40‐49,5+ days per week,very interested
R1025,F003,4,0,low,White,male,40‐49,never,not very interested
R1025,F031,3,0,high,Black,male,40‐49,never,not very interested
R1025,F032,2,1,high,Latina,male,40‐49,never,not very interested
R1025,F034,4,0,high,Asian American,male,40‐49,never,not very interested
R1025,F046,2,1,low,Black,male,40‐49,never,not very interested
R1025,F061,3,0,low,Latina,male,40‐49,never,not very interested
R1025,F073,4,1,low,White,male,40‐49,never,not very interested
R1025,F083,3,1,high,Asian American,male,40‐49,never,not very interested
R1026,F009,2,0,low,White,male,20‐29,never,somewhat interested
R1026,F014,2,1,low,White,male,20‐29,never,somewhat interested
R1026,F021,2,0,low,Latina,male,20‐29,never,somewhat interested
R1026,F034,3,1,high,Asian American,male,20‐29,never,somewhat interested
R1026,F075,2,1,high,Latina,male,20‐29,never,somewhat interested
R1026,F087,1,0,high,Asian American,male,20‐29,never,somewhat interested
R1026,F100,2,0,high,Black,male,20‐29,never,somewhat interested
R1026,F102,3,1,low,Black,male,20‐29,never,somewhat interested
R1027,F009,1,1,low,White,female,40‐49,5+ days per week,somewhat interested
R1027,F021,2,0,low,Latina,female,40‐49,5+ days per week,somewhat interested
R1027,F038,2,1,low,Latina,female,40‐49,5+ days per week,somewhat interested
R1027,F045,3,0,high,White,female,40‐49,5+ days per week,somewhat interested
R1027,F058,3,1,high,Black,female,40‐49,5+ days per week,somewhat interested
R1027,F067,2,1,high,Asian American,female,40‐49,5+ days per week,somewhat interested
R1027,F101,2,0,high,Black,female,40‐49,5+ days per week,somewhat interested
R1027,F116,2,0,low,Asian American,female,40‐49,5+ days per week,somewhat interested
R1028,F002,3,0,high,Latina,female,30‐39,5+ days per week,very interested
R1028,F008,2,0,high,White,female,30‐39,5+ days per week,very interested
R1028,F033,3,1,high,Black,female,30‐39,5+ days per week,very interested
R1028,F050,1,0,low,Black,female,30‐39,5+ days per week,very interested
R1028,F064,4,1,high,White,female,30‐39,5+ days per week,very interested
R1028,F090,1,0,low,Asian American,female,30‐39,5+ days per week,very interested
R1028,F104,3,1,low,Latina,female,30‐39,5+ days per week,very interested
R1028,F116,2,1,low,Asian American,female,30‐39,5+ days per week,very interested
R1029,F004,4,1,low,White,male,50‐59,never,somewhat interested
R1029,F006,3,0,high,Asian American,male,50‐59,never,somewhat interested
R1029,F015,4,1,low,Black,male,50‐59,never,somewhat interested
R1029,F049,4,0,high,Black,male,50‐59,never,somewhat interested
R1029,F072,2,0,low,Latina,male,50‐59,never,somewhat interested
R1029,F087,2,1,high,Asian American,male,50‐59,never,somewhat interested
R1029,F089,2,1,high,Latina,male,50‐59,never,somewhat interested
R1029,F093,3,0,low,White,male,50‐59,never,somewhat interested
R1030,F027,2,1,high,Asian American,female,30‐39,5+ days per week,neutral
R1030,F039,4,1,low,White,female,30‐39,5+ days per week,neutral
R1030,F049,3,0,high,Black,female,30‐39,5+ days per week,neutral
R1030,F064,5,0,high,White,female,30‐39,5+ days per week,neutral
R1030,F072,2,1,low,Latina,female,30‐39,5+ days per week,neutral
R1030,F078,4,0,low,Latina,female,30‐39,5+ days per week,neutral
R1030,F095,2,0,low,Asian American,female,30‐39,5+ days per week,neutral
R1030,F101,4,1,high,Black,female,30‐39,5+ days per week,neutral
R1031,F006,3,1,high,Asian American,female,40‐49,5+ days per week,somewhat interested
R1031,F030,5,1,high,Latina,female,40‐49,5+ days per week,somewhat interested
R1031,F035,2,1,low,White,female,40‐49,5+ days per week,somewhat interested
R1031,F038,4,0,low,Latina,female,40‐49,5+ days per week,somewhat interested
R1031,F062,2,0,high,Black,female,40‐49,5+ days per week,somewhat interested
R1031,F067,4,0,high,Asian American,female,40‐49,5+ days per week,somewhat interested
R1031,F108,4,0,low,White,female,40‐49,5+ days per week,somewhat interested
R1031,F115,3,1,low,Black,female,40‐49,5+ days per week,somewhat interested
R1032,F017,3,1,high,Latina,male,20‐29,never,not at all interested
R1032,F017,3,0,high,Latina,male,20‐29,never,not at all interested
R1032,F035,3,0,low,White,male,20‐29,never,not at all interested
R1032,F045,1,1,high,White,male,20‐29,never,not at all interested
R1032,F087,1,0,high,Asian American,male,20‐29,never,not at all interested
R1032,F090,1,1,low,Asian American,male,20‐29,never,not at all interested
R1032,F102,2,1,low,Black,male,20‐29,never,not at all interested
R1032,F115,2,0,low,Black,male,20‐29,never,not at all interested
R1033,F010,4,1,low,Asian American,female,30‐39,5+ days per week,neutral
R1033,F057,4,0,low,Asian American,female,30‐39,5+ days per week,neutral
R1033,F065,5,0,high,White,female,30‐39,5+ days per week,neutral
R1033,F066,4,1,high,Black,female,30‐39,5+ days per week,neutral
R1033,F084,5,1,high,White,female,30‐39,5+ days per week,neutral
R1033,F089,5,0,high,Latina,female,30‐39,5+ days per week,neutral
R1033,F102,4,0,low,Black,female,30‐39,5+ days per week,neutral
R1033,F103,4,1,low,Latina,female,30‐39,5+ days per week,neutral
R1034,F007,4,1,low,Black,female,50‐59,2-4 days per week,neutral
R1034,F015,3,0,low,Black,female,50‐59,2-4 days per week,neutral
R1034,F020,4,0,low,White,female,50‐59,2-4 days per week,neutral
R1034,F028,4,1,high,White,female,50‐59,2-4 days per week,neutral
R1034,F075,4,0,high,Latina,female,50‐59,2-4 days per week,neutral
R1034,F092,3,1,high,Latina,female,50‐59,2-4 days per week,neutral
R1034,F095,3,1,low,Asian American,female,50‐59,2-4 days per week,neutral
R1034,F110,3,0,high,Asian American,female,50‐59,2-4 days per week,neutral
R1035,F048,2,1,low,Black,male,50‐59,never,not very interested
R1035,F051,4,0,high,Asian American,male,50‐59,never,not very interested
R1035,F055,3,0,low,Latina,male,50‐59,never,not very interested
R1035,F056,5,1,high,Latina,male,50‐59,never,not very interested
R1035,F073,5,0,low,White,male,50‐59,never,not very interested
R1035,F099,4,1,low,White,male,50‐59,never,not very interested
R1035,F101,3,0,high,Black,male,50‐59,never,not very interested
R1035,F110,4,1,high,Asian American,male,50‐59,never,not very interested
R1036,F008,3,1,high,White,male,40‐49,never,somewhat interested
R1036,F038,3,1,low,Latina,male,40‐49,never,somewhat interested
R1036,F041,4,0,high,White,male,40‐49,never,somewhat interested
R1036,F049,2,1,high,Black,male,40‐49,never,somewhat interested
R1036,F070,4,0,low,Black,male,40‐49,never,somewhat interested
R1036,F089,3,0,high,Latina,male,40‐49,never,somewhat interested
R1036,F097,2,1,low,Asian American,male,40‐49,never,somewhat interested
R1036,F097,1,0,low,Asian American,male,40‐49,never,somewhat interested
R1037,F014,5,1,low,White,female,40‐49,5+ days per week,somewhat interested
R1037,F023,2,1,high,Black,female,40‐49,5+ days per week,somewhat interested
R1037,F055,5,1,low,Latina,female,40‐49,5+ days per week,somewhat interested
R1037,F066,3,0,high,Black,female,40‐49,5+ days per week,somewhat interested
R1037,F078,2,0,low,Latina,female,40‐49,5+ days per week,somewhat interested
R1037,F080,3,0,high,White,female,40‐49,5+ days per week,somewhat interested
R1037,F087,4,1,high,Asian American,female,40‐49,5+ days per week,somewhat interested
R1037,F105,5,0,low,Asian American,female,40‐49,5+ days per week,somewhat interested
R1038,F009,4,0,low,White,male,50‐59,never,not very interested
R1038,F010,3,1,low,Asian American,male,50‐59,never,not very interested
R1038,F017,4,0,high,Latina,male,50‐59,never,not very interested
R1038,F034,4,0,high,Asian American,male,50‐59,never,not very interested
R1038,F042,5,1,high,White,male,50‐59,never,not very interested
R1038,F046,3,1,low,Black,male,50‐59,never,not very interested
R1038,F091,5,0,low,Black,male,50‐59,never,not very interested
R1038,F092,6,1,high,Latina,male,50‐59,never,not very interested
R1039,F013,3,0,low,Black,female,40‐49,5+ days per week,somewhat interested
R1039,F016,3,1,high,White,female,40‐49,5+ days per week,somewhat interested
R1039,F017,4,0,high,Latina,female,40‐49,5+ days per week,somewhat interested
R1039,F038,4,1,low,Latina,female,40‐49,5+ days per week,somewhat interested
R1039,F077,3,1,high,Black,female,40‐49,5+ days per week,somewhat interested
R1039,F081,4,0,high,White,female,40‐49,5+ days per week,somewhat interested
R1039,F090,3,1,low,Asian American,female,40‐49,5+ days per week,somewhat interested
R1039,F095,2,0,low,Asian American,female,40‐49,5+ days per week,somewhat interested
R1040,F038,3,0,low,Latina,male,40‐49,never,neutral
R1040,F038,4,1,low,Latina,male,40‐49,never,neutral
R1040,F051,4,1,high,Asian American,male,40‐49,never,neutral
R1040,F063,3,0,high,Black,male,40‐49,never,neutral
R1040,F065,3,0,high,White,male,40‐49,never,neutral
R1040,F066,2,1,high,Black,male,40‐49,never,neutral
R1040,F073,3,1,low,White,male,40‐49,never,neutral
R1040,F105,2,0,low,Asian American,male,40‐49,never,neutral
R1041,F002,2,0,high,Latina,male,40‐49,never,not very interested
R1041,F005,3,1,high,White,male,40‐49,never,not very interested
R1041,F011,4,1,low,Latina,male,40‐49,never,not very interested
R1041,F016,3,0,high,White,male,40‐49,never,not very interested
R1041,F057,3,1,low,Asian American,male,40‐49,never,not very interested
R1041,F060,2,0,low,Asian American,male,40‐49,never,not very interested
R1041,F062,4,1,high,Black,male,40‐49,never,not very interested
R1041,F114,2,0,low,Black,male,40‐49,never,not very interested
R1042,F015,3,1,low,Black,female,30‐39,a few times per year,somewhat interested
R1042,F017,3,1,high,Latina,female,30‐39,a few times per year,somewhat interested
R1042,F027,3,0,high,Asian American,female,30‐39,a few times per year,somewhat interested
R1042,F060,4,1,low,Asian American,female,30‐39,a few times per year,somewhat interested
R1042,F080,5,1,high,White,female,30‐39,a few times per year,somewhat interested
R1042,F089,4,0,high,Latina,female,30‐39,a few times per year,somewhat interested
R1042,F102,2,0,low,Black,female,30‐39,a few times per year,somewhat interested
R1042,F112,4,0,low,White,female,30‐39,a few times per year,somewhat interested
R1043,F010,2,0,low,Asian American,male,30‐39,never,not very interested
R1043,F028,3,0,high,White,male,30‐39,never,not very interested
R1043,F041,5,1,high,White,male,30‐39,never,not very interested
R1043,F056,2,0,high,Latina,male,30‐39,never,not very interested
R1043,F059,4,1,low,Latina,male,30‐39,never,not very interested
R1043,F060,1,1,low,Asian American,male,30‐39,never,not very interested
R1043,F069,1,0,low,Black,male,30‐39,never,not very interested
R1043,F113,2,1,high,Black,male,30‐39,never,not very interested
R1044,F017,2,1,high,Latina,female,50‐59,1-3 days per month,not at all interested
R1044,F024,5,1,low,Black,female,50‐59,1-3 days per month,not at all interested
R1044,F027,2,1,high,Asian American,female,50‐59,1-3 days per month,not at all interested
R1044,F038,4,0,low,Latina,female,50‐59,1-3 days per month,not at all interested
R1044,F044,2,0,low,White,female,50‐59,1-3 days per month,not at all interested
R1044,F093,3,1,low,White,female,50‐59,1-3 days per month,not at all interested
R1044,F110,1,0,high,Asian American,female,50‐59,1-3 days per month,not at all interested
R1044,F113,3,0,high,Black,female,50‐59,1-3 days per month,not at all interested
R1045,F007,2,0,low,Black,male,50‐59,never,somewhat interested
R1045,F025,1,0,high,Latina,male,50‐59,never,somewhat interested
R1045,F034,1,0,high,Asian American,male,50‐59,never,somewhat interested
R1045,F036,1,1,high,White,male,50‐59,never,somewhat interested
R1045,F050,1,1,low,Black,male,50‐59,never,somewhat interested
R1045,F075,1,1,high,Latina,male,50‐59,never,somewhat interested
R1045,F085,2,0,low,White,male,50‐59,never,somewhat interested
R1045,F090,1,1,low,Asian American,male,50‐59,never,somewhat interested
R1046,F011,4,1,low,Latina,female,40‐49,5+ days per week,very interested
R1046,F018,3,0,low,Asian American,female,40‐49,5+ days per week,very interested
R1046,F071,5,0,high,White,female,40‐49,5+ days per week,very interested
R1046,F072,3,0,low,Latina,female,40‐49,5+ days per week,very interested
R1046,F077,4,1,high,Black,female,40‐49,5+ days per week,very interested
R1046,F079,5,1,low,White,female,40‐49,5+ days per week,very interested
R1046,F100,3,0,high,Black,female,40‐49,5+ days per week,very interested
R1046,F110,4,1,high,Asian American,female,40‐49,5+ days per week,very interested
R1047,F007,4,0,low,Black,female,20‐29,2-4 days per week,somewhat interested
R1047,F030,4,0,high,Latina,female,20‐29,2-4 days per week,somewhat interested
R1047,F047,5,0,high,White,female,20‐29,2-4 days per week,somewhat interested
R1047,F053,3,1,low,Latina,female,20‐29,2-4 days per week,somewhat interested
R1047,F060,3,0,low,Asian American,female,20‐29,2-4 days per week,somewhat interested
R1047,F063,3,1,high,Black,female,20‐29,2-4 days per week,somewhat interested
R1047,F080,4,1,high,White,female,20‐29,2-4 days per week,somewhat interested
R1047,F097,3,1,low,Asian American,female,20‐29,2-4 days per week,somewhat interested
R1048,F002,2,0,high,Latina,female,40‐49,5+ days per week,very interested
R1048,F005,4,1,high,White,female,40‐49,5+ days per week,very interested
R1048,F006,3,0,high,Asian American,female,40‐49,5+ days per week,very interested
R1048,F043,3,1,low,Black,female,40‐49,5+ days per week,very interested
R1048,F056,4,1,high,Latina,female,40‐49,5+ days per week,very interested
R1048,F079,4,0,low,White,female,40‐49,5+ days per week,very interested
R1048,F106,3,0,low,Black,female,40‐49,5+ days per week,very interested
R1048,F116,3,1,low,Asian American,female,40‐49,5+ days per week,very interested
R1049,F010,4,1,low,Asian American,female,30‐39,about once per week,not at all interested
R1049,F025,3,0,high,Latina,female,30‐39,about once per week,not at all interested
R1049,F042,4,0,high,White,female,30‐39,about once per week,not at all interested
R1049,F043,3,0,low,Black,female,30‐39,about once per week,not at all interested
R1049,F065,4,1,high,White,female,30‐39,about once per week,not at all interested
R1049,F072,4,1,low,Latina,female,30‐39,about once per week,not at all interested
R1049,F109,4,1,high,Black,female,30‐39,about once per week,not at all interested
R1049,F116,3,0,low,Asian American,female,30‐39,about once per week,not at all interested
R1050,F001,4,1,high,Asian American,female,50‐59,5+ days per week,somewhat interested
R1050,F003,4,1,low,White,female,50‐59,5+ days per week,somewhat interested
R1050,F007,5,1,low,Black,female,50‐59,5+ days per week,somewhat interested
R1050,F011,3,0,low,Latina,female,50‐59,5+ days per week,somewhat interested
R1050,F012,3,1,high,Latina,female,50‐59,5+ days per week,somewhat interested
R1050,F014,3,0,low,White,female,50‐59,5+ days per week,somewhat interested
R1050,F067,4,0,high,Asian American,female,50‐59,5+ days per week,somewhat interested
R1050,F109,5,0,high,Black,female,50‐59,5+ days per week,somewhat interested
R1051,F001,3,0,high,Asian American,female,30‐39,2-4 days per week,neutral
R1051,F014,3,0,low,White,female,30‐39,2-4 days per week,neutral
R1051,F032,4,1,high,Latina,female,30‐39,2-4 days per week,neutral
R1051,F032,3,0,high,Latina,female,30‐39,2-4 days per week,neutral
R1051,F050,3,0,low,Black,female,30‐39,2-4 days per week,neutral
R1051,F064,3,1,high,White,female,30‐39,2-4 days per week,neutral
R1051,F070,4,1,low,Black,female,30‐39,2-4 days per week,neutral
R1051,F105,3,1,low,Asian American,female,30‐39,2-4 days per week,neutral
R1052,F005,3,0,high,White,female,50‐59,1-3 days per month,not very interested
R1052,F010,3,0,low,Asian American,female,50‐59,1-3 days per month,not very interested
R1052,F014,4,1,low,White,female,50‐59,1-3 days per month,not very interested
R1052,F055,2,1,low,Latina,female,50‐59,1-3 days per month,not very interested
R1052,F063,2,1,high,Black,female,50‐59,1-3 days per month,not very interested
R1052,F067,3,1,high,Asian American,female,50‐59,1-3 days per month,not very interested
R1052,F103,4,0,low,Latina,female,50‐59,1-3 days per month,not very interested
R1052,F109,4,0,high,Black,female,50‐59,1-3 days per month,not very interested
R1053,F006,5,1,high,Asian American,female,50‐59,1-3 days per month,not very interested
R1053,F019,4,0,low,White,female,50‐59,1-3 days per month,not very interested
R1053,F029,3,1,low,White,female,50‐59,1-3 days per month,not very interested
R1053,F030,4,1,high,Latina,female,50‐59,1-3 days per month,not very interested
R1053,F058,5,0,high,Black,female,50‐59,1-3 days per month,not very interested
R1053,F087,2,0,high,Asian American,female,50‐59,1-3 days per month,not very interested
R1053,F104,4,0,low,Latina,female,50‐59,1-3 days per month,not very interested
R1053,F114,5,1,low,Black,female,50‐59,1-3 days per month,not very interested
R1054,F021,3,1,low,Latina,male,60‐69,never,not at all interested
R1054,F032,2,0,high,Latina,male,60‐69,never,not at all interested
R1054,F045,4,0,high,White,male,60‐69,never,not at all interested
R1054,F057,2,1,low,Asian American,male,60‐69,never,not at all interested
R1054,F068,4,1,high,White,male,60‐69,never,not at all interested
R1054,F097,2,0,low,Asian American,male,60‐69,never,not at all interested
R1054,F101,2,1,high,Black,male,60‐69,never,not at all interested
R1054,F115,4,0,low,Black,male,60‐69,never,not at all interested
R1055,F001,1,1,high,Asian American,female,20‐29,2-4 days per week,somewhat interested
R1055,F020,3,1,low,White,female,20‐29,2-4 days per week,somewhat interested
R1055,F022,1,1,high,Black,female,20‐29,2-4 days per week,somewhat interested
R1055,F028,1,0,high,White,female,20‐29,2-4 days per week,somewhat interested
R1055,F059,2,1,low,Latina,female,20‐29,2-4 days per week,somewhat interested
R1055,F076,3,0,high,Black,female,20‐29,2-4 days per week,somewhat interested
R1055,F078,2,0,low,Latina,female,20‐29,2-4 days per week,somewhat interested
R1055,F090,2,0,low,Asian American,female,20‐29,2-4 days per week,somewhat interested
R1056,F018,3,0,low,Asian American,female,30‐39,never,somewhat interested
R1056,F026,4,0,high,White,female,30‐39,never,somewhat interested
R1056,F046,2,0,low,Black,female,30‐39,never,somewhat interested
R1056,F047,3,1,high,White,female,30‐39,never,somewhat interested
R1056,F074,3,0,high,Latina,female,30‐39,never,somewhat interested
R1056,F078,3,1,low,Latina,female,30‐39,never,somewhat interested
R1056,F082,4,1,high,Black,female,30‐39,never,somewhat interested
R1056,F105,2,1,low,Asian American,female,30‐39,never,somewhat interested
R1057,F012,4,1,high,Latina,female,30‐39,1-3 days per month,somewhat interested
R1057,F027,2,0,high,Asian American,female,30‐39,1-3 days per month,somewhat interested
R1057,F043,5,0,low,Black,female,30‐39,1-3 days per month,somewhat interested
R1057,F054,4,1,low,Black,female,30‐39,1-3 days per month,somewhat interested
R1057,F060,3,1,low,Asian American,female,30‐39,1-3 days per month,somewhat interested
R1057,F071,4,1,high,White,female,30‐39,1-3 days per month,somewhat interested
R1057,F074,2,0,high,Latina,female,30‐39,1-3 days per month,somewhat interested
R1057,F107,3,0,low,White,female,30‐39,1-3 days per month,somewhat interested
R1058,F026,5,1,high,White,female,40‐49,2-4 days per week,neutral
R1058,F031,4,1,high,Black,female,40‐49,2-4 days per week,neutral
R1058,F054,3,0,low,Black,female,40‐49,2-4 days per week,neutral
R1058,F064,4,0,high,White,female,40‐49,2-4 days per week,neutral
R1058,F090,4,1,low,Asian American,female,40‐49,2-4 days per week,neutral
R1058,F092,4,0,high,Latina,female,40‐49,2-4 days per week,neutral
R1058,F095,4,0,low,Asian American,female,40‐49,2-4 days per week,neutral
R1058,F103,3,1,low,Latina,female,40‐49,2-4 days per week,neutral
R1059,F010,4,1,low,Asian American,female,60‐69,5+ days per week,very interested
R1059,F026,5,1,high,White,female,60‐69,5+ days per week,very interested
R1059,F040,3,0,low,Black,female,60‐69,5+ days per week,very interested
R1059,F056,2,0,high,Latina,female,60‐69,5+ days per week,very interested
R1059,F087,3,0,high,Asian American,female,60‐69,5+ days per week,very interested
R1059,F089,3,1,high,Latina,female,60‐69,5+ days per week,very interested
R1059,F091,4,1,low,Black,female,60‐69,5+ days per week,very interested
R1059,F096,2,0,low,White,female,60‐69,5+ days per week,very interested
R1060,F031,6,1,high,Black,male,40‐49,never,somewhat interested
R1060,F038,3,0,low,Latina,male,40‐49,never,somewhat interested
R1060,F045,4,0,high,White,male,40‐49,never,somewhat interested
R1060,F058,4,0,high,Black,male,40‐49,never,somewhat interested
R1060,F060,4,0,low,Asian American,male,40‐49,never,somewhat interested
R1060,F087,4,1,high,Asian American,male,40‐49,never,somewhat interested
R1060,F096,5,1,low,White,male,40‐49,never,somewhat interested
R1060,F103,5,1,low,Latina,male,40‐49,never,somewhat interested
R1061,F018,4,1,low,Asian American,female,40‐49,5+ days per week,somewhat interested
R1061,F019,5,0,low,White,female,40‐49,5+ days per week,somewhat interested
R1061,F024,3,0,low,Black,female,40‐49,5+ days per week,somewhat interested
R1061,F030,6,1,high,Latina,female,40‐49,5+ days per week,somewhat interested
R1061,F083,5,0,high,Asian American,female,40‐49,5+ days per week,somewhat interested
R1061,F084,5,1,high,White,female,40‐49,5+ days per week,somewhat interested
R1061,F088,3,1,low,Black,female,40‐49,5+ days per week,somewhat interested
R1061,F092,4,0,high,Latina,female,40‐49,5+ days per week,somewhat interested
R1062,F029,2,0,low,White,female,50‐59,1-3 days per month,very interested
R1062,F053,2,0,low,Latina,female,50‐59,1-3 days per month,very interested
R1062,F054,2,1,low,Black,female,50‐59,1-3 days per month,very interested
R1062,F063,4,0,high,Black,female,50‐59,1-3 days per month,very interested
R1062,F067,3,1,high,Asian American,female,50‐59,1-3 days per month,very interested
R1062,F074,3,1,high,Latina,female,50‐59,1-3 days per month,very interested
R1062,F083,2,0,high,Asian American,female,50‐59,1-3 days per month,very interested
R1062,F108,3,1,low,White,female,50‐59,1-3 days per month,very interested
R1063,F012,2,0,high,Latina,female,30‐39,2-4 days per week,not at all interested
R1063,F022,3,1,high,Black,female,30‐39,2-4 days per week,not at all interested
R1063,F040,2,0,low,Black,female,30‐39,2-4 days per week,not at all interested
R1063,F045,3,1,high,White,female,30‐39,2-4 days per week,not at all interested
R1063,F090,1,0,low,Asian American,female,30‐39,2-4 days per week,not at all interested
R1063,F104,3,1,low,Latina,female,30‐39,2-4 days per week,not at all interested
R1063,F111,3,0,high,White,female,30‐39,2-4 days per week,not at all interested
R1063,F116,2,1,low,Asian American,female,30‐39,2-4 days per week,not at all interested
R1064,F024,3,0,low,Black,male,40‐49,never,not at all interested
R1064,F037,3,1,high,Black,male,40‐49,never,not at all interested
R1064,F061,3,1,low,Latina,male,40‐49,never,not at all interested
R1064,F075,4,0,high,Latina,male,40‐49,never,not at all interested
R1064,F081,2,1,high,White,male,40‐49,never,not at all interested
R1064,F094,4,0,high,White,male,40‐49,never,not at all interested
R1064,F095,2,1,low,Asian American,male,40‐49,never,not at all interested
R1064,F105,3,0,low,Asian American,male,40‐49,never,not at all interested
R1065,F021,5,0,low,Latina,female,40‐49,1-3 days per month,somewhat interested
R1065,F027,2,1,high,Asian American,female,40‐49,1-3 days per month,somewhat interested
R1065,F033,5,0,high,Black,female,40‐49,1-3 days per month,somewhat interested
R1065,F061,5,1,low,Latina,female,40‐49,1-3 days per month,somewhat interested
R1065,F094,4,0,high,White,female,40‐49,1-3 days per month,somewhat interested
R1065,F095,3,0,low,Asian American,female,40‐49,1-3 days per month,somewhat interested
R1065,F107,3,1,low,White,female,40‐49,1-3 days per month,somewhat interested
R1065,F109,4,1,high,Black,female,40‐49,1-3 days per month,somewhat interested
R1066,F001,3,0,high,Asian American,female,30‐39,about once per week,very interested
R1066,F020,4,1,low,White,female,30‐39,about once per week,very interested
R1066,F033,3,0,high,Black,female,30‐39,about once per week,very interested
R1066,F059,3,0,low,Latina,female,30‐39,about once per week,very interested
R1066,F070,4,1,low,Black,female,30‐39,about once per week,very interested
R1066,F083,4,1,high,Asian American,female,30‐39,about once per week,very interested
R1066,F089,4,1,high,Latina,female,30‐39,about once per week,very interested
R1066,F099,3,0,low,White,female,30‐39,about once per week,very interested
R1067,F025,5,1,high,Latina,female,30‐39,2-4 days per week,somewhat interested
R1067,F030,3,0,high,Latina,female,30‐39,2-4 days per week,somewhat interested
R1067,F039,5,0,low,White,female,30‐39,2-4 days per week,somewhat interested
R1067,F047,5,1,high,White,female,30‐39,2-4 days per week,somewhat interested
R1067,F051,2,0,high,Asian American,female,30‐39,2-4 days per week,somewhat interested
R1067,F054,1,0,low,Black,female,30‐39,2-4 days per week,somewhat interested
R1067,F097,3,1,low,Asian American,female,30‐39,2-4 days per week,somewhat interested
R1067,F106,2,1,low,Black,female,30‐39,2-4 days per week,somewhat interested
R1068,F002,1,0,high,Latina,female,40‐49,5+ days per week,neutral
R1068,F057,2,1,low,Asian American,female,40‐49,5+ days per week,neutral
R1068,F065,2,1,high,White,female,40‐49,5+ days per week,neutral
R1068,F074,1,1,high,Latina,female,40‐49,5+ days per week,neutral
R1068,F108,3,0,low,White,female,40‐49,5+ days per week,neutral
R1068,F110,1,0,high,Asian American,female,40‐49,5+ days per week,neutral
R1068,F114,1,1,low,Black,female,40‐49,5+ days per week,neutral
R1068,F114,1,0,low,Black,female,40‐49,5+ days per week,neutral
R1069,F018,4,1,low,Asian American,female,under 20,5+ days per week,very interested
R1069,F026,4,1,high,White,female,under 20,5+ days per week,very interested
R1069,F036,5,0,high,White,female,under 20,5+ days per week,very interested
R1069,F055,3,1,low,Latina,female,under 20,5+ days per week,very interested
R1069,F056,5,0,high,Latina,female,under 20,5+ days per week,very interested
R1069,F057,5,0,low,Asian American,female,under 20,5+ days per week,very interested
R1069,F091,3,0,low,Black,female,under 20,5+ days per week,very interested
R1069,F100,3,1,high,Black,female,under 20,5+ days per week,very interested
R1070,F006,2,1,high,Asian American,male,20‐29,never,neutral
R1070,F022,3,0,high,Black,male,20‐29,never,neutral
R1070,F036,2,0,high,White,male,20‐29,never,neutral
R1070,F044,2,1,low,White,male,20‐29,never,neutral
R1070,F082,2,1,high,Black,male,20‐29,never,neutral
R1070,F103,2,1,low,Latina,male,20‐29,never,neutral
R1070,F104,2,0,low,Latina,male,20‐29,never,neutral
R1070,F116,1,0,low,Asian American,male,20‐29,never,neutral
R1071,F010,3,1,low,Asian American,male,30‐39,never,very interested
R1071,F047,5,1,high,White,male,30‐39,never,very interested
R1071,F047,4,0,high,White,male,30‐39,never,very interested
R1071,F050,3,0,low,Black,male,30‐39,never,very interested
R1071,F055,3,1,low,Latina,male,30‐39,never,very interested
R1071,F074,3,0,high,Latina,male,30‐39,never,very interested
R1071,F086,2,1,high,Black,male,30‐39,never,very interested
R1071,F095,3,0,low,Asian American,male,30‐39,never,very interested
R1072,F005,3,0,high,White,male,40‐49,never,somewhat interested
R1072,F011,3,0,low,Latina,male,40‐49,never,somewhat interested
R1072,F023,3,1,high,Black,male,40‐49,never,somewhat interested
R1072,F033,3,0,high,Black,male,40‐49,never,somewhat interested
R1072,F053,4,1,low,Latina,male,40‐49,never,somewhat interested
R1072,F060,2,0,low,Asian American,male,40‐49,never,somewhat interested
R1072,F099,3,1,low,White,male,40‐49,never,somewhat interested
R1072,F110,3,1,high,Asian American,male,40‐49,never,somewhat interested
R1073,F004,5,0,low,White,male,20‐29,2-4 days per week,very interested
R1073,F030,6,1,high,Latina,male,20‐29,2-4 days per week,very interested
R1073,F034,6,0,high,Asian American,male,20‐29,2-4 days per week,very interested
R1073,F046,6,0,low,Black,male,20‐29,2-4 days per week,very interested
R1073,F075,5,0,high,Latina,male,20‐29,2-4 days per week,very interested
R1073,F091,5,1,low,Black,male,20‐29,2-4 days per week,very interested
R1073,F094,6,1,high,White,male,20‐29,2-4 days per week,very interested
R1073,F105,5,1,low,Asian American,male,20‐29,2-4 days per week,very interested
R1074,F027,1,0,high,Asian American,female,20‐29,2-4 days per week,somewhat interested
R1074,F034,1,1,high,Asian American,female,20‐29,2-4 days per week,somewhat interested
R1074,F039,5,0,low,White,female,20‐29,2-4 days per week,somewhat interested
R1074,F048,1,1,low,Black,female,20‐29,2-4 days per week,somewhat interested
R1074,F066,1,0,high,Black,female,20‐29,2-4 days per week,somewhat interested
R1074,F074,1,1,high,Latina,female,20‐29,2-4 days per week,somewhat interested
R1074,F104,1,0,low,Latina,female,20‐29,2-4 days per week,somewhat interested
R1074,F107,1,1,low,White,female,20‐29,2-4 days per week,somewhat interested
R1075,F015,4,0,low,Black,female,30‐39,1-3 days per month,not very interested
R1075,F025,4,0,high,Latina,female,30‐39,1-3 days per month,not very interested
R1075,F028,2,0,high,White,female,30‐39,1-3 days per month,not very interested
R1075,F038,4,1,low,Latina,female,30‐39,1-3 days per month,not very interested
R1075,F080,2,1,high,White,female,30‐39,1-3 days per month,not very interested
R1075,F090,2,0,low,Asian American,female,30‐39,1-3 days per month,not very interested
R1075,F097,3,1,low,Asian American,female,30‐39,1-3 days per month,not very interested
R1075,F098,2,1,high,Black,female,30‐39,1-3 days per month,not very interested
R1076,F016,3,1,high,White,female,40‐49,never,not very interested
R1076,F017,4,0,high,Latina,female,40‐49,never,not very interested
R1076,F018,2,1,low,Asian American,female,40‐49,never,not very interested
R1076,F040,4,0,low,Black,female,40‐49,never,not very interested
R1076,F044,3,0,low,White,female,40‐49,never,not very interested
R1076,F046,3,1,low,Black,female,40‐49,never,not very interested
R1076,F087,2,0,high,Asian American,female,40‐49,never,not very interested
R1076,F092,4,1,high,Latina,female,40‐49,never,not very interested
R1077,F020,2,0,low,White,male,20‐29,never,not at all interested
R1077,F044,1,1,low,White,male,20‐29,never,not at all interested
R1077,F050,1,1,low,Black,male,20‐29,never,not at all interested
R1077,F055,1,0,low,Latina,male,20‐29,never,not at all interested
R1077,F067,4,0,high,Asian American,male,20‐29,never,not at all interested
R1077,F083,4,1,high,Asian American,male,20‐29,never,not at all interested
R1077,F089,2,1,high,Latina,male,20‐29,never,not at all interested
R1077,F100,1,0,high,Black,male,20‐29,never,not at all interested
R1078,F003,4,1,low,White,female,30‐39,5+ days per week,very interested
R1078,F008,4,0,high,White,female,30‐39,5+ days per week,very interested
R1078,F011,4,1,low,Latina,female,30‐39,5+ days per week,very interested
R1078,F027,3,1,high,Asian American,female,30‐39,5+ days per week,very interested
R1078,F031,4,1,high,Black,female,30‐39,5+ days per week,very interested
R1078,F061,3,0,low,Latina,female,30‐39,5+ days per week,very interested
R1078,F109,4,0,high,Black,female,30‐39,5+ days per week,very interested
R1078,F116,3,0,low,Asian American,female,30‐39,5+ days per week,very interested
R1079,F001,3,0,high,Asian American,female,40‐49,about once per week,neutral
R1079,F006,6,1,high,Asian American,female,40‐49,about once per week,neutral
R1079,F025,5,1,high,Latina,female,40‐49,about once per week,neutral
R1079,F043,3,1,low,Black,female,40‐49,about once per week,neutral
R1079,F072,5,0,low,Latina,female,40‐49,about once per week,neutral
R1079,F079,5,1,low,White,female,40‐49,about once per week,neutral
R1079,F079,4,0,low,White,female,40‐49,about once per week,neutral
R1079,F101,2,0,high,Black,female,40‐49,about once per week,neutral
R1080,F010,3,0,low,Asian American,female,30‐39,a few times per year,neutral
R1080,F023,3,1,high,Black,female,30‐39,a few times per year,neutral
R1080,F041,3,0,high,White,female,30‐39,a few times per year,neutral
R1080,F054,3,0,low,Black,female,30‐39,a few times per year,neutral
R1080,F061,3,1,low,Latina,female,30‐39,a few times per year,neutral
R1080,F064,3,1,high,White,female,30‐39,a few times per year,neutral
R1080,F092,4,0,high,Latina,female,30‐39,a few times per year,neutral
R1080,F116,3,1,low,Asian American,female,30‐39,a few times per year,neutral
R1081,F001,3,0,high,Asian American,male,40‐49,never,not very interested
R1081,F012,4,1,high,Latina,male,40‐49,never,not very interested
R1081,F012,5,0,high,Latina,male,40‐49,never,not very interested
R1081,F026,4,1,high,White,male,40‐49,never,not very interested
R1081,F073,2,0,low,White,male,40‐49,never,not very interested
R1081,F090,5,1,low,Asian American,male,40‐49,never,not very interested
R1081,F102,2,0,low,Black,male,40‐49,never,not very interested
R1081,F106,2,1,low,Black,male,40‐49,never,not very interested
R1082,F009,2,1,low,White,female,40‐49,5+ days per week,not very interested
R1082,F053,3,0,low,Latina,female,40‐49,5+ days per week,not very interested
R1082,F071,3,0,high,White,female,40‐49,5+ days per week,not very interested
R1082,F078,4,1,low,Latina,female,40‐49,5+ days per week,not very interested
R1082,F087,4,1,high,Asian American,female,40‐49,5+ days per week,not very interested
R1082,F095,2,0,low,Asian American,female,40‐49,5+ days per week,not very interested
R1082,F098,5,1,high,Black,female,40‐49,5+ days per week,not very interested
R1082,F100,3,0,high,Black,female,40‐49,5+ days per week,not very interested
R1083,F010,3,1,low,Asian American,male,50‐59,never,neutral
R1083,F017,1,1,high,Latina,male,50‐59,never,neutral
R1083,F043,1,1,low,Black,male,50‐59,never,neutral
R1083,F056,1,0,high,Latina,male,50‐59,never,neutral
R1083,F067,4,0,high,Asian American,male,50‐59,never,neutral
R1083,F068,2,1,high,White,male,50‐59,never,neutral
R1083,F099,1,0,low,White,male,50‐59,never,neutral
R1083,F114,1,0,low,Black,male,50‐59,never,neutral
R1084,F022,5,1,high,Black,female,30‐39,about once per week,somewhat interested
R1084,F028,4,1,high,White,female,30‐39,about once per week,somewhat interested
R1084,F042,4,0,high,White,female,30‐39,about once per week,somewhat interested
R1084,F048,4,0,low,Black,female,30‐39,about once per week,somewhat interested
R1084,F057,3,0,low,Asian American,female,30‐39,about once per week,somewhat interested
R1084,F089,4,0,high,Latina,female,30‐39,about once per week,somewhat interested
R1084,F095,4,1,low,Asian American,female,30‐39,about once per week,somewhat interested
R1084,F103,6,1,low,Latina,female,30‐39,about once per week,somewhat interested
R1085,F021,1,0,low,Latina,female,20‐29,2-4 days per week,somewhat interested
R1085,F029,2,0,low,White,female,20‐29,2-4 days per week,somewhat interested
R1085,F034,1,0,high,Asian American,female,20‐29,2-4 days per week,somewhat interested
R1085,F040,1,1,low,Black,female,20‐29,2-4 days per week,somewhat interested
R1085,F077,2,0,high,Black,female,20‐29,2-4 days per week,somewhat interested
R1085,F085,3,1,low,White,female,20‐29,2-4 days per week,somewhat interested
R1085,F092,1,1,high,Latina,female,20‐29,2-4 days per week,somewhat interested
R1085,F110,1,1,high,Asian American,female,20‐29,2-4 days per week,somewhat interested
R1086,F032,2,1,high,Latina,female,60‐69,about once per week,not very interested
R1086,F051,3,1,high,Asian American,female,60‐69,about once per week,not very interested
R1086,F058,4,0,high,Black,female,60‐69,about once per week,not very interested
R1086,F096,3,0,low,White,female,60‐69,about once per week,not very interested
R1086,F099,2,1,low,White,female,60‐69,about once per week,not very interested
R1086,F102,3,1,low,Black,female,60‐69,about once per week,not very interested
R1086,F103,3,0,low,Latina,female,60‐69,about once per week,not very interested
R1086,F110,3,0,high,Asian American,female,60‐69,about once per week,not very interested
R1087,F002,2,0,high,Latina,male,60‐69,never,not at all interested
R1087,F008,5,0,high,White,male,60‐69,never,not at all interested
R1087,F018,3,1,low,Asian American,male,60‐69,never,not at all interested
R1087,F031,2,1,high,Black,male,60‐69,never,not at all interested
R1087,F069,2,0,low,Black,male,60‐69,never,not at all interested
R1087,F072,5,1,low,Latina,male,60‐69,never,not at all interested
R1087,F081,5,1,high,White,male,60‐69,never,not at all interested
R1087,F105,3,0,low,Asian American,male,60‐69,never,not at all interested
R1088,F002,4,1,high,Latina,female,40‐49,a few times per year,somewhat interested
R1088,F013,4,1,low,Black,female,40‐49,a few times per year,somewhat interested
R1088,F014,5,0,low,White,female,40‐49,a few times per year,somewhat interested
R1088,F027,5,0,high,Asian American,female,40‐49,a few times per year,somewhat interested
R1088,F074,5,0,high,Latina,female,40‐49,a few times per year,somewhat interested
R1088,F081,5,1,high,White,female,40‐49,a few times per year,somewhat interested
R1088,F088,4,0,low,Black,female,40‐49,a few times per year,somewhat interested
R1088,F097,4,1,low,Asian American,female,40‐49,a few times per year,somewhat interested
R1089,F008,5,1,high,White,female,20‐29,about once per week,very interested
R1089,F017,3,0,high,Latina,female,20‐29,about once per week,very interested
R1089,F018,2,0,low,Asian American,female,20‐29,about once per week,very interested
R1089,F045,5,0,high,White,female,20‐29,about once per week,very interested
R1089,F046,4,0,low,Black,female,20‐29,about once per week,very interested
R1089,F060,2,1,low,Asian American,female,20‐29,about once per week,very interested
R1089,F104,3,1,low,Latina,female,20‐29,about once per week,very interested
R1089,F113,4,1,high,Black,female,20‐29,about once per week,very interested
R1090,F001,3,1,high,Asian American,female,40‐49,5+ days per week,somewhat interested
R1090,F038,3,1,low,Latina,female,40‐49,5+ days per week,somewhat interested
R1090,F041,3,0,high,White,female,40‐49,5+ days per week,somewhat interested
R1090,F057,2,0,low,Asian American,female,40‐49,5+ days per week,somewhat interested
R1090,F059,4,0,low,Latina,female,40‐49,5+ days per week,somewhat interested
R1090,F073,3,1,low,White,female,40‐49,5+ days per week,somewhat interested
R1090,F082,3,0,high,Black,female,40‐49,5+ days per week,somewhat interested
R1090,F113,4,1,high,Black,female,40‐49,5+ days per week,somewhat interested
R1091,F003,3,1,low,White,female,40‐49,5+ days per week,somewhat interested
R1091,F004,3,0,low,White,female,40‐49,5+ days per week,somewhat interested
R1091,F011,2,0,low,Latina,female,40‐49,5+ days per week,somewhat interested
R1091,F030,3,1,high,Latina,female,40‐49,5+ days per week,somewhat interested
R1091,F037,2,0,high,Black,female,40‐49,5+ days per week,somewhat interested
R1091,F067,3,1,high,Asian American,female,40‐49,5+ days per week,somewhat interested
R1091,F083,2,0,high,Asian American,female,40‐49,5+ days per week,somewhat interested
R1091,F115,3,1,low,Black,female,40‐49,5+ days per week,somewhat interested
R1092,F014,5,1,low,White,female,30‐39,a few times per year,not very interested
R1092,F021,3,1,low,Latina,female,30‐39,a few times per year,not very interested
R1092,F037,4,0,high,Black,female,30‐39,a few times per year,not very interested
R1092,F053,5,0,low,Latina,female,30‐39,a few times per year,not very interested
R1092,F065,2,0,high,White,female,30‐39,a few times per year,not very interested
R1092,F067,5,1,high,Asian American,female,30‐39,a few times per year,not very interested
R1092,F076,5,1,high,Black,female,30‐39,a few times per year,not very interested
R1092,F090,2,0,low,Asian American,female,30‐39,a few times per year,not very interested
R1093,F012,2,1,high,Latina,male,20‐29,never,not very interested
R1093,F027,3,0,high,Asian American,male,20‐29,never,not very interested
R1093,F031,5,0,high,Black,male,20‐29,never,not very interested
R1093,F039,3,0,low,White,male,20‐29,never,not very interested
R1093,F053,2,0,low,Latina,male,20‐29,never,not very interested
R1093,F087,3,1,high,Asian American,male,20‐29,never,not very interested
R1093,F091,1,1,low,Black,male,20‐29,never,not very interested
R1093,F096,2,1,low,White,male,20‐29,never,not very interested
R1094,F011,4,1,low,Latina,male,50‐59,1-3 days per month,neutral
R1094,F012,3,0,high,Latina,male,50‐59,1-3 days per month,neutral
R1094,F052,3,1,high,White,male,50‐59,1-3 days per month,neutral
R1094,F052,3,0,high,White,male,50‐59,1-3 days per month,neutral
R1094,F090,3,1,low,Asian American,male,50‐59,1-3 days per month,neutral
R1094,F097,4,0,low,Asian American,male,50‐59,1-3 days per month,neutral
R1094,F102,3,0,low,Black,male,50‐59,1-3 days per month,neutral
R1094,F109,3,1,high,Black,male,50‐59,1-3 days per month,neutral
R1095,F003,3,0,low,White,female,30‐39,5+ days per week,not very interested
R1095,F007,2,1,low,Black,female,30‐39,5+ days per week,not very interested
R1095,F015,2,0,low,Black,female,30‐39,5+ days per week,not very interested
R1095,F032,2,0,high,Latina,female,30‐39,5+ days per week,not very interested
R1095,F042,2,1,high,White,female,30‐39,5+ days per week,not very interested
R1095,F057,2,1,low,Asian American,female,30‐39,5+ days per week,not very interested
R1095,F074,3,1,high,Latina,female,30‐39,5+ days per week,not very interested
R1095,F110,3,0,high,Asian American,female,30‐39,5+ days per week,not very interested
R1096,F006,3,0,high,Asian American,male,40‐49,never,neutral
R1096,F030,3,0,high,Latina,male,40‐49,never,neutral
R1096,F048,3,0,low,Black,male,40‐49,never,neutral
R1096,F056,5,1,high,Latina,male,40‐49,never,neutral
R1096,F085,3,0,low,White,male,40‐49,never,neutral
R1096,F095,2,1,low,Asian American,male,40‐49,never,neutral
R1096,F111,5,1,high,White,male,40‐49,never,neutral
R1096,F115,3,1,low,Black,male,40‐49,never,neutral
R1097,F030,5,1,high,Latina,female,50‐59,5+ days per week,somewhat interested
R1097,F041,2,1,high,White,female,50‐59,5+ days per week,somewhat interested
R1097,F044,3,0,low,White,female,50‐59,5+ days per week,somewhat interested
R1097,F060,1,1,low,Asian American,female,50‐59,5+ days per week,somewhat interested
R1097,F069,1,1,low,Black,female,50‐59,5+ days per week,somewhat interested
R1097,F075,5,0,high,Latina,female,50‐59,5+ days per week,somewhat interested
R1097,F083,4,0,high,Asian American,female,50‐59,5+ days per week,somewhat interested
R1097,F091,2,0,low,Black,female,50‐59,5+ days per week,somewhat interested
R1098,F010,1,0,low,Asian American,male,20‐29,about once per week,very interested
R1098,F023,2,1,high,Black,male,20‐29,about once per week,very interested
R1098,F052,2,0,high,White,male,20‐29,about once per week,very interested
R1098,F063,2,0,high,Black,male,20‐29,about once per week,very interested
R1098,F067,3,1,high,Asian American,male,20‐29,about once per week,very interested
R1098,F072,2,1,low,Latina,male,20‐29,about once per week,very interested
R1098,F073,2,1,low,White,male,20‐29,about once per week,very interested
R1098,F078,1,0,low,Latina,male,20‐29,about once per week,very interested
R1099,F012,4,1,high,Latina,female,20‐29,2-4 days per week,somewhat interested
R1099,F013,3,0,low,Black,female,20‐29,2-4 days per week,somewhat interested
R1099,F029,4,0,low,White,female,20‐29,2-4 days per week,somewhat interested
R1099,F036,5,1,high,White,female,20‐29,2-4 days per week,somewhat interested
R1099,F051,3,0,high,Asian American,female,20‐29,2-4 days per week,somewhat interested
R1099,F056,3,0,high,Latina,female,20‐29,2-4 days per week,somewhat interested
R1099,F088,2,1,low,Black,female,20‐29,2-4 days per week,somewhat interested
R1099,F116,3,1,low,Asian American,female,20‐29,2-4 days per week,somewhat interested
R1100,F002,2,0,high,Latina,male,20‐29,never,not at all interested
R1100,F015,2,0,low,Black,male,20‐29,never,not at all interested
R1100,F037,3,1,high,Black,male,20‐29,never,not at all interested
R1100,F057,3,1,low,Asian American,male,20‐29,never,not at all interested
R1100,F064,4,0,high,White,male,20‐29,never,not at all interested
R1100,F071,4,1,high,White,male,20‐29,never,not at all interested
R1100,F104,2,1,low,Latina,male,20‐29,never,not at all interested
R1100,F105,2,0,low,Asian American,male,20‐29,never,not at all interested
R1101,F033,4,1,high,Black,male,20‐29,never,neutral
R1101,F044,1,1,low,White,male,20‐29,never,neutral
R1101,F051,4,1,high,Asian American,male,20‐29,never,neutral
R1101,F053,3,0,low,Latina,male,20‐29,never,neutral
R1101,F055,4,1,low,Latina,male,20‐29,never,neutral
R1101,F060,1,0,low,Asian American,male,20‐29,never,neutral
R1101,F076,1,0,high,Black,male,20‐29,never,neutral
R1101,F080,5,0,high,White,male,20‐29,never,neutral
R1102,F018,3,0,low,Asian American,female,20‐29,5+ days per week,very interested
R1102,F030,4,0,high,Latina,female,20‐29,5+ days per week,very interested
R1102,F038,3,1,low,Latina,female,20‐29,5+ days per week,very interested
R1102,F047,5,0,high,White,female,20‐29,5+ days per week,very interested
R1102,F048,2,0,low,Black,female,20‐29,5+ days per week,very interested
R1102,F082,4,1,high,Black,female,20‐29,5+ days per week,very interested
R1102,F084,5,1,high,White,female,20‐29,5+ days per week,very interested
R1102,F097,3,1,low,Asian American,female,20‐29,5+ days per week,very interested
R1103,F006,2,0,high,Asian American,female,20‐29,1-3 days per month,somewhat interested
R1103,F020,3,0,low,White,female,20‐29,1-3 days per month,somewhat interested
R1103,F040,2,1,low,Black,female,20‐29,1-3 days per month,somewhat interested
R1103,F054,1,0,low,Black,female,20‐29,1-3 days per month,somewhat interested
R1103,F056,2,1,high,Latina,female,20‐29,1-3 days per month,somewhat interested
R1103,F071,2,1,high,White,female,20‐29,1-3 days per month,somewhat interested
R1103,F092,2,0,high,Latina,female,20‐29,1-3 days per month,somewhat interested
R1103,F095,2,1,low,Asian American,female,20‐29,1-3 days per month,somewhat interested
R1104,F018,3,0,low,Asian American,male,20‐29,never,not very interested
R1104,F021,3,0,low,Latina,male,20‐29,never,not very interested
R1104,F061,4,1,low,Latina,male,20‐29,never,not very interested
R1104,F077,2,1,high,Black,male,20‐29,never,not very interested
R1104,F081,3,0,high,White,male,20‐29,never,not very interested
R1104,F085,4,1,low,White,male,20‐29,never,not very interested
R1104,F100,2,0,high,Black,male,20‐29,never,not very interested
R1104,F110,4,1,high,Asian American,male,20‐29,never,not very interested
R1105,F010,2,0,low,Asian American,male,20‐29,never,not very interested
R1105,F016,4,0,high,White,male,20‐29,never,not very interested
R1105,F018,3,1,low,Asian American,male,20‐29,never,not very interested
R1105,F046,3,0,low,Black,male,20‐29,never,not very interested
R1105,F053,4,1,low,Latina,male,20‐29,never,not very interested
R1105,F092,3,0,high,Latina,male,20‐29,never,not very interested
R1105,F094,4,1,high,White,male,20‐29,never,not very interested
R1105,F100,2,1,high,Black,male,20‐29,never,not very interested
R1106,F003,5,1,low,White,female,20‐29,5+ days per week,somewhat interested
R1106,F034,4,1,high,Asian American,female,20‐29,5+ days per week,somewhat interested
R1106,F053,4,0,low,Latina,female,20‐29,5+ days per week,somewhat interested
R1106,F075,5,1,high,Latina,female,20‐29,5+ days per week,somewhat interested
R1106,F083,4,0,high,Asian American,female,20‐29,5+ days per week,somewhat interested
R1106,F102,3,1,low,Black,female,20‐29,5+ days per week,somewhat interested
R1106,F108,4,0,low,White,female,20‐29,5+ days per week,somewhat interested
R1106,F113,3,0,high,Black,female,20‐29,5+ days per week,somewhat interested
R1107,F025,3,1,high,Latina,male,under 20,never,not very interested
R1107,F034,2,0,high,Asian American,male,under 20,never,not very interested
R1107,F035,3,0,low,White,male,under 20,never,not very interested
R1107,F057,2,1,low,Asian American,male,under 20,never,not very interested
R1107,F069,1,1,low,Black,male,under 20,never,not very interested
R1107,F089,4,0,high,Latina,male,under 20,never,not very interested
R1107,F094,3,1,high,White,male,under 20,never,not very interested
R1107,F115,2,0,low,Black,male,under 20,never,not very interested
R1108,F003,3,0,low,White,female,under 20,about once per week,very interested
R1108,F006,3,1,high,Asian American,female,under 20,about once per week,very interested
R1108,F011,4,0,low,Latina,female,under 20,about once per week,very interested
R1108,F024,2,1,low,Black,female,under 20,about once per week,very interested
R1108,F032,3,1,high,Latina,female,under 20,about once per week,very interested
R1108,F087,2,0,high,Asian American,female,under 20,about once per week,very interested
R1108,F098,3,0,high,Black,female,under 20,about once per week,very interested
R1108,F108,2,1,low,White,female,under 20,about once per week,very interested
R1109,F035,2,1,low,White,female,under 20,2-4 days per week,very interested
R1109,F047,4,0,high,White,female,under 20,2-4 days per week,very interested
R1109,F072,1,0,low,Latina,female,under 20,2-4 days per week,very interested
R1109,F078,3,1,low,Latina,female,under 20,2-4 days per week,very interested
R1109,F082,1,1,high,Black,female,under 20,2-4 days per week,very interested
R1109,F083,3,1,high,Asian American,female,under 20,2-4 days per week,very interested
R1109,F098,2,0,high,Black,female,under 20,2-4 days per week,very interested
R1109,F116,1,0,low,Asian American,female,under 20,2-4 days per week,very interested
R1110,F009,2,0,low,White,female,under 20,5+ days per week,somewhat interested
R1110,F012,3,1,high,Latina,female,under 20,5+ days per week,somewhat interested
R1110,F021,1,0,low,Latina,female,under 20,5+ days per week,somewhat interested
R1110,F027,2,1,high,Asian American,female,under 20,5+ days per week,somewhat interested
R1110,F035,4,1,low,White,female,under 20,5+ days per week,somewhat interested
R1110,F043,2,1,low,Black,female,under 20,5+ days per week,somewhat interested
R1110,F063,2,0,high,Black,female,under 20,5+ days per week,somewhat interested
R1110,F110,1,0,high,Asian American,female,under 20,5+ days per week,somewhat interested
R1111,F001,2,0,high,Asian American,female,under 20,5+ days per week,somewhat interested
R1111,F005,3,1,high,White,female,under 20,5+ days per week,somewhat interested
R1111,F007,4,1,low,Black,female,under 20,5+ days per week,somewhat interested
R1111,F010,3,1,low,Asian American,female,under 20,5+ days per week,somewhat interested
R1111,F050,1,0,low,Black,female,under 20,5+ days per week,somewhat interested
R1111,F075,3,0,high,Latina,female,under 20,5+ days per week,somewhat interested
R1111,F085,3,0,low,White,female,under 20,5+ days per week,somewhat interested
R1111,F092,4,1,high,Latina,female,under 20,5+ days per week,somewhat interested
R1112,F008,2,1,high,White,female,under 20,5+ days per week,very interested
R1112,F017,2,1,high,Latina,female,under 20,5+ days per week,very interested
R1112,F017,2,0,high,Latina,female,under 20,5+ days per week,very interested
R1112,F044,1,0,low,White,female,under 20,5+ days per week,very interested
R1112,F070,2,1,low,Black,female,under 20,5+ days per week,very interested
R1112,F070,2,0,low,Black,female,under 20,5+ days per week,very interested
R1112,F087,2,0,high,Asian American,female,under 20,5+ days per week,very interested
R1112,F105,2,1,low,Asian American,female,under 20,5+ days per week,very interested
R1113,F017,5,0,high,Latina,female,under 20,5+ days per week,very interested
R1113,F024,5,0,low,Black,female,under 20,5+ days per week,very interested
R1113,F045,5,1,high,White,female,under 20,5+ days per week,very interested
R1113,F049,4,1,high,Black,female,under 20,5+ days per week,very interested
R1113,F057,3,0,low,Asian American,female,under 20,5+ days per week,very interested
R1113,F078,5,1,low,Latina,female,under 20,5+ days per week,very interested
R1113,F094,4,0,high,White,female,under 20,5+ days per week,very interested
R1113,F095,4,1,low,Asian American,female,under 20,5+ days per week,very interested
R1114,F004,2,1,low,White,female,under 20,5+ days per week,very interested
R1114,F011,2,1,low,Latina,female,under 20,5+ days per week,very interested
R1114,F031,3,1,high,Black,female,under 20,5+ days per week,very interested
R1114,F065,4,0,high,White,female,under 20,5+ days per week,very interested
R1114,F087,3,1,high,Asian American,female,under 20,5+ days per week,very interested
R1114,F097,3,0,low,Asian American,female,under 20,5+ days per week,very interested
R1114,F103,4,0,low,Latina,female,under 20,5+ days per week,very interested
R1114,F113,3,0,high,Black,female,under 20,5+ days per week,very interested
R1115,F014,5,0,low,White,female,under 20,5+ days per week,somewhat interested
R1115,F017,2,1,high,Latina,female,under 20,5+ days per week,somewhat interested
R1115,F019,6,1,low,White,female,under 20,5+ days per week,somewhat interested
R1115,F034,3,0,high,Asian American,female,under 20,5+ days per week,somewhat interested
R1115,F058,4,0,high,Black,female,under 20,5+ days per week,somewhat interested
R1115,F078,2,0,low,Latina,female,under 20,5+ days per week,somewhat interested
R1115,F091,1,1,low,Black,female,under 20,5+ days per week,somewhat interested
R1115,F110,3,1,high,Asian American,female,under 20,5+ days per week,somewhat interested
R1116,F002,3,0,high,Latina,female,under 20,5+ days per week,very interested
R1116,F018,6,1,low,Asian American,female,under 20,5+ days per week,very interested
R1116,F043,4,0,low,Black,female,under 20,5+ days per week,very interested
R1116,F050,3,1,low,Black,female,under 20,5+ days per week,very interested
R1116,F067,5,0,high,Asian American,female,under 20,5+ days per week,very interested
R1116,F073,5,0,low,White,female,under 20,5+ days per week,very interested
R1116,F075,6,1,high,Latina,female,under 20,5+ days per week,very interested
R1116,F111,6,1,high,White,female,under 20,5+ days per week,very interested
R1117,F019,5,1,low,White,female,under 20,about once per week,very interested
R1117,F027,4,1,high,Asian American,female,under 20,about once per week,very interested
R1117,F038,3,1,low,Latina,female,under 20,about once per week,very interested
R1117,F041,2,0,high,White,female,under 20,about once per week,very interested
R1117,F061,2,0,low,Latina,female,under 20,about once per week,very interested
R1117,F066,3,0,high,Black,female,under 20,about once per week,very interested
R1117,F105,2,0,low,Asian American,female,under 20,about once per week,very interested
R1117,F109,4,1,high,Black,female,under 20,about once per week,very interested
R1118,F007,2,0,low,Black,female,under 20,about once per week,somewhat interested
R1118,F032,2,1,high,Latina,female,under 20,about once per week,somewhat interested
R1118,F032,2,0,high,Latina,female,under 20,about once per week,somewhat interested
R1118,F042,2,1,high,White,female,under 20,about once per week,somewhat interested
R1118,F083,3,0,high,Asian American,female,under 20,about once per week,somewhat interested
R1118,F097,4,1,low,Asian American,female,under 20,about once per week,somewhat interested
R1118,F107,4,0,low,White,female,under 20,about once per week,somewhat interested
R1118,F114,3,1,low,Black,female,under 20,about once per week,somewhat interested
R1119,F002,2,1,high,Latina,female,under 20,5+ days per week,somewhat interested
R1119,F018,3,1,low,Asian American,female,under 20,5+ days per week,somewhat interested
R1119,F025,3,0,high,Latina,female,under 20,5+ days per week,somewhat interested
R1119,F048,2,0,low,Black,female,under 20,5+ days per week,somewhat interested
R1119,F052,4,1,high,White,female,under 20,5+ days per week,somewhat interested
R1119,F054,2,1,low,Black,female,under 20,5+ days per week,somewhat interested
R1119,F079,2,0,low,White,female,under 20,5+ days per week,somewhat interested
R1119,F087,2,0,high,Asian American,female,under 20,5+ days per week,somewhat interested
R1120,F003,3,1,low,White,female,under 20,a few times per year,somewhat interested
R1120,F036,4,0,high,White,female,under 20,a few times per year,somewhat interested
R1120,F038,3,0,low,Latina,female,under 20,a few times per year,somewhat interested
R1120,F051,3,1,high,Asian American,female,under 20,a few times per year,somewhat interested
R1120,F057,3,0,low,Asian American,female,under 20,a few times per year,somewhat interested
R1120,F059,4,1,low,Latina,female,under 20,a few times per year,somewhat interested
R1120,F086,3,1,high,Black,female,under 20,a few times per year,somewhat interested
R1120,F109,3,0,high,Black,female,under 20,a few times per year,somewhat interested
R1121,F012,1,0,high,Latina,female,under 20,2-4 days per week,very interested
R1121,F024,3,1,low,Black,female,under 20,2-4 days per week,very interested
R1121,F030,3,1,high,Latina,female,under 20,2-4 days per week,very interested
R1121,F034,2,0,high,Asian American,female,under 20,2-4 days per week,very interested
R1121,F039,4,0,low,White,female,under 20,2-4 days per week,very interested
R1121,F064,1,1,high,White,female,under 20,2-4 days per week,very interested
R1121,F090,2,1,low,Asian American,female,under 20,2-4 days per week,very interested
R1121,F102,2,0,low,Black,female,under 20,2-4 days per week,very interested
R1122,F019,6,0,low,White,female,under 20,5+ days per week,very interested
R1122,F022,4,0,high,Black,female,under 20,5+ days per week,very interested
R1122,F029,5,1,low,White,female,under 20,5+ days per week,very interested
R1122,F030,4,1,high,Latina,female,under 20,5+ days per week,very interested
R1122,F059,4,0,low,Latina,female,under 20,5+ days per week,very interested
R1122,F067,6,1,high,Asian American,female,under 20,5+ days per week,very interested
R1122,F067,4,0,high,Asian American,female,under 20,5+ days per week,very interested
R1122,F070,5,1,low,Black,female,under 20,5+ days per week,very interested
R1123,F059,5,1,low,Latina,female,under 20,about once per week,somewhat interested
R1123,F065,4,1,high,White,female,under 20,about once per week,somewhat interested
R1123,F071,3,0,high,White,female,under 20,about once per week,somewhat interested
R1123,F075,2,0,high,Latina,female,under 20,about once per week,somewhat interested
R1123,F090,4,1,low,Asian American,female,under 20,about once per week,somewhat interested
R1123,F095,2,0,low,Asian American,female,under 20,about once per week,somewhat interested
R1123,F109,4,1,high,Black,female,under 20,about once per week,somewhat interested
R1123,F114,1,0,low,Black,female,under 20,about once per week,somewhat interested
R1124,F021,2,1,low,Latina,female,under 20,2-4 days per week,very interested
R1124,F042,2,1,high,White,female,under 20,2-4 days per week,very interested
R1124,F050,1,0,low,Black,female,under 20,2-4 days per week,very interested
R1124,F056,3,0,high,Latina,female,under 20,2-4 days per week,very interested
R1124,F081,4,0,high,White,female,under 20,2-4 days per week,very interested
R1124,F086,3,1,high,Black,female,under 20,2-4 days per week,very interested
R1124,F116,2,1,low,Asian American,female,under 20,2-4 days per week,very interested
R1124,F116,2,0,low,Asian American,female,under 20,2-4 days per week,very interested
R1125,F027,3,0,high,Asian American,female,under 20,5+ days per week,very interested
R1125,F032,4,1,high,Latina,female,under 20,5+ days per week,very interested
R1125,F040,2,0,low,Black,female,under 20,5+ days per week,very interested
R1125,F074,2,0,high,Latina,female,under 20,5+ days per week,very interested
R1125,F081,4,1,high,White,female,under 20,5+ days per week,very interested
R1125,F106,2,1,low,Black,female,under 20,5+ days per week,very interested
R1125,F108,5,0,low,White,female,under 20,5+ days per week,very interested
R1125,F116,2,1,low,Asian American,female,under 20,5+ days per week,very interested
R1126,F005,4,1,high,White,female,under 20,5+ days per week,very interested
R1126,F011,4,1,low,Latina,female,under 20,5+ days per week,very interested
R1126,F013,4,0,low,Black,female,under 20,5+ days per week,very interested
R1126,F025,2,0,high,Latina,female,under 20,5+ days per week,very interested
R1126,F028,1,0,high,White,female,under 20,5+ days per week,very interested
R1126,F066,2,1,high,Black,female,under 20,5+ days per week,very interested
R1126,F095,2,1,low,Asian American,female,under 20,5+ days per week,very interested
R1126,F116,2,0,low,Asian American,female,under 20,5+ days per week,very interested
R1127,F001,4,1,high,Asian American,female,under 20,2-4 days per week,very interested
R1127,F010,2,0,low,Asian American,female,under 20,2-4 days per week,very interested
R1127,F016,3,0,high,White,female,under 20,2-4 days per week,very interested
R1127,F037,4,1,high,Black,female,under 20,2-4 days per week,very interested
R1127,F038,3,0,low,Latina,female,under 20,2-4 days per week,very interested
R1127,F049,2,0,high,Black,female,under 20,2-4 days per week,very interested
R1127,F053,4,1,low,Latina,female,under 20,2-4 days per week,very interested
R1127,F108,5,1,low,White,female,under 20,2-4 days per week,very interested
R1128,F008,3,0,high,White,female,under 20,1-3 days per month,not very interested
R1128,F026,3,1,high,White,female,under 20,1-3 days per month,not very interested
R1128,F032,4,0,high,Latina,female,under 20,1-3 days per month,not very interested
R1128,F077,4,1,high,Black,female,under 20,1-3 days per month,not very interested
R1128,F088,3,0,low,Black,female,under 20,1-3 days per month,not very interested
R1128,F097,3,0,low,Asian American,female,under 20,1-3 days per month,not very interested
R1128,F103,4,1,low,Latina,female,under 20,1-3 days per month,not very interested
R1128,F116,3,1,low,Asian American,female,under 20,1-3 days per month,not very interested
R1129,F027,2,0,high,Asian American,female,under 20,2-4 days per week,not very interested
R1129,F066,3,0,high,Black,female,under 20,2-4 days per week,not very interested
R1129,F074,3,1,high,Latina,female,under 20,2-4 days per week,not very interested
R1129,F083,3,1,high,Asian American,female,under 20,2-4 days per week,not very interested
R1129,F085,3,0,low,White,female,under 20,2-4 days per week,not very interested
R1129,F088,3,1,low,Black,female,under 20,2-4 days per week,not very interested
R1129,F103,3,0,low,Latina,female,under 20,2-4 days per week,not very interested
R1129,F107,4,1,low,White,female,under 20,2-4 days per week,not very interested
R1130,F003,5,0,low,White,female,under 20,about once per week,neutral
R1130,F027,4,0,high,Asian American,female,under 20,about once per week,neutral
R1130,F069,1,0,low,Black,female,under 20,about once per week,neutral
R1130,F080,3,1,high,White,female,under 20,about once per week,neutral
R1130,F089,3,1,high,Latina,female,under 20,about once per week,neutral
R1130,F091,2,1,low,Black,female,under 20,about once per week,neutral
R1130,F092,4,0,high,Latina,female,under 20,about once per week,neutral
R1130,F097,2,1,low,Asian American,female,under 20,about once per week,neutral
R1131,F004,3,0,low,White,female,under 20,about once per week,neutral
R1131,F046,4,1,low,Black,female,under 20,about once per week,neutral
R1131,F051,3,1,high,Asian American,female,under 20,about once per week,neutral
R1131,F051,2,0,high,Asian American,female,under 20,about once per week,neutral
R1131,F061,3,0,low,Latina,female,under 20,about once per week,neutral
R1131,F079,4,1,low,White,female,under 20,about once per week,neutral
R1131,F092,3,1,high,Latina,female,under 20,about once per week,neutral
R1131,F100,3,0,high,Black,female,under 20,about once per week,neutral
R1132,F010,2,0,low,Asian American,female,under 20,5+ days per week,somewhat interested
R1132,F025,2,0,high,Latina,female,under 20,5+ days per week,somewhat interested
R1132,F041,4,0,high,White,female,under 20,5+ days per week,somewhat interested
R1132,F060,4,1,low,Asian American,female,under 20,5+ days per week,somewhat interested
R1132,F062,3,1,high,Black,female,under 20,5+ days per week,somewhat interested
R1132,F078,2,1,low,Latina,female,under 20,5+ days per week,somewhat interested
R1132,F081,3,1,high,White,female,under 20,5+ days per week,somewhat interested
R1132,F102,4,0,low,Black,female,under 20,5+ days per week,somewhat interested
R1133,F006,3,1,high,Asian American,female,under 20,2-4 days per week,somewhat interested
R1133,F029,3,0,low,White,female,under 20,2-4 days per week,somewhat interested
R1133,F050,1,1,low,Black,female,under 20,2-4 days per week,somewhat interested
R1133,F062,3,0,high,Black,female,under 20,2-4 days per week,somewhat interested
R1133,F072,4,0,low,Latina,female,under 20,2-4 days per week,somewhat interested
R1133,F089,4,1,high,Latina,female,under 20,2-4 days per week,somewhat interested
R1133,F099,4,1,low,White,female,under 20,2-4 days per week,somewhat interested
R1133,F110,5,0,high,Asian American,female,under 20,2-4 days per week,somewhat interested
R1134,F021,4,1,low,Latina,female,under 20,5+ days per week,somewhat interested
R1134,F023,2,0,high,Black,female,under 20,5+ days per week,somewhat interested
R1134,F034,3,1,high,Asian American,female,under 20,5+ days per week,somewhat interested
R1134,F049,2,1,high,Black,female,under 20,5+ days per week,somewhat interested
R1134,F060,2,0,low,Asian American,female,under 20,5+ days per week,somewhat interested
R1134,F084,6,0,high,White,female,under 20,5+ days per week,somewhat interested
R1134,F104,6,0,low,Latina,female,under 20,5+ days per week,somewhat interested
R1134,F107,4,1,low,White,female,under 20,5+ days per week,somewhat interested
R1135,F010,4,1,low,Asian American,female,under 20,never,not at all interested
R1135,F042,3,0,high,White,female,under 20,never,not at all interested
R1135,F056,3,0,high,Latina,female,under 20,never,not at all interested
R1135,F061,4,1,low,Latina,female,under 20,never,not at all interested
R1135,F064,3,1,high,White,female,under 20,never,not at all interested
R1135,F069,3,0,low,Black,female,under 20,never,not at all interested
R1135,F095,3,0,low,Asian American,female,under 20,never,not at all interested
R1135,F113,5,1,high,Black,female,under 20,never,not at all interested
R1136,F034,1,0,high,Asian American,female,under 20,1-3 days per month,not very interested
R1136,F039,3,1,low,White,female,under 20,1-3 days per month,not very interested
R1136,F067,4,1,high,Asian American,female,under 20,1-3 days per month,not very interested
R1136,F072,1,0,low,Latina,female,under 20,1-3 days per month,not very interested
R1136,F079,2,0,low,White,female,under 20,1-3 days per month,not very interested
R1136,F082,1,0,high,Black,female,under 20,1-3 days per month,not very interested
R1136,F089,2,1,high,Latina,female,under 20,1-3 days per month,not very interested
R1136,F114,2,1,low,Black,female,under 20,1-3 days per month,not very interested
R1137,F012,3,1,high,Latina,female,under 20,1-3 days per month,neutral
R1137,F014,5,1,low,White,female,under 20,1-3 days per month,neutral
R1137,F015,3,1,low,Black,female,under 20,1-3 days per month,neutral
R1137,F027,4,1,high,Asian American,female,under 20,1-3 days per month,neutral
R1137,F031,3,0,high,Black,female,under 20,1-3 days per month,neutral
R1137,F039,4,0,low,White,female,under 20,1-3 days per month,neutral
R1137,F083,2,0,high,Asian American,female,under 20,1-3 days per month,neutral
R1137,F104,2,0,low,Latina,female,under 20,1-3 days per month,neutral
R1138,F004,2,1,low,White,female,under 20,2-4 days per week,very interested
R1138,F034,2,1,high,Asian American,female,under 20,2-4 days per week,very interested
R1138,F038,3,0,low,Latina,female,under 20,2-4 days per week,very interested
R1138,F056,2,1,high,Latina,female,under 20,2-4 days per week,very interested
R1138,F067,3,0,high,Asian American,female,under 20,2-4 days per week,very interested
R1138,F073,4,0,low,White,female,under 20,2-4 days per week,very interested
R1138,F077,2,0,high,Black,female,under 20,2-4 days per week,very interested
R1138,F106,2,1,low,Black,female,under 20,2-4 days per week,very interested
R1139,F011,2,1,low,Latina,female,under 20,5+ days per week,somewhat interested
R1139,F045,2,0,high,White,female,under 20,5+ days per week,somewhat interested
R1139,F055,3,0,low,Latina,female,under 20,5+ days per week,somewhat interested
R1139,F057,3,0,low,Asian American,female,under 20,5+ days per week,somewhat interested
R1139,F058,3,1,high,Black,female,under 20,5+ days per week,somewhat interested
R1139,F062,3,0,high,Black,female,under 20,5+ days per week,somewhat interested
R1139,F067,3,1,high,Asian American,female,under 20,5+ days per week,somewhat interested
R1139,F093,3,1,low,White,female,under 20,5+ days per week,somewhat interested
R1140,F005,4,0,high,White,female,under 20,about once per week,not very interested
R1140,F028,1,1,high,White,female,under 20,about once per week,not very interested
R1140,F043,1,0,low,Black,female,under 20,about once per week,not very interested
R1140,F063,1,1,high,Black,female,under 20,about once per week,not very interested
R1140,F072,1,1,low,Latina,female,under 20,about once per week,not very interested
R1140,F074,1,0,high,Latina,female,under 20,about once per week,not very interested
R1140,F090,1,1,low,Asian American,female,under 20,about once per week,not very interested
R1140,F105,1,0,low,Asian American,female,under 20,about once per week,not very interested
R1141,F028,1,1,high,White,male,20‐29,never,neutral
R1141,F046,2,0,low,Black,male,20‐29,never,neutral
R1141,F048,1,1,low,Black,male,20‐29,never,neutral
R1141,F067,2,0,high,Asian American,male,20‐29,never,neutral
R1141,F074,2,0,high,Latina,male,20‐29,never,neutral
R1141,F092,3,1,high,Latina,male,20‐29,never,neutral
R1141,F093,4,0,low,White,male,20‐29,never,neutral
R1141,F095,1,1,low,Asian American,male,20‐29,never,neutral
R1142,F001,2,0,high,Asian American,male,20‐29,never,not at all interested
R1142,F013,5,1,low,Black,male,20‐29,never,not at all interested
R1142,F015,3,0,low,Black,male,20‐29,never,not at all interested
R1142,F017,3,0,high,Latina,male,20‐29,never,not at all interested
R1142,F045,6,1,high,White,male,20‐29,never,not at all interested
R1142,F075,4,1,high,Latina,male,20‐29,never,not at all interested
R1142,F099,4,0,low,White,male,20‐29,never,not at all interested
R1142,F105,4,1,low,Asian American,male,20‐29,never,not at all interested
R1143,F006,2,0,high,Asian American,male,20‐29,never,neutral
R1143,F020,3,0,low,White,male,20‐29,never,neutral
R1143,F037,2,0,high,Black,male,20‐29,never,neutral
R1143,F073,2,1,low,White,male,20‐29,never,neutral
R1143,F074,2,1,high,Latina,male,20‐29,never,neutral
R1143,F078,3,0,low,Latina,male,20‐29,never,neutral
R1143,F083,3,1,high,Asian American,male,20‐29,never,neutral
R1143,F115,3,1,low,Black,male,20‐29,never,neutral
R1144,F010,2,1,low,Asian American,female,under 20,5+ days per week,somewhat interested
R1144,F012,2,0,high,Latina,female,under 20,5+ days per week,somewhat interested
R1144,F036,3,1,high,White,female,under 20,5+ days per week,somewhat interested
R1144,F058,4,1,high,Black,female,under 20,5+ days per week,somewhat interested
R1144,F084,4,0,high,White,female,under 20,5+ days per week,somewhat interested
R1144,F097,2,0,low,Asian American,female,under 20,5+ days per week,somewhat interested
R1144,F104,2,1,low,Latina,female,under 20,5+ days per week,somewhat interested
R1144,F115,3,0,low,Black,female,under 20,5+ days per week,somewhat interested
R1145,F002,4,1,high,Latina,female,20‐29,5+ days per week,very interested
R1145,F007,5,1,low,Black,female,20‐29,5+ days per week,very interested
R1145,F021,4,0,low,Latina,female,20‐29,5+ days per week,very interested
R1145,F086,4,0,high,Black,female,20‐29,5+ days per week,very interested
R1145,F087,4,0,high,Asian American,female,20‐29,5+ days per week,very interested
R1145,F107,4,0,low,White,female,20‐29,5+ days per week,very interested
R1145,F110,5,1,high,Asian American,female,20‐29,5+ days per week,very interested
R1145,F112,3,1,low,White,female,20‐29,5+ days per week,very interested
R1146,F031,2,1,high,Black,male,20‐29,never,not very interested
R1146,F054,2,0,low,Black,male,20‐29,never,not very interested
R1146,F059,2,1,low,Latina,male,20‐29,never,not very interested
R1146,F060,2,0,low,Asian American,male,20‐29,never,not very interested
R1146,F089,2,0,high,Latina,male,20‐29,never,not very interested
R1146,F097,2,1,low,Asian American,male,20‐29,never,not very interested
R1146,F111,4,1,high,White,male,20‐29,never,not very interested
R1146,F111,3,0,high,White,male,20‐29,never,not very interested
R1147,F001,2,1,high,Asian American,female,20‐29,about once per week,somewhat interested
R1147,F044,2,1,low,White,female,20‐29,about once per week,somewhat interested
R1147,F051,2,0,high,Asian American,female,20‐29,about once per week,somewhat interested
R1147,F054,2,1,low,Black,female,20‐29,about once per week,somewhat interested
R1147,F055,2,0,low,Latina,female,20‐29,about once per week,somewhat interested
R1147,F075,4,1,high,Latina,female,20‐29,about once per week,somewhat interested
R1147,F076,2,0,high,Black,female,20‐29,about once per week,somewhat interested
R1147,F096,3,0,low,White,female,20‐29,about once per week,somewhat interested
R1148,F027,3,1,high,Asian American,female,20‐29,5+ days per week,very interested
R1148,F053,4,1,low,Latina,female,20‐29,5+ days per week,very interested
R1148,F059,4,0,low,Latina,female,20‐29,5+ days per week,very interested
R1148,F063,3,1,high,Black,female,20‐29,5+ days per week,very interested
R1148,F077,2,0,high,Black,female,20‐29,5+ days per week,very interested
R1148,F097,1,0,low,Asian American,female,20‐29,5+ days per week,very interested
R1148,F099,3,1,low,White,female,20‐29,5+ days per week,very interested
R1148,F111,4,0,high,White,female,20‐29,5+ days per week,very interested
R1149,F017,2,0,high,Latina,male,20‐29,never,not very interested
R1149,F018,2,0,low,Asian American,male,20‐29,never,not very interested
R1149,F021,2,1,low,Latina,male,20‐29,never,not very interested
R1149,F022,2,1,high,Black,male,20‐29,never,not very interested
R1149,F047,2,1,high,White,male,20‐29,never,not very interested
R1149,F057,2,1,low,Asian American,male,20‐29,never,not very interested
R1149,F065,4,0,high,White,male,20‐29,never,not very interested
R1149,F091,4,0,low,Black,male,20‐29,never,not very interested
R1150,F001,4,0,high,Asian American,female,20‐29,2-4 days per week,very interested
R1150,F009,2,1,low,White,female,20‐29,2-4 days per week,very interested
R1150,F025,5,1,high,Latina,female,20‐29,2-4 days per week,very interested
R1150,F048,1,1,low,Black,female,20‐29,2-4 days per week,very interested
R1150,F059,4,0,low,Latina,female,20‐29,2-4 days per week,very interested
R1150,F087,1,1,high,Asian American,female,20‐29,2-4 days per week,very interested
R1150,F109,4,0,high,Black,female,20‐29,2-4 days per week,very interested
R1150,F112,3,0,low,White,female,20‐29,2-4 days per week,very interested
R1151,F038,3,0,low,Latina,female,20‐29,5+ days per week,somewhat interested
R1151,F042,3,0,high,White,female,20‐29,5+ days per week,somewhat interested
R1151,F055,5,1,low,Latina,female,20‐29,5+ days per week,somewhat interested
R1151,F058,4,0,high,Black,female,20‐29,5+ days per week,somewhat interested
R1151,F095,2,0,low,Asian American,female,20‐29,5+ days per week,somewhat interested
R1151,F096,4,1,low,White,female,20‐29,5+ days per week,somewhat interested
R1151,F101,4,1,high,Black,female,20‐29,5+ days per week,somewhat interested
R1151,F110,2,1,high,Asian American,female,20‐29,5+ days per week,somewhat interested
R1152,F010,2,1,low,Asian American,male,20‐29,1-3 days per month,somewhat interested
R1152,F017,2,1,high,Latina,male,20‐29,1-3 days per month,somewhat interested
R1152,F025,3,0,high,Latina,male,20‐29,1-3 days per month,somewhat interested
R1152,F041,3,1,high,White,male,20‐29,1-3 days per month,somewhat interested
R1152,F043,2,1,low,Black,male,20‐29,1-3 days per month,somewhat interested
R1152,F083,2,0,high,Asian American,male,20‐29,1-3 days per month,somewhat interested
R1152,F096,2,0,low,White,male,20‐29,1-3 days per month,somewhat interested
R1152,F106,2,0,low,Black,male,20‐29,1-3 days per month,somewhat interested
R1153,F022,2,1,high,Black,male,20‐29,a few times per year,somewhat interested
R1153,F033,2,0,high,Black,male,20‐29,a few times per year,somewhat interested
R1153,F051,2,1,high,Asian American,male,20‐29,a few times per year,somewhat interested
R1153,F060,2,0,low,Asian American,male,20‐29,a few times per year,somewhat interested
R1153,F071,2,0,high,White,male,20‐29,a few times per year,somewhat interested
R1153,F072,2,0,low,Latina,male,20‐29,a few times per year,somewhat interested
R1153,F079,3,1,low,White,male,20‐29,a few times per year,somewhat interested
R1153,F104,2,1,low,Latina,male,20‐29,a few times per year,somewhat interested
R1154,F001,4,1,high,Asian American,male,20‐29,2-4 days per week,somewhat interested
R1154,F001,2,0,high,Asian American,male,20‐29,2-4 days per week,somewhat interested
R1154,F053,3,0,low,Latina,male,20‐29,2-4 days per week,somewhat interested
R1154,F069,1,1,low,Black,male,20‐29,2-4 days per week,somewhat interested
R1154,F092,4,1,high,Latina,male,20‐29,2-4 days per week,somewhat interested
R1154,F096,3,1,low,White,male,20‐29,2-4 days per week,somewhat interested
R1154,F099,4,0,low,White,male,20‐29,2-4 days per week,somewhat interested
R1154,F101,5,0,high,Black,male,20‐29,2-4 days per week,somewhat interested
R1155,F003,2,1,low,White,male,20‐29,never,not very interested
R1155,F004,2,0,low,White,male,20‐29,never,not very interested
R1155,F006,2,0,high,Asian American,male,20‐29,never,not very interested
R1155,F017,2,1,high,Latina,male,20‐29,never,not very interested
R1155,F061,2,0,low,Latina,male,20‐29,never,not very interested
R1155,F063,2,0,high,Black,male,20‐29,never,not very interested
R1155,F067,2,1,high,Asian American,male,20‐29,never,not very interested
R1155,F102,2,1,low,Black,male,20‐29,never,not very interested
R1156,F032,4,0,high,Latina,male,20‐29,never,not very interested
R1156,F037,3,1,high,Black,male,20‐29,never,not very interested
R1156,F048,2,0,low,Black,male,20‐29,never,not very interested
R1156,F055,3,1,low,Latina,male,20‐29,never,not very interested
R1156,F068,5,1,high,White,male,20‐29,never,not very interested
R1156,F080,4,0,high,White,male,20‐29,never,not very interested
R1156,F105,3,1,low,Asian American,male,20‐29,never,not very interested
R1156,F105,3,0,low,Asian American,male,20‐29,never,not very interested
R1157,F031,6,0,high,Black,female,20‐29,2-4 days per week,somewhat interested
R1157,F032,6,1,high,Latina,female,20‐29,2-4 days per week,somewhat interested
R1157,F034,6,0,high,Asian American,female,20‐29,2-4 days per week,somewhat interested
R1157,F039,6,1,low,White,female,20‐29,2-4 days per week,somewhat interested
R1157,F044,6,0,low,White,female,20‐29,2-4 days per week,somewhat interested
R1157,F050,6,1,low,Black,female,20‐29,2-4 days per week,somewhat interested
R1157,F051,6,1,high,Asian American,female,20‐29,2-4 days per week,somewhat interested
R1157,F103,6,0,low,Latina,female,20‐29,2-4 days per week,somewhat interested
R1158,F021,1,0,low,Latina,male,20‐29,never,not at all interested
R1158,F037,1,0,high,Black,male,20‐29,never,not at all interested
R1158,F071,1,0,high,White,male,20‐29,never,not at all interested
R1158,F072,1,1,low,Latina,male,20‐29,never,not at all interested
R1158,F085,1,1,low,White,male,20‐29,never,not at all interested
R1158,F097,1,0,low,Asian American,male,20‐29,never,not at all interested
R1158,F098,1,1,high,Black,male,20‐29,never,not at all interested
R1158,F110,1,1,high,Asian American,male,20‐29,never,not at all interested
R1159,F002,2,1,high,Latina,female,under 20,5+ days per week,somewhat interested
R1159,F002,2,0,high,Latina,female,under 20,5+ days per week,somewhat interested
R1159,F026,4,1,high,White,female,under 20,5+ days per week,somewhat interested
R1159,F039,5,0,low,White,female,under 20,5+ days per week,somewhat interested
R1159,F054,1,1,low,Black,female,under 20,5+ days per week,somewhat interested
R1159,F083,4,0,high,Asian American,female,under 20,5+ days per week,somewhat interested
R1159,F106,4,0,low,Black,female,under 20,5+ days per week,somewhat interested
R1159,F116,3,1,low,Asian American,female,under 20,5+ days per week,somewhat interested
R1160,F002,2,0,high,Latina,male,20‐29,never,not at all interested
R1160,F016,4,1,high,White,male,20‐29,never,not at all interested
R1160,F038,4,1,low,Latina,male,20‐29,never,not at all interested
R1160,F060,1,0,low,Asian American,male,20‐29,never,not at all interested
R1160,F094,5,0,high,White,male,20‐29,never,not at all interested
R1160,F100,2,1,high,Black,male,20‐29,never,not at all interested
R1160,F106,3,0,low,Black,male,20‐29,never,not at all interested
R1160,F116,4,1,low,Asian American,male,20‐29,never,not at all interested
R1161,F006,3,0,high,Asian American,female,50‐59,about once per week,somewhat interested
R1161,F012,3,0,high,Latina,female,50‐59,about once per week,somewhat interested
R1161,F019,4,0,low,White,female,50‐59,about once per week,somewhat interested
R1161,F030,3,1,high,Latina,female,50‐59,about once per week,somewhat interested
R1161,F065,3,1,high,White,female,50‐59,about once per week,somewhat interested
R1161,F069,1,1,low,Black,female,50‐59,about once per week,somewhat interested
R1161,F106,2,0,low,Black,female,50‐59,about once per week,somewhat interested
R1161,F116,2,1,low,Asian American,female,50‐59,about once per week,somewhat interested
R1162,F020,1,0,low,White,male,50‐59,never,not at all interested
R1162,F027,1,1,high,Asian American,male,50‐59,never,not at all interested
R1162,F044,1,1,low,White,male,50‐59,never,not at all interested
R1162,F048,1,1,low,Black,male,50‐59,never,not at all interested
R1162,F051,1,0,high,Asian American,male,50‐59,never,not at all interested
R1162,F078,4,0,low,Latina,male,50‐59,never,not at all interested
R1162,F092,2,1,high,Latina,male,50‐59,never,not at all interested
R1162,F109,2,0,high,Black,male,50‐59,never,not at all interested
R1163,F017,2,0,high,Latina,male,50‐59,never,not very interested
R1163,F031,2,1,high,Black,male,50‐59,never,not very interested
R1163,F047,2,0,high,White,male,50‐59,never,not very interested
R1163,F053,3,1,low,Latina,male,50‐59,never,not very interested
R1163,F090,1,0,low,Asian American,male,50‐59,never,not very interested
R1163,F097,2,1,low,Asian American,male,50‐59,never,not very interested
R1163,F102,1,0,low,Black,male,50‐59,never,not very interested
R1163,F111,4,1,high,White,male,50‐59,never,not very interested
R1164,F017,3,1,high,Latina,male,50‐59,never,not at all interested
R1164,F030,2,0,high,Latina,male,50‐59,never,not at all interested
R1164,F041,3,1,high,White,male,50‐59,never,not at all interested
R1164,F046,2,0,low,Black,male,50‐59,never,not at all interested
R1164,F090,2,1,low,Asian American,male,50‐59,never,not at all interested
R1164,F096,2,0,low,White,male,50‐59,never,not at all interested
R1164,F102,2,1,low,Black,male,50‐59,never,not at all interested
R1164,F110,2,0,high,Asian American,male,50‐59,never,not at all interested
R1165,F008,3,0,high,White,male,40‐49,never,not very interested
R1165,F010,2,0,low,Asian American,male,40‐49,never,not very interested
R1165,F023,2,1,high,Black,male,40‐49,never,not very interested
R1165,F034,3,1,high,Asian American,male,40‐49,never,not very interested
R1165,F053,2,0,low,Latina,male,40‐49,never,not very interested
R1165,F053,2,1,low,Latina,male,40‐49,never,not very interested
R1165,F058,3,0,high,Black,male,40‐49,never,not very interested
R1165,F073,2,1,low,White,male,40‐49,never,not very interested
R1166,F004,2,1,low,White,male,40‐49,a few times per year,not very interested
R1166,F005,2,0,high,White,male,40‐49,a few times per year,not very interested
R1166,F021,4,0,low,Latina,male,40‐49,a few times per year,not very interested
R1166,F055,1,1,low,Latina,male,40‐49,a few times per year,not very interested
R1166,F063,2,0,high,Black,male,40‐49,a few times per year,not very interested
R1166,F067,2,1,high,Asian American,male,40‐49,a few times per year,not very interested
R1166,F086,1,1,high,Black,male,40‐49,a few times per year,not very interested
R1166,F090,4,0,low,Asian American,male,40‐49,a few times per year,not very interested
R1167,F009,3,0,low,White,male,50‐59,never,neutral
R1167,F015,2,0,low,Black,male,50‐59,never,neutral
R1167,F034,2,0,high,Asian American,male,50‐59,never,neutral
R1167,F050,2,1,low,Black,male,50‐59,never,neutral
R1167,F056,3,0,high,Latina,male,50‐59,never,neutral
R1167,F092,4,1,high,Latina,male,50‐59,never,neutral
R1167,F094,4,1,high,White,male,50‐59,never,neutral
R1167,F105,3,1,low,Asian American,male,50‐59,never,neutral
R1168,F026,4,1,high,White,female,20‐29,5+ days per week,very interested
R1168,F048,1,0,low,Black,female,20‐29,5+ days per week,very interested
R1168,F060,1,1,low,Asian American,female,20‐29,5+ days per week,very interested
R1168,F074,3,0,high,Latina,female,20‐29,5+ days per week,very interested
R1168,F077,2,1,high,Black,female,20‐29,5+ days per week,very interested
R1168,F078,4,1,low,Latina,female,20‐29,5+ days per week,very interested
R1168,F095,2,0,low,Asian American,female,20‐29,5+ days per week,very interested
R1168,F111,2,0,high,White,female,20‐29,5+ days per week,very interested
R1169,F014,5,1,low,White,male,50‐59,never,not very interested
R1169,F024,4,1,low,Black,male,50‐59,never,not very interested
R1169,F055,4,0,low,Latina,male,50‐59,never,not very interested
R1169,F058,4,0,high,Black,male,50‐59,never,not very interested
R1169,F073,4,0,low,White,male,50‐59,never,not very interested
R1169,F074,4,1,high,Latina,male,50‐59,never,not very interested
R1169,F087,4,0,high,Asian American,male,50‐59,never,not very interested
R1169,F110,4,1,high,Asian American,male,50‐59,never,not very interested
R1170,F014,5,1,low,White,male,50‐59,never,not very interested
R1170,F022,3,1,high,Black,male,50‐59,never,not very interested
R1170,F033,4,0,high,Black,male,50‐59,never,not very interested
R1170,F057,3,0,low,Asian American,male,50‐59,never,not very interested
R1170,F059,4,1,low,Latina,male,50‐59,never,not very interested
R1170,F065,4,0,high,White,male,50‐59,never,not very interested
R1170,F078,4,0,low,Latina,male,50‐59,never,not very interested
R1170,F083,4,1,high,Asian American,male,50‐59,never,not very interested
R1171,F025,2,1,high,Latina,female,40‐49,5+ days per week,somewhat interested
R1171,F027,4,0,high,Asian American,female,40‐49,5+ days per week,somewhat interested
R1171,F034,2,1,high,Asian American,female,40‐49,5+ days per week,somewhat interested
R1171,F040,3,1,low,Black,female,40‐49,5+ days per week,somewhat interested
R1171,F063,3,0,high,Black,female,40‐49,5+ days per week,somewhat interested
R1171,F104,2,0,low,Latina,female,40‐49,5+ days per week,somewhat interested
R1171,F107,4,1,low,White,female,40‐49,5+ days per week,somewhat interested
R1171,F108,4,0,low,White,female,40‐49,5+ days per week,somewhat interested
R1172,F008,2,1,high,White,female,40‐49,2-4 days per week,neutral
R1172,F018,5,1,low,Asian American,female,40‐49,2-4 days per week,neutral
R1172,F025,3,1,high,Latina,female,40‐49,2-4 days per week,neutral
R1172,F051,1,0,high,Asian American,female,40‐49,2-4 days per week,neutral
R1172,F054,1,0,low,Black,female,40‐49,2-4 days per week,neutral
R1172,F075,5,0,high,Latina,female,40‐49,2-4 days per week,neutral
R1172,F088,2,1,low,Black,female,40‐49,2-4 days per week,neutral
R1172,F108,4,0,low,White,female,40‐49,2-4 days per week,neutral
R1173,F001,2,0,high,Asian American,male,40‐49,never,somewhat interested
R1173,F002,2,1,high,Latina,male,40‐49,never,somewhat interested
R1173,F006,3,1,high,Asian American,male,40‐49,never,somewhat interested
R1173,F029,3,1,low,White,male,40‐49,never,somewhat interested
R1173,F037,3,0,high,Black,male,40‐49,never,somewhat interested
R1173,F043,2,1,low,Black,male,40‐49,never,somewhat interested
R1173,F053,4,0,low,Latina,male,40‐49,never,somewhat interested
R1173,F096,4,0,low,White,male,40‐49,never,somewhat interested
R1174,F001,3,1,high,Asian American,male,50‐59,never,not at all interested
R1174,F011,2,0,low,Latina,male,50‐59,never,not at all interested
R1174,F016,2,0,high,White,male,50‐59,never,not at all interested
R1174,F044,2,1,low,White,male,50‐59,never,not at all interested
R1174,F082,3,0,high,Black,male,50‐59,never,not at all interested
R1174,F097,2,0,low,Asian American,male,50‐59,never,not at all interested
R1174,F104,3,1,low,Latina,male,50‐59,never,not at all interested
R1174,F113,2,1,high,Black,male,50‐59,never,not at all interested
R1175,F005,4,1,high,White,female,40‐49,5+ days per week,very interested
R1175,F013,3,0,low,Black,female,40‐49,5+ days per week,very interested
R1175,F038,4,1,low,Latina,female,40‐49,5+ days per week,very interested
R1175,F045,4,0,high,White,female,40‐49,5+ days per week,very interested
R1175,F056,3,0,high,Latina,female,40‐49,5+ days per week,very interested
R1175,F057,2,1,low,Asian American,female,40‐49,5+ days per week,very interested
R1175,F066,2,1,high,Black,female,40‐49,5+ days per week,very interested
R1175,F116,3,0,low,Asian American,female,40‐49,5+ days per week,very interested
R1176,F026,5,0,high,White,male,40‐49,never,somewhat interested
R1176,F027,1,1,high,Asian American,male,40‐49,never,somewhat interested
R1176,F038,4,1,low,Latina,male,40‐49,never,somewhat interested
R1176,F049,1,1,high,Black,male,40‐49,never,somewhat interested
R1176,F060,1,0,low,Asian American,male,40‐49,never,somewhat interested
R1176,F093,3,1,low,White,male,40‐49,never,somewhat interested
R1176,F101,6,0,high,Black,male,40‐49,never,somewhat interested
R1176,F103,5,0,low,Latina,male,40‐49,never,somewhat interested
R1177,F001,4,1,high,Asian American,male,50‐59,never,not very interested
R1177,F012,4,1,high,Latina,male,50‐59,never,not very interested
R1177,F034,4,0,high,Asian American,male,50‐59,never,not very interested
R1177,F038,4,0,low,Latina,male,50‐59,never,not very interested
R1177,F077,3,0,high,Black,male,50‐59,never,not very interested
R1177,F079,5,1,low,White,male,50‐59,never,not very interested
R1177,F106,3,1,low,Black,male,50‐59,never,not very interested
R1177,F112,3,0,low,White,male,50‐59,never,not very interested
R1178,F002,1,0,high,Latina,male,50‐59,never,neutral
R1178,F027,1,0,high,Asian American,male,50‐59,never,neutral
R1178,F057,1,1,low,Asian American,male,50‐59,never,neutral
R1178,F069,1,0,low,Black,male,50‐59,never,neutral
R1178,F079,1,0,low,White,male,50‐59,never,neutral
R1178,F089,2,1,high,Latina,male,50‐59,never,neutral
R1178,F111,2,1,high,White,male,50‐59,never,neutral
R1178,F115,1,1,low,Black,male,50‐59,never,neutral
R1179,F002,2,1,high,Latina,female,40‐49,5+ days per week,very interested
R1179,F035,3,0,low,White,female,40‐49,5+ days per week,very interested
R1179,F046,5,1,low,Black,female,40‐49,5+ days per week,very interested
R1179,F047,5,1,high,White,female,40‐49,5+ days per week,very interested
R1179,F074,4,0,high,Latina,female,40‐49,5+ days per week,very interested
R1179,F087,4,0,high,Asian American,female,40‐49,5+ days per week,very interested
R1179,F088,4,0,low,Black,female,40‐49,5+ days per week,very interested
R1179,F095,2,1,low,Asian American,female,40‐49,5+ days per week,very interested
R1180,F044,2,0,low,White,male,50‐59,never,not at all interested
R1180,F072,2,0,low,Latina,male,50‐59,never,not at all interested
R1180,F075,2,1,high,Latina,male,50‐59,never,not at all interested
R1180,F087,2,1,high,Asian American,male,50‐59,never,not at all interested
R1180,F101,2,0,high,Black,male,50‐59,never,not at all interested
R1180,F108,2,1,low,White,male,50‐59,never,not at all interested
R1180,F110,2,0,high,Asian American,male,50‐59,never,not at all interested
R1180,F115,3,1,low,Black,male,50‐59,never,not at all interested
R1181,F013,1,0,low,Black,male,50‐59,never,not at all interested
R1181,F020,1,0,low,White,male,50‐59,never,not at all interested
R1181,F024,3,1,low,Black,male,50‐59,never,not at all interested
R1181,F032,1,0,high,Latina,male,50‐59,never,not at all interested
R1181,F036,4,1,high,White,male,50‐59,never,not at all interested
R1181,F075,3,1,high,Latina,male,50‐59,never,not at all interested
R1181,F083,2,0,high,Asian American,male,50‐59,never,not at all interested
R1181,F097,4,1,low,Asian American,male,50‐59,never,not at all interested
R1182,F003,3,0,low,White,female,50‐59,2-4 days per week,somewhat interested
R1182,F013,3,1,low,Black,female,50‐59,2-4 days per week,somewhat interested
R1182,F020,4,1,low,White,female,50‐59,2-4 days per week,somewhat interested
R1182,F032,3,1,high,Latina,female,50‐59,2-4 days per week,somewhat interested
R1182,F059,5,0,low,Latina,female,50‐59,2-4 days per week,somewhat interested
R1182,F067,4,1,high,Asian American,female,50‐59,2-4 days per week,somewhat interested
R1182,F076,2,0,high,Black,female,50‐59,2-4 days per week,somewhat interested
R1182,F083,2,0,high,Asian American,female,50‐59,2-4 days per week,somewhat interested
R1183,F017,3,0,high,Latina,male,50‐59,never,neutral
R1183,F042,3,1,high,White,male,50‐59,never,neutral
R1183,F048,3,1,low,Black,male,50‐59,never,neutral
R1183,F056,4,1,high,Latina,male,50‐59,never,neutral
R1183,F060,2,1,low,Asian American,male,50‐59,never,neutral
R1183,F067,4,0,high,Asian American,male,50‐59,never,neutral
R1183,F085,3,0,low,White,male,50‐59,never,neutral
R1183,F091,3,0,low,Black,male,50‐59,never,neutral
R1184,F019,4,1,low,White,male,50‐59,never,not very interested
R1184,F022,3,0,high,Black,male,50‐59,never,not very interested
R1184,F072,4,1,low,Latina,male,50‐59,never,not very interested
R1184,F094,5,0,high,White,male,50‐59,never,not very interested
R1184,F098,4,1,high,Black,male,50‐59,never,not very interested
R1184,F104,3,0,low,Latina,male,50‐59,never,not very interested
R1184,F105,4,0,low,Asian American,male,50‐59,never,not very interested
R1184,F110,2,1,high,Asian American,male,50‐59,never,not very interested
R1185,F028,4,1,high,White,female,40‐49,5+ days per week,very interested
R1185,F032,4,1,high,Latina,female,40‐49,5+ days per week,very interested
R1185,F043,4,1,low,Black,female,40‐49,5+ days per week,very interested
R1185,F050,3,0,low,Black,female,40‐49,5+ days per week,very interested
R1185,F067,5,0,high,Asian American,female,40‐49,5+ days per week,very interested
R1185,F092,3,0,high,Latina,female,40‐49,5+ days per week,very interested
R1185,F093,4,0,low,White,female,40‐49,5+ days per week,very interested
R1185,F105,3,1,low,Asian American,female,40‐49,5+ days per week,very interested
R1186,F027,1,1,high,Asian American,female,20‐29,5+ days per week,very interested
R1186,F031,5,0,high,Black,female,20‐29,5+ days per week,very interested
R1186,F038,1,0,low,Latina,female,20‐29,5+ days per week,very interested
R1186,F057,1,0,low,Asian American,female,20‐29,5+ days per week,very interested
R1186,F061,4,1,low,Latina,female,20‐29,5+ days per week,very interested
R1186,F077,1,1,high,Black,female,20‐29,5+ days per week,very interested
R1186,F084,5,0,high,White,female,20‐29,5+ days per week,very interested
R1186,F096,1,1,low,White,female,20‐29,5+ days per week,very interested
R1187,F011,4,1,low,Latina,female,40‐49,5+ days per week,very interested
R1187,F028,4,0,high,White,female,40‐49,5+ days per week,very interested
R1187,F033,5,1,high,Black,female,40‐49,5+ days per week,very interested
R1187,F057,3,1,low,Asian American,female,40‐49,5+ days per week,very interested
R1187,F071,3,1,high,White,female,40‐49,5+ days per week,very interested
R1187,F092,5,0,high,Latina,female,40‐49,5+ days per week,very interested
R1187,F114,2,0,low,Black,female,40‐49,5+ days per week,very interested
R1187,F116,2,0,low,Asian American,female,40‐49,5+ days per week,very interested
R1188,F027,3,1,high,Asian American,male,40‐49,never,not at all interested
R1188,F034,1,0,high,Asian American,male,40‐49,never,not at all interested
R1188,F049,6,0,high,Black,male,40‐49,never,not at all interested
R1188,F056,1,1,high,Latina,male,40‐49,never,not at all interested
R1188,F079,1,0,low,White,male,40‐49,never,not at all interested
R1188,F093,4,1,low,White,male,40‐49,never,not at all interested
R1188,F103,1,0,low,Latina,male,40‐49,never,not at all interested
R1188,F114,5,1,low,Black,male,40‐49,never,not at all interested
R1189,F002,2,0,high,Latina,male,40‐49,never,somewhat interested
R1189,F023,3,1,high,Black,male,40‐49,never,somewhat interested
R1189,F041,3,0,high,White,male,40‐49,never,somewhat interested
R1189,F061,2,1,low,Latina,male,40‐49,never,somewhat interested
R1189,F064,3,1,high,White,male,40‐49,never,somewhat interested
R1189,F097,3,0,low,Asian American,male,40‐49,never,somewhat interested
R1189,F105,3,1,low,Asian American,male,40‐49,never,somewhat interested
R1189,F106,4,0,low,Black,male,40‐49,never,somewhat interested
R1190,F004,2,1,low,White,male,60‐69,never,not very interested
R1190,F021,2,0,low,Latina,male,60‐69,never,not very interested
R1190,F023,2,0,high,Black,male,60‐69,never,not very interested
R1190,F029,2,0,low,White,male,60‐69,never,not very interested
R1190,F030,2,1,high,Latina,male,60‐69,never,not very interested
R1190,F034,2,1,high,Asian American,male,60‐69,never,not very interested
R1190,F083,2,0,high,Asian American,male,60‐69,never,not very interested
R1190,F088,2,1,low,Black,male,60‐69,never,not very interested
R1191,F009,2,1,low,White,male,20‐29,never,not very interested
R1191,F034,2,1,high,Asian American,male,20‐29,never,not very interested
R1191,F037,3,1,high,Black,male,20‐29,never,not very interested
R1191,F072,2,0,low,Latina,male,20‐29,never,not very interested
R1191,F076,2,0,high,Black,male,20‐29,never,not very interested
R1191,F078,3,1,low,Latina,male,20‐29,never,not very interested
R1191,F095,2,0,low,Asian American,male,20‐29,never,not very interested
R1191,F111,3,0,high,White,male,20‐29,never,not very interested
R1192,F001,2,0,high,Asian American,male,20‐29,a few times per year,somewhat interested
R1192,F002,2,0,high,Latina,male,20‐29,a few times per year,somewhat interested
R1192,F003,4,0,low,White,male,20‐29,a few times per year,somewhat interested
R1192,F012,4,1,high,Latina,male,20‐29,a few times per year,somewhat interested
R1192,F015,4,1,low,Black,male,20‐29,a few times per year,somewhat interested
R1192,F016,4,1,high,White,male,20‐29,a few times per year,somewhat interested
R1192,F043,4,0,low,Black,male,20‐29,a few times per year,somewhat interested
R1192,F095,3,1,low,Asian American,male,20‐29,a few times per year,somewhat interested
R1193,F019,5,1,low,White,male,50‐59,never,not at all interested
R1193,F051,3,0,high,Asian American,male,50‐59,never,not at all interested
R1193,F054,2,1,low,Black,male,50‐59,never,not at all interested
R1193,F083,4,1,high,Asian American,male,50‐59,never,not at all interested
R1193,F086,5,0,high,Black,male,50‐59,never,not at all interested
R1193,F092,4,1,high,Latina,male,50‐59,never,not at all interested
R1193,F104,4,0,low,Latina,male,50‐59,never,not at all interested
R1193,F107,3,0,low,White,male,50‐59,never,not at all interested
R1194,F038,3,1,low,Latina,male,50‐59,never,not very interested
R1194,F046,2,0,low,Black,male,50‐59,never,not very interested
R1194,F047,5,1,high,White,male,50‐59,never,not very interested
R1194,F075,4,0,high,Latina,male,50‐59,never,not very interested
R1194,F080,6,0,high,White,male,50‐59,never,not very interested
R1194,F090,2,1,low,Asian American,male,50‐59,never,not very interested
R1194,F090,2,0,low,Asian American,male,50‐59,never,not very interested
R1194,F098,3,1,high,Black,male,50‐59,never,not very interested
R1195,F003,2,1,low,White,male,50‐59,never,not very interested
R1195,F010,2,0,low,Asian American,male,50‐59,never,not very interested
R1195,F031,4,1,high,Black,male,50‐59,never,not very interested
R1195,F053,3,0,low,Latina,male,50‐59,never,not very interested
R1195,F053,4,1,low,Latina,male,50‐59,never,not very interested
R1195,F068,4,0,high,White,male,50‐59,never,not very interested
R1195,F083,4,1,high,Asian American,male,50‐59,never,not very interested
R1195,F109,3,0,high,Black,male,50‐59,never,not very interested
R1196,F017,2,1,high,Latina,male,50‐59,never,not very interested
R1196,F018,2,1,low,Asian American,male,50‐59,never,not very interested
R1196,F024,3,0,low,Black,male,50‐59,never,not very interested
R1196,F027,2,0,high,Asian American,male,50‐59,never,not very interested
R1196,F029,2,0,low,White,male,50‐59,never,not very interested
R1196,F032,2,0,high,Latina,male,50‐59,never,not very interested
R1196,F054,1,1,low,Black,male,50‐59,never,not very interested
R1196,F064,3,1,high,White,male,50‐59,never,not very interested
R1197,F006,1,1,high,Asian American,female,50‐59,5+ days per week,very interested
R1197,F007,4,1,low,Black,female,50‐59,5+ days per week,very interested
R1197,F025,4,1,high,Latina,female,50‐59,5+ days per week,very interested
R1197,F027,1,0,high,Asian American,female,50‐59,5+ days per week,very interested
R1197,F031,4,0,high,Black,female,50‐59,5+ days per week,very interested
R1197,F035,4,1,low,White,female,50‐59,5+ days per week,very interested
R1197,F035,4,0,low,White,female,50‐59,5+ days per week,very interested
R1197,F053,2,0,low,Latina,female,50‐59,5+ days per week,very interested